time,latency_ms
19:58:03.058,0.06
19:58:03.068,0.13
19:58:03.079,0.08
19:58:03.089,0.06
19:58:03.099,0.11
19:58:03.110,0.07
19:58:03.120,0.08
19:58:03.131,0.08
19:58:03.141,0.08
19:58:03.152,0.04
19:58:03.162,0.05
19:58:03.173,0.15
19:58:03.183,0.07
19:58:03.194,0.07
19:58:03.204,0.13
19:58:03.215,90.86
19:58:03.305,0.27
19:58:03.316,98.94
19:58:03.415,0.73
19:58:03.425,16.61
19:58:03.441,22.76
19:58:03.465,0.27
19:58:03.475,27.50
19:58:03.503,37.92
19:58:03.540,0.24
19:58:03.551,14.00
19:58:03.565,0.19
19:58:03.576,0.35
19:58:03.586,3.03
19:58:03.596,1.58
19:58:03.607,1.42
19:58:03.617,0.07
19:58:03.628,0.09
19:58:03.638,0.07
19:58:03.648,0.13
19:58:03.659,0.09
19:58:03.669,0.12
19:58:03.680,0.10
19:58:03.690,0.07
19:58:03.701,0.11
19:58:03.711,0.23
19:58:03.722,0.09
19:58:03.732,0.10
19:58:03.742,1.71
19:58:03.753,0.10
19:58:03.764,0.11
19:58:03.774,0.07
19:58:03.785,0.07
19:58:03.795,0.06
19:58:03.806,0.08
19:58:03.816,0.06
19:58:03.827,0.13
19:58:03.837,0.06
19:58:03.848,0.11
19:58:03.858,0.13
19:58:03.869,0.09
19:58:03.879,0.13
19:58:03.890,0.10
19:58:03.900,0.08
19:58:03.911,0.06
19:58:03.921,0.07
19:58:03.931,0.10
19:58:03.942,3.69
19:58:03.952,0.06
19:58:03.962,0.07
19:58:03.973,0.08
19:58:03.983,0.08
19:58:03.994,0.05
19:58:04.004,0.08
19:58:04.014,0.05
19:58:04.025,0.05
19:58:04.035,0.08
19:58:04.046,0.06
19:58:04.056,0.08
19:58:04.067,0.07
19:58:04.077,0.10
19:58:04.088,0.09
19:58:04.098,0.10
19:58:04.108,0.06
19:58:04.119,0.07
19:58:04.129,0.11
19:58:04.139,0.08
19:58:04.150,1.20
19:58:04.160,0.05
19:58:04.171,0.05
19:58:04.181,0.08
19:58:04.192,0.09
19:58:04.202,0.82
19:58:04.212,2.90
19:58:04.223,0.05
19:58:04.233,0.09
19:58:04.244,0.74
19:58:04.254,0.06
19:58:04.264,0.62
19:58:04.275,1.10
19:58:04.285,0.08
19:58:04.295,0.08
19:58:04.306,6.28
19:58:04.316,4.30
19:58:04.326,0.04
19:58:04.337,0.08
19:58:04.347,0.05
19:58:04.357,0.11
19:58:04.368,0.07
19:58:04.378,1.25
19:58:04.388,0.06
19:58:04.399,0.10
19:58:04.410,0.41
19:58:04.420,0.18
19:58:04.430,0.07
19:58:04.441,0.47
19:58:04.451,0.72
19:58:04.461,3.60
19:58:04.472,7.38
19:58:04.482,2.14
19:58:04.493,5.45
19:58:04.503,0.78
19:58:04.514,0.07
19:58:04.524,2.90
19:58:04.534,0.51
19:58:04.545,0.07
19:58:04.555,4.82
19:58:04.566,0.06
19:58:04.576,0.10
19:58:04.587,1.42
19:58:04.597,0.44
19:58:04.607,0.06
19:58:04.618,0.12
19:58:04.628,0.82
19:58:04.638,0.04
19:58:04.648,0.05
19:58:04.659,1.12
19:58:04.669,0.11
19:58:04.680,6.08
19:58:04.690,4.32
19:58:04.700,2.47
19:58:04.711,0.06
19:58:04.721,1.17
19:58:04.732,2.47
19:58:04.743,0.08
19:58:04.753,0.77
19:58:04.763,1.83
19:58:04.774,0.07
19:58:04.784,0.40
19:58:04.795,0.40
19:58:04.806,0.08
19:58:04.816,0.23
19:58:04.827,0.06
19:58:04.837,0.73
19:58:04.847,0.27
19:58:04.858,0.08
19:58:04.868,0.92
19:58:04.878,0.46
19:58:04.889,0.10
19:58:04.899,0.08
19:58:04.909,0.06
19:58:04.920,0.15
19:58:04.930,0.09
19:58:04.941,3.52
19:58:04.951,0.15
19:58:04.962,0.08
19:58:04.972,0.64
19:58:04.983,0.28
19:58:04.993,0.05
19:58:05.003,0.29
19:58:05.014,0.04
19:58:05.024,0.07
19:58:05.035,1.47
19:58:05.045,4.70
19:58:05.055,0.16
19:58:05.066,0.09
19:58:05.076,1.31
19:58:05.087,0.10
19:58:05.098,0.14
19:58:05.108,0.07
19:58:05.118,0.04
19:58:05.129,0.05
19:58:05.139,0.12
19:58:05.149,0.47
19:58:05.160,0.07
19:58:05.170,0.15
19:58:05.180,0.42
19:58:05.191,0.08
19:58:05.201,0.11
19:58:05.212,0.09
19:58:05.222,0.06
19:58:05.233,0.11
19:58:05.243,0.06
19:58:05.254,0.77
19:58:05.265,0.11
19:58:05.275,0.10
19:58:05.285,2.78
19:58:05.296,0.08
19:58:05.307,0.11
19:58:05.317,0.43
19:58:05.328,0.05
19:58:05.338,0.08
19:58:05.348,0.07
19:58:05.359,0.05
19:58:05.369,0.08
19:58:05.380,0.80
19:58:05.390,5.90
19:58:05.400,0.05
19:58:05.410,0.10
19:58:05.421,1.50
19:58:05.431,0.06
19:58:05.442,6.05
19:58:05.452,0.08
19:58:05.463,1.95
19:58:05.473,4.28
19:58:05.483,0.18
19:58:05.494,0.43
19:58:05.504,0.12
19:58:05.515,0.08
19:58:05.525,0.34
19:58:05.536,0.05
19:58:05.546,0.09
19:58:05.556,0.22
19:58:05.567,0.06
19:58:05.577,0.06
19:58:05.587,2.90
19:58:05.597,1.48
19:58:05.608,2.05
19:58:05.618,0.04
19:58:05.629,0.10
19:58:05.639,0.68
19:58:05.649,0.08
19:58:05.660,0.06
19:58:05.670,6.59
19:58:05.681,1.11
19:58:05.691,0.06
19:58:05.702,1.02
19:58:05.712,0.04
19:58:05.722,0.12
19:58:05.733,0.07
19:58:05.743,1.48
19:58:05.754,0.06
19:58:05.764,0.08
19:58:05.775,0.51
19:58:05.785,0.14
19:58:05.795,0.05
19:58:05.806,0.53
19:58:05.816,1.14
19:58:05.827,0.10
19:58:05.837,0.15
19:58:05.848,0.53
19:58:05.858,0.06
19:58:05.869,0.10
19:58:05.879,0.86
19:58:05.890,0.06
19:58:05.900,0.08
19:58:05.910,2.97
19:58:05.921,0.12
19:58:05.931,0.19
19:58:05.942,0.34
19:58:05.952,0.07
19:58:05.963,0.07
19:58:05.973,0.26
19:58:05.983,1.68
19:58:05.994,0.05
19:58:06.004,0.09
19:58:06.015,1.06
19:58:06.025,0.09
19:58:06.035,2.39
19:58:06.045,0.50
19:58:06.056,0.09
19:58:06.066,0.09
19:58:06.077,0.11
19:58:06.087,0.06
19:58:06.098,0.10
19:58:06.109,0.07
19:58:06.119,1.01
19:58:06.129,0.12
19:58:06.140,0.13
19:58:06.150,1.62
19:58:06.160,0.06
19:58:06.171,0.17
19:58:06.181,0.09
19:58:06.191,0.04
19:58:06.202,0.09
19:58:06.212,0.07
19:58:06.223,0.90
19:58:06.233,0.09
19:58:06.244,0.08
19:58:06.254,1.48
19:58:06.264,0.09
19:58:06.275,0.26
19:58:06.285,0.07
19:58:06.295,0.05
19:58:06.306,0.09
19:58:06.316,0.13
19:58:06.326,5.23
19:58:06.337,0.05
19:58:06.347,0.06
19:58:06.358,0.59
19:58:06.368,0.08
19:58:06.378,0.04
19:58:06.389,0.07
19:58:06.399,0.04
19:58:06.409,0.06
19:58:06.420,0.11
19:58:06.430,0.89
19:58:06.440,4.39
19:58:06.450,4.54
19:58:06.461,1.07
19:58:06.471,0.06
19:58:06.482,0.17
19:58:06.492,0.10
19:58:06.503,0.07
19:58:06.513,0.07
19:58:06.524,0.08
19:58:06.535,0.24
19:58:06.545,0.04
19:58:06.556,0.08
19:58:06.566,1.10
19:58:06.576,0.10
19:58:06.586,0.11
19:58:06.597,0.07
19:58:06.607,0.05
19:58:06.618,0.09
19:58:06.628,0.08
19:58:06.638,0.39
19:58:06.649,1.84
19:58:06.659,0.06
19:58:06.669,0.08
19:58:06.680,0.09
19:58:06.690,0.09
19:58:06.701,0.14
19:58:06.711,0.13
19:58:06.722,0.16
19:58:06.732,0.16
19:58:06.742,0.11
19:58:06.753,0.10
19:58:06.763,0.14
19:58:06.773,0.13
19:58:06.784,0.13
19:58:06.795,0.05
19:58:06.805,0.10
19:58:06.816,0.07
19:58:06.826,0.06
19:58:06.837,0.07
19:58:06.847,0.10
19:58:06.858,0.14
19:58:06.868,0.09
19:58:06.878,0.06
19:58:06.889,0.09
19:58:06.899,0.11
19:58:06.910,0.07
19:58:06.920,0.09
19:58:06.931,0.20
19:58:06.941,3.47
19:58:06.951,0.09
19:58:06.962,0.08
19:58:06.972,0.09
19:58:06.983,0.09
19:58:06.993,0.06
19:58:07.003,0.16
19:58:07.014,0.08
19:58:07.024,0.09
19:58:07.034,0.12
19:58:07.045,0.55
19:58:07.055,0.07
19:58:07.066,0.08
19:58:07.076,0.46
19:58:07.087,0.05
19:58:07.097,0.08
19:58:07.108,0.50
19:58:07.118,0.08
19:58:07.129,0.09
19:58:07.139,0.21
19:58:07.150,0.06
19:58:07.160,0.05
19:58:07.170,0.07
19:58:07.181,0.11
19:58:07.191,0.08
19:58:07.202,0.07
19:58:07.212,0.06
19:58:07.223,0.07
19:58:07.233,0.42
19:58:07.244,2.48
19:58:07.254,0.06
19:58:07.264,0.15
19:58:07.275,0.08
19:58:07.285,0.13
19:58:07.296,0.31
19:58:07.306,0.06
19:58:07.317,0.07
19:58:07.327,0.09
19:58:07.338,0.12
19:58:07.348,0.10
19:58:07.359,0.97
19:58:07.369,0.12
19:58:07.379,0.07
19:58:07.390,0.36
19:58:07.400,0.08
19:58:07.411,0.10
19:58:07.421,0.71
19:58:07.432,0.10
19:58:07.442,0.17
19:58:07.453,0.35
19:58:07.463,6.86
19:58:07.474,0.07
19:58:07.484,0.09
19:58:07.494,0.08
19:58:07.505,0.16
19:58:07.516,0.42
19:58:07.526,0.07
19:58:07.536,0.10
19:58:07.546,0.12
19:58:07.557,0.11
19:58:07.568,0.08
19:58:07.578,0.07
19:58:07.589,0.12
19:58:07.599,0.12
19:58:07.610,0.31
19:58:07.620,0.12
19:58:07.630,0.14
19:58:07.641,0.53
19:58:07.651,0.05
19:58:07.662,0.05
19:58:07.672,0.83
19:58:07.683,0.08
19:58:07.693,0.05
19:58:07.704,0.74
19:58:07.714,0.15
19:58:07.724,0.08
19:58:07.735,0.66
19:58:07.745,0.05
19:58:07.756,0.08
19:58:07.766,0.08
19:58:07.776,0.06
19:58:07.787,0.11
19:58:07.797,0.10
19:58:07.808,0.10
19:58:07.818,0.05
19:58:07.828,0.20
19:58:07.838,0.07
19:58:07.849,0.05
19:58:07.859,0.08
19:58:07.870,0.12
19:58:07.880,0.08
19:58:07.891,1.07
19:58:07.901,0.10
19:58:07.912,0.09
19:58:07.922,0.32
19:58:07.932,0.08
19:58:07.943,0.11
19:58:07.954,0.82
19:58:07.964,0.08
19:58:07.975,0.08
19:58:07.985,0.08
19:58:07.995,0.06
19:58:08.006,0.06
19:58:08.016,0.06
19:58:08.027,0.13
19:58:08.037,0.07
19:58:08.048,0.04
19:58:08.058,0.07
19:58:08.068,0.10
19:58:08.078,0.06
19:58:08.089,0.04
19:58:08.099,0.12
19:58:08.110,0.06
19:58:08.120,0.07
19:58:08.131,0.13
19:58:08.141,3.54
19:58:08.152,0.08
19:58:08.162,0.08
19:58:08.173,0.14
19:58:08.183,0.07
19:58:08.194,0.04
19:58:08.204,0.10
19:58:08.215,0.11
19:58:08.225,0.09
19:58:08.236,0.08
19:58:08.246,0.08
19:58:08.256,0.05
19:58:08.266,0.09
19:58:08.277,0.05
19:58:08.287,0.06
19:58:08.298,0.11
19:58:08.308,0.08
19:58:08.319,0.08
19:58:08.329,0.09
19:58:08.340,0.08
19:58:08.350,0.11
19:58:08.360,0.05
19:58:08.371,0.09
19:58:08.381,0.13
19:58:08.391,0.06
19:58:08.402,0.10
19:58:08.412,0.27
19:58:08.422,0.14
19:58:08.433,0.09
19:58:08.443,3.44
19:58:08.454,3.14
19:58:08.464,3.21
19:58:08.474,0.07
19:58:08.485,0.05
19:58:08.495,0.08
19:58:08.505,0.10
19:58:08.516,0.08
19:58:08.526,0.09
19:58:08.537,0.12
19:58:08.547,0.11
19:58:08.558,0.11
19:58:08.568,0.08
19:58:08.579,0.05
19:58:08.589,0.06
19:58:08.600,0.09
19:58:08.610,0.09
19:58:08.620,0.07
19:58:08.630,0.08
19:58:08.641,0.07
19:58:08.651,0.11
19:58:08.662,0.08
19:58:08.672,0.09
19:58:08.682,0.11
19:58:08.692,0.12
19:58:08.703,0.12
19:58:08.713,0.06
19:58:08.723,0.06
19:58:08.734,0.12
19:58:08.744,1.47
19:58:08.754,0.09
19:58:08.764,0.07
19:58:08.775,0.07
19:58:08.785,0.06
19:58:08.796,0.06
19:58:08.806,0.05
19:58:08.817,0.08
19:58:08.827,0.08
19:58:08.838,0.12
19:58:08.848,0.05
19:58:08.858,0.09
19:58:08.869,0.12
19:58:08.879,0.07
19:58:08.890,0.10
19:58:08.900,0.11
19:58:08.911,0.07
19:58:08.921,0.07
19:58:08.931,0.07
19:58:08.942,0.08
19:58:08.952,0.13
19:58:08.963,0.10
19:58:08.973,0.09
19:58:08.983,0.10
19:58:08.994,0.07
19:58:09.005,0.09
19:58:09.015,0.07
19:58:09.025,0.94
19:58:09.035,0.10
19:58:09.046,0.06
19:58:09.056,0.17
19:58:09.067,0.08
19:58:09.077,0.18
19:58:09.088,0.68
19:58:09.098,0.07
19:58:09.109,0.07
19:58:09.119,0.07
19:58:09.130,0.06
19:58:09.140,0.24
19:58:09.151,0.06
19:58:09.161,0.12
19:58:09.172,0.07
19:58:09.182,0.09
19:58:09.193,0.08
19:58:09.203,0.09
19:58:09.214,0.06
19:58:09.224,0.56
19:58:09.235,0.13
19:58:09.245,0.11
19:58:09.256,0.08
19:58:09.266,0.13
19:58:09.276,0.05
19:58:09.286,0.14
19:58:09.297,0.08
19:58:09.308,0.10
19:58:09.318,0.07
19:58:09.328,0.08
19:58:09.339,0.08
19:58:09.349,0.07
19:58:09.359,0.09
19:58:09.370,0.12
19:58:09.380,0.07
19:58:09.391,0.07
19:58:09.401,0.08
19:58:09.411,0.07
19:58:09.422,0.19
19:58:09.432,0.07
19:58:09.443,0.04
19:58:09.453,0.86
19:58:09.464,0.58
19:58:09.474,0.09
19:58:09.485,0.09
19:58:09.495,0.09
19:58:09.506,0.14
19:58:09.516,0.05
19:58:09.527,0.10
19:58:09.537,0.06
19:58:09.547,0.11
19:58:09.558,0.24
19:58:09.568,0.11
19:58:09.579,0.07
19:58:09.589,0.05
19:58:09.600,0.12
19:58:09.610,0.11
19:58:09.621,0.12
19:58:09.631,0.09
19:58:09.641,0.07
19:58:09.652,0.11
19:58:09.662,0.74
19:58:09.673,0.09
19:58:09.684,0.05
19:58:09.694,0.05
19:58:09.705,0.10
19:58:09.715,0.10
19:58:09.726,0.06
19:58:09.736,0.08
19:58:09.746,0.09
19:58:09.757,0.08
19:58:09.768,0.12
19:58:09.778,0.09
19:58:09.789,0.05
19:58:09.799,0.09
19:58:09.809,0.10
19:58:09.820,0.08
19:58:09.830,0.08
19:58:09.841,0.08
19:58:09.851,0.08
19:58:09.862,0.05
19:58:09.872,0.11
19:58:09.882,0.09
19:58:09.893,0.04
19:58:09.903,0.12
19:58:09.913,0.12
19:58:09.923,0.10
19:58:09.934,0.09
19:58:09.944,0.96
19:58:09.954,0.11
19:58:09.965,0.15
19:58:09.975,0.38
19:58:09.986,0.05
19:58:09.996,0.07
19:58:10.007,0.06
19:58:10.017,0.10
19:58:10.028,0.23
19:58:10.038,0.37
19:58:10.049,0.07
19:58:10.059,0.09
19:58:10.069,0.09
19:58:10.080,0.06
19:58:10.090,0.07
19:58:10.101,0.09
19:58:10.111,0.09
19:58:10.122,0.12
19:58:10.132,0.07
19:58:10.142,0.09
19:58:10.153,0.10
19:58:10.163,0.09
19:58:10.174,0.12
19:58:10.184,0.09
19:58:10.195,0.07
19:58:10.205,0.08
19:58:10.216,0.08
19:58:10.226,0.11
19:58:10.236,0.12
19:58:10.247,0.06
19:58:10.258,0.08
19:58:10.268,0.07
19:58:10.278,0.07
19:58:10.289,0.05
19:58:10.299,0.08
19:58:10.310,0.06
19:58:10.320,0.10
19:58:10.331,0.08
19:58:10.341,0.09
19:58:10.351,0.13
19:58:10.362,0.13
19:58:10.372,0.15
19:58:10.382,0.14
19:58:10.393,0.10
19:58:10.403,0.09
19:58:10.414,0.07
19:58:10.424,0.08
19:58:10.434,0.09
19:58:10.445,4.94
19:58:10.455,3.62
19:58:10.466,0.05
19:58:10.476,0.08
19:58:10.486,0.07
19:58:10.496,0.12
19:58:10.507,0.06
19:58:10.517,0.08
19:58:10.528,0.07
19:58:10.538,0.10
19:58:10.549,0.09
19:58:10.559,0.13
19:58:10.570,0.08
19:58:10.580,0.06
19:58:10.591,0.06
19:58:10.601,0.08
19:58:10.612,0.07
19:58:10.622,0.07
19:58:10.632,0.08
19:58:10.643,0.05
19:58:10.653,0.12
19:58:10.664,0.08
19:58:10.674,0.07
19:58:10.685,0.05
19:58:10.695,0.09
19:58:10.706,0.12
19:58:10.717,0.07
19:58:10.727,0.11
19:58:10.738,0.07
19:58:10.748,0.06
19:58:10.759,0.09
19:58:10.769,0.14
19:58:10.780,0.10
19:58:10.790,0.06
19:58:10.801,0.07
19:58:10.811,0.05
19:58:10.822,0.09
19:58:10.832,0.09
19:58:10.843,1.36
19:58:10.853,0.06
19:58:10.864,0.07
19:58:10.874,0.10
19:58:10.885,0.09
19:58:10.896,0.11
19:58:10.906,0.07
19:58:10.916,0.08
19:58:10.927,0.05
19:58:10.937,0.11
19:58:10.948,0.13
19:58:10.958,0.06
19:58:10.968,0.12
19:58:10.979,0.08
19:58:10.989,0.13
19:58:10.999,0.09
19:58:11.010,0.05
19:58:11.020,0.06
19:58:11.031,0.09
19:58:11.041,0.08
19:58:11.052,0.07
19:58:11.062,0.09
19:58:11.072,0.96
19:58:11.083,0.09
19:58:11.093,0.05
19:58:11.104,0.27
19:58:11.114,0.07
19:58:11.124,0.09
19:58:11.135,0.61
19:58:11.145,0.87
19:58:11.156,0.07
19:58:11.166,0.19
19:58:11.177,0.07
19:58:11.187,0.07
19:58:11.198,0.06
19:58:11.208,0.09
19:58:11.219,0.06
19:58:11.229,0.07
19:58:11.240,0.10
19:58:11.250,0.06
19:58:11.261,0.10
19:58:11.271,0.10
19:58:11.282,0.08
19:58:11.292,0.06
19:58:11.303,0.11
19:58:11.313,0.12
19:58:11.324,0.10
19:58:11.334,0.11
19:58:11.345,0.09
19:58:11.356,0.09
19:58:11.366,0.10
19:58:11.376,0.10
19:58:11.387,0.07
19:58:11.397,0.10
19:58:11.408,0.12
19:58:11.418,0.07
19:58:11.428,0.09
19:58:11.439,0.06
19:58:11.449,7.86
19:58:11.460,0.05
19:58:11.470,0.09
19:58:11.480,0.08
19:58:11.491,0.06
19:58:11.501,0.09
19:58:11.511,0.07
19:58:11.522,0.12
19:58:11.532,0.13
19:58:11.543,0.11
19:58:11.553,0.24
19:58:11.564,0.11
19:58:11.574,0.11
19:58:11.584,0.67
19:58:11.595,0.10
19:58:11.605,0.11
19:58:11.616,1.14
19:58:11.626,0.06
19:58:11.637,0.10
19:58:11.647,0.86
19:58:11.658,0.04
19:58:11.668,0.09
19:58:11.679,0.23
19:58:11.689,0.07
19:58:11.700,0.07
19:58:11.710,0.60
19:58:11.721,0.09
19:58:11.731,0.11
19:58:11.741,0.48
19:58:11.752,0.09
19:58:11.762,0.07
19:58:11.772,0.06
19:58:11.783,0.12
19:58:11.794,0.08
19:58:11.804,0.12
19:58:11.815,0.09
19:58:11.825,0.07
19:58:11.836,0.11
19:58:11.846,0.05
19:58:11.857,0.05
19:58:11.867,0.17
19:58:11.877,0.07
19:58:11.888,0.07
19:58:11.898,0.09
19:58:11.908,0.06
19:58:11.919,0.05
19:58:11.929,0.06
19:58:11.939,0.11
19:58:11.950,0.09
19:58:11.960,0.21
19:58:11.970,0.10
19:58:11.981,0.07
19:58:11.991,0.10
19:58:12.002,0.09
19:58:12.012,0.10
19:58:12.023,0.52
19:58:12.033,0.08
19:58:12.043,2.64
19:58:12.054,1.19
19:58:12.064,0.10
19:58:12.075,0.07
19:58:12.086,0.07
19:58:12.096,0.08
19:58:12.107,0.10
19:58:12.117,0.05
19:58:12.128,0.05
19:58:12.138,0.08
19:58:12.148,0.08
19:58:12.158,0.05
19:58:12.168,0.07
19:58:12.179,0.19
19:58:12.189,0.09
19:58:12.199,0.13
19:58:12.210,0.30
19:58:12.221,0.07
19:58:12.231,0.09
19:58:12.242,0.22
19:58:12.252,0.07
19:58:12.263,0.08
19:58:12.273,1.23
19:58:12.284,0.10
19:58:12.294,0.08
19:58:12.304,0.59
19:58:12.315,0.08
19:58:12.325,0.11
19:58:12.336,0.63
19:58:12.346,0.06
19:58:12.357,0.11
19:58:12.367,0.40
19:58:12.378,0.08
19:58:12.388,0.19
19:58:12.399,0.64
19:58:12.409,0.08
19:58:12.420,0.07
19:58:12.430,0.32
19:58:12.441,0.06
19:58:12.451,3.69
19:58:12.461,0.15
19:58:12.472,0.14
19:58:12.482,0.07
19:58:12.492,0.96
19:58:12.503,0.13
19:58:12.513,0.10
19:58:12.524,0.64
19:58:12.534,0.13
19:58:12.544,0.06
19:58:12.555,0.36
19:58:12.565,0.09
19:58:12.576,0.07
19:58:12.586,0.60
19:58:12.597,0.11
19:58:12.607,0.09
19:58:12.617,0.11
19:58:12.627,0.07
19:58:12.638,0.07
19:58:12.648,0.52
19:58:12.659,0.08
19:58:12.669,0.15
19:58:12.680,0.42
19:58:12.690,0.09
19:58:12.701,0.06
19:58:12.711,1.21
19:58:12.722,0.07
19:58:12.732,0.09
19:58:12.742,0.51
19:58:12.753,0.07
19:58:12.763,0.08
19:58:12.774,0.51
19:58:12.784,0.08
19:58:12.795,0.11
19:58:12.805,0.46
19:58:12.816,0.10
19:58:12.826,0.06
19:58:12.837,0.07
19:58:12.847,0.05
19:58:12.858,0.10
19:58:12.868,0.18
19:58:12.878,0.09
19:58:12.889,0.09
19:58:12.899,0.63
19:58:12.910,0.07
19:58:12.920,0.08
19:58:12.930,1.02
19:58:12.940,0.08
19:58:12.951,0.09
19:58:12.962,0.76
19:58:12.972,0.11
19:58:12.983,0.08
19:58:12.993,0.08
19:58:13.003,0.10
19:58:13.014,0.08
19:58:13.024,0.08
19:58:13.035,0.08
19:58:13.045,0.07
19:58:13.056,0.06
19:58:13.066,0.09
19:58:13.076,0.09
19:58:13.087,0.10
19:58:13.097,0.11
19:58:13.108,0.11
19:58:13.118,0.09
19:58:13.128,0.08
19:58:13.139,0.13
19:58:13.149,0.06
19:58:13.160,0.05
19:58:13.170,0.09
19:58:13.181,0.06
19:58:13.191,0.11
19:58:13.202,0.10
19:58:13.212,0.06
19:58:13.223,0.05
19:58:13.233,0.10
19:58:13.244,1.83
19:58:13.254,0.07
19:58:13.265,0.13
19:58:13.275,0.47
19:58:13.286,0.05
19:58:13.296,0.07
19:58:13.307,0.26
19:58:13.317,0.05
19:58:13.328,0.10
19:58:13.338,0.58
19:58:13.349,0.06
19:58:13.359,0.06
19:58:13.370,0.89
19:58:13.380,0.07
19:58:13.391,0.12
19:58:13.401,0.38
19:58:13.412,0.08
19:58:13.422,0.08
19:58:13.433,0.07
19:58:13.443,0.08
19:58:13.453,1.52
19:58:13.464,0.07
19:58:13.475,0.11
19:58:13.485,0.07
19:58:13.496,0.06
19:58:13.506,0.14
19:58:13.517,0.07
19:58:13.527,0.06
19:58:13.537,0.07
19:58:13.548,0.07
19:58:13.558,0.07
19:58:13.568,0.07
19:58:13.579,0.08
19:58:13.589,0.23
19:58:13.599,0.07
19:58:13.610,0.08
19:58:13.620,0.09
19:58:13.631,0.10
19:58:13.641,0.09
19:58:13.652,0.05
19:58:13.662,0.09
19:58:13.672,0.07
19:58:13.683,0.10
19:58:13.694,0.06
19:58:13.704,0.12
19:58:13.714,0.07
19:58:13.724,0.11
19:58:13.735,0.12
19:58:13.746,0.08
19:58:13.756,0.07
19:58:13.766,0.11
19:58:13.776,0.07
19:58:13.787,0.12
19:58:13.797,0.09
19:58:13.808,0.08
19:58:13.818,0.19
19:58:13.829,0.08
19:58:13.839,0.06
19:58:13.850,0.05
19:58:13.860,0.06
19:58:13.870,0.07
19:58:13.881,0.08
19:58:13.891,0.07
19:58:13.901,0.14
19:58:13.912,0.08
19:58:13.922,0.06
19:58:13.933,0.09
19:58:13.943,0.08
19:58:13.954,0.06
19:58:13.964,0.07
19:58:13.974,0.06
19:58:13.985,0.09
19:58:13.995,0.09
19:58:14.005,0.12
19:58:14.016,0.08
19:58:14.026,0.09
19:58:14.037,0.09
19:58:14.047,0.10
19:58:14.058,0.07
19:58:14.068,0.11
19:58:14.078,0.09
19:58:14.089,0.05
19:58:14.100,0.12
19:58:14.110,0.09
19:58:14.121,0.12
19:58:14.131,0.09
19:58:14.142,3.77
19:58:14.152,0.09
19:58:14.162,0.12
19:58:14.173,0.13
19:58:14.183,0.11
19:58:14.194,0.09
19:58:14.204,0.09
19:58:14.214,0.10
19:58:14.225,0.06
19:58:14.235,0.12
19:58:14.246,0.13
19:58:14.256,0.07
19:58:14.267,0.09
19:58:14.277,0.06
19:58:14.288,0.12
19:58:14.298,0.12
19:58:14.309,0.08
19:58:14.319,0.08
19:58:14.330,0.09
19:58:14.340,0.08
19:58:14.351,0.06
19:58:14.361,0.10
19:58:14.372,0.14
19:58:14.382,0.09
19:58:14.393,0.09
19:58:14.403,0.08
19:58:14.413,0.09
19:58:14.424,0.08
19:58:14.434,0.13
19:58:14.445,1.36
19:58:14.455,0.05
19:58:14.466,0.11
19:58:14.476,0.37
19:58:14.487,0.06
19:58:14.497,0.09
19:58:14.508,0.26
19:58:14.518,0.08
19:58:14.529,0.09
19:58:14.539,0.72
19:58:14.550,0.11
19:58:14.560,0.11
19:58:14.570,0.41
19:58:14.581,0.08
19:58:14.591,0.07
19:58:14.602,0.58
19:58:14.612,0.06
19:58:14.623,0.10
19:58:14.633,0.20
19:58:14.644,0.11
19:58:14.654,0.09
19:58:14.664,1.10
19:58:14.675,0.16
19:58:14.686,0.10
19:58:14.696,0.12
19:58:14.707,0.07
19:58:14.717,0.09
19:58:14.728,0.66
19:58:14.738,0.09
19:58:14.749,0.08
19:58:14.759,0.05
19:58:14.769,0.09
19:58:14.780,0.10
19:58:14.790,0.75
19:58:14.801,0.10
19:58:14.811,0.09
19:58:14.822,0.06
19:58:14.833,0.15
19:58:14.843,0.10
19:58:14.854,0.09
19:58:14.864,0.09
19:58:14.874,0.06
19:58:14.885,0.08
19:58:14.895,0.05
19:58:14.906,0.08
19:58:14.916,0.06
19:58:14.926,0.10
19:58:14.937,0.11
19:58:14.947,0.07
19:58:14.957,0.29
19:58:14.968,0.08
19:58:14.978,0.07
19:58:14.989,0.07
19:58:14.999,0.11
19:58:15.009,0.45
19:58:15.020,0.08
19:58:15.030,0.13
19:58:15.041,0.08
19:58:15.051,0.09
19:58:15.062,0.09
19:58:15.072,0.10
19:58:15.083,0.08
19:58:15.093,0.11
19:58:15.104,0.10
19:58:15.114,0.07
19:58:15.124,0.06
19:58:15.135,0.06
19:58:15.145,0.07
19:58:15.156,0.07
19:58:15.166,0.12
19:58:15.176,0.13
19:58:15.187,0.07
19:58:15.197,0.08
19:58:15.208,0.07
19:58:15.218,0.08
19:58:15.229,0.09
19:58:15.239,0.09
19:58:15.249,0.13
19:58:15.260,0.10
19:58:15.270,0.11
19:58:15.280,0.08
19:58:15.291,0.04
19:58:15.301,0.14
19:58:15.312,0.12
19:58:15.323,0.09
19:58:15.333,0.09
19:58:15.344,0.39
19:58:15.354,0.07
19:58:15.364,0.10
19:58:15.375,0.12
19:58:15.385,0.09
19:58:15.396,0.10
19:58:15.406,0.10
19:58:15.417,0.08
19:58:15.427,0.09
19:58:15.437,0.11
19:58:15.448,0.83
19:58:15.458,0.06
19:58:15.468,0.12
19:58:15.479,0.12
19:58:15.490,0.10
19:58:15.500,0.11
19:58:15.511,0.07
19:58:15.521,0.10
19:58:15.531,0.11
19:58:15.541,0.10
19:58:15.552,0.07
19:58:15.562,0.09
19:58:15.573,0.10
19:58:15.584,0.36
19:58:15.594,0.20
19:58:15.605,0.12
19:58:15.615,0.12
19:58:15.626,0.10
19:58:15.636,0.09
19:58:15.647,1.59
19:58:15.657,0.12
19:58:15.668,0.12
19:58:15.678,0.35
19:58:15.689,0.08
19:58:15.700,0.13
19:58:15.710,0.69
19:58:15.721,0.06
19:58:15.731,0.08
19:58:15.741,0.07
19:58:15.752,0.08
19:58:15.762,0.07
19:58:15.772,0.66
19:58:15.782,0.12
19:58:15.793,0.09
19:58:15.803,0.10
19:58:15.814,0.17
19:58:15.824,0.10
19:58:15.835,0.08
19:58:15.845,0.09
19:58:15.856,0.12
19:58:15.866,0.14
19:58:15.876,0.08
19:58:15.887,0.12
19:58:15.897,0.10
19:58:15.908,0.06
19:58:15.919,0.06
19:58:15.929,0.10
19:58:15.939,0.09
19:58:15.950,0.09
19:58:15.960,0.54
19:58:15.971,0.11
19:58:15.981,0.11
19:58:15.992,0.10
19:58:16.002,0.08
19:58:16.012,0.07
19:58:16.023,0.12
19:58:16.033,0.08
19:58:16.044,0.08
19:58:16.054,0.70
19:58:16.064,0.14
19:58:16.075,0.15
19:58:16.085,0.78
19:58:16.096,0.10
19:58:16.106,0.06
19:58:16.116,0.09
19:58:16.127,0.10
19:58:16.137,0.10
19:58:16.148,0.60
19:58:16.158,0.09
19:58:16.169,0.08
19:58:16.179,0.17
19:58:16.189,0.07
19:58:16.199,0.10
19:58:16.210,0.09
19:58:16.220,0.08
19:58:16.230,0.09
19:58:16.241,0.09
19:58:16.251,0.06
19:58:16.261,0.10
19:58:16.272,0.07
19:58:16.283,0.14
19:58:16.293,0.09
19:58:16.304,0.11
19:58:16.314,0.09
19:58:16.325,0.08
19:58:16.335,0.10
19:58:16.346,0.07
19:58:16.356,0.05
19:58:16.367,0.54
19:58:16.378,0.07
19:58:16.388,0.07
19:58:16.399,0.49
19:58:16.409,0.06
19:58:16.420,0.07
19:58:16.430,1.19
19:58:16.441,0.63
19:58:16.451,0.08
19:58:16.462,0.33
19:58:16.472,1.74
19:58:16.482,0.09
19:58:16.493,0.31
19:58:16.503,0.12
19:58:16.514,0.09
19:58:16.524,0.78
19:58:16.534,0.11
19:58:16.545,0.05
19:58:16.555,0.41
19:58:16.566,0.11
19:58:16.577,0.09
19:58:16.587,0.76
19:58:16.598,0.12
19:58:16.608,0.08
19:58:16.619,0.06
19:58:16.629,0.10
19:58:16.640,0.10
19:58:16.650,0.07
19:58:16.661,0.08
19:58:16.671,0.09
19:58:16.681,0.08
19:58:16.692,0.12
19:58:16.702,0.10
19:58:16.713,0.09
19:58:16.724,0.07
19:58:16.734,0.09
19:58:16.744,0.08
19:58:16.755,0.12
19:58:16.765,0.38
19:58:16.776,0.07
19:58:16.786,0.08
19:58:16.797,0.09
19:58:16.807,0.08
19:58:16.818,0.08
19:58:16.828,0.08
19:58:16.839,0.20
19:58:16.849,0.08
19:58:16.860,0.11
19:58:16.870,0.07
19:58:16.880,0.10
19:58:16.891,0.12
19:58:16.901,0.10
19:58:16.911,0.11
19:58:16.922,0.12
19:58:16.932,0.08
19:58:16.942,0.10
19:58:16.953,0.15
19:58:16.963,0.17
19:58:16.974,0.13
19:58:16.984,0.40
19:58:16.994,0.35
19:58:17.005,0.12
19:58:17.015,0.09
19:58:17.026,0.08
19:58:17.036,0.08
19:58:17.047,0.10
19:58:17.057,0.08
19:58:17.068,0.11
19:58:17.078,0.08
19:58:17.088,0.09
19:58:17.099,0.25
19:58:17.110,0.07
19:58:17.120,0.08
19:58:17.130,0.21
19:58:17.141,3.39
19:58:17.151,0.08
19:58:17.162,0.74
19:58:17.172,0.08
19:58:17.183,0.11
19:58:17.193,1.06
19:58:17.204,0.09
19:58:17.215,0.06
19:58:17.225,0.62
19:58:17.236,0.08
19:58:17.246,0.06
19:58:17.257,0.07
19:58:17.267,0.11
19:58:17.278,0.07
19:58:17.288,0.65
19:58:17.299,0.10
19:58:17.310,0.09
19:58:17.320,0.13
19:58:17.331,0.11
19:58:17.341,0.11
19:58:17.352,0.06
19:58:17.362,0.09
19:58:17.373,0.07
19:58:17.383,0.08
19:58:17.393,0.08
19:58:17.404,0.08
19:58:17.414,0.73
19:58:17.425,0.09
19:58:17.435,0.12
19:58:17.446,0.09
19:58:17.456,0.07
19:58:17.466,0.65
19:58:17.476,0.08
19:58:17.487,0.08
19:58:17.497,0.10
19:58:17.508,0.10
19:58:17.518,0.05
19:58:17.528,0.07
19:58:17.539,0.09
19:58:17.549,0.05
19:58:17.560,0.09
19:58:17.570,0.08
19:58:17.580,0.09
19:58:17.591,0.07
19:58:17.601,0.46
19:58:17.611,0.10
19:58:17.622,0.10
19:58:17.632,0.10
19:58:17.643,0.11
19:58:17.653,0.12
19:58:17.663,0.10
19:58:17.674,0.09
19:58:17.684,0.11
19:58:17.695,0.08
19:58:17.705,0.12
19:58:17.715,0.09
19:58:17.726,0.08
19:58:17.736,0.08
19:58:17.747,0.05
19:58:17.757,0.14
19:58:17.768,0.09
19:58:17.778,0.07
19:58:17.789,0.57
19:58:17.800,0.07
19:58:17.810,0.08
19:58:17.820,0.27
19:58:17.831,0.07
19:58:17.842,0.14
19:58:17.852,0.26
19:58:17.863,0.09
19:58:17.873,0.08
19:58:17.884,0.06
19:58:17.894,0.28
19:58:17.905,0.09
19:58:17.915,0.05
19:58:17.926,0.05
19:58:17.936,0.08
19:58:17.947,0.10
19:58:17.957,0.09
19:58:17.967,0.13
19:58:17.977,0.11
19:58:17.988,0.06
19:58:17.998,0.08
19:58:18.008,0.38
19:58:18.019,0.10
19:58:18.029,0.11
19:58:18.040,0.15
19:58:18.050,0.09
19:58:18.060,0.09
19:58:18.071,0.10
19:58:18.081,0.07
19:58:18.092,0.11
19:58:18.102,0.08
19:58:18.113,0.09
19:58:18.123,0.07
19:58:18.134,0.10
19:58:18.145,0.05
19:58:18.155,0.08
19:58:18.165,0.08
19:58:18.176,0.10
19:58:18.186,0.10
19:58:18.197,0.08
19:58:18.207,0.11
19:58:18.218,0.08
19:58:18.228,0.06
19:58:18.239,0.11
19:58:18.249,0.07
19:58:18.260,0.06
19:58:18.270,0.13
19:58:18.280,0.07
19:58:18.291,0.07
19:58:18.302,0.10
19:58:18.312,0.12
19:58:18.322,0.07
19:58:18.333,0.07
19:58:18.343,1.39
19:58:18.353,0.10
19:58:18.364,0.09
19:58:18.374,0.09
19:58:18.385,0.13
19:58:18.395,0.11
19:58:18.406,0.12
19:58:18.416,0.06
19:58:18.427,0.09
19:58:18.437,0.09
19:58:18.448,0.06
19:58:18.458,0.11
19:58:18.469,0.08
19:58:18.479,0.98
19:58:18.490,0.08
19:58:18.500,0.08
19:58:18.511,0.09
19:58:18.521,0.08
19:58:18.532,0.07
19:58:18.542,0.08
19:58:18.553,0.05
19:58:18.563,0.06
19:58:18.574,0.08
19:58:18.584,0.13
19:58:18.594,0.07
19:58:18.605,0.05
19:58:18.615,0.10
19:58:18.626,0.06
19:58:18.637,0.07
19:58:18.647,0.07
19:58:18.658,0.06
19:58:18.668,0.10
19:58:18.679,0.07
19:58:18.689,0.10
19:58:18.700,0.07
19:58:18.710,0.11
19:58:18.721,0.07
19:58:18.731,0.07
19:58:18.742,0.06
19:58:18.752,0.07
19:58:18.763,0.07
19:58:18.773,0.54
19:58:18.784,0.06
19:58:18.794,0.12
19:58:18.805,0.08
19:58:18.815,0.07
19:58:18.826,0.12
19:58:18.836,0.06
19:58:18.847,0.05
19:58:18.857,0.09
19:58:18.868,0.08
19:58:18.878,0.12
19:58:18.888,0.07
19:58:18.899,0.08
19:58:18.910,0.10
19:58:18.920,0.06
19:58:18.931,0.10
19:58:18.941,4.26
19:58:18.952,0.10
19:58:18.963,0.08
19:58:18.973,0.07
19:58:18.984,0.06
19:58:18.994,0.08
19:58:19.005,0.08
19:58:19.015,0.07
19:58:19.026,0.09
19:58:19.036,0.10
19:58:19.047,0.08
19:58:19.057,0.10
19:58:19.068,0.09
19:58:19.078,0.08
19:58:19.089,0.08
19:58:19.099,0.09
19:58:19.110,0.08
19:58:19.120,0.08
19:58:19.131,0.40
19:58:19.141,0.09
19:58:19.152,0.07
19:58:19.163,0.51
19:58:19.173,0.06
19:58:19.183,0.08
19:58:19.194,0.15
19:58:19.205,0.08
19:58:19.215,0.08
19:58:19.226,0.60
19:58:19.236,0.06
19:58:19.247,0.10
19:58:19.257,0.49
19:58:19.267,0.11
19:58:19.278,0.10
19:58:19.288,0.24
19:58:19.299,0.10
19:58:19.309,0.10
19:58:19.320,0.17
19:58:19.330,0.09
19:58:19.341,0.10
19:58:19.351,0.07
19:58:19.362,0.08
19:58:19.373,0.11
19:58:19.383,0.09
19:58:19.394,0.10
19:58:19.404,0.17
19:58:19.415,0.15
19:58:19.425,0.12
19:58:19.435,0.11
19:58:19.446,0.34
19:58:19.456,0.07
19:58:19.467,0.12
19:58:19.477,0.16
19:58:19.487,0.12
19:58:19.498,0.10
19:58:19.508,0.08
19:58:19.519,0.09
19:58:19.529,0.09
19:58:19.539,0.12
19:58:19.550,0.08
19:58:19.560,0.10
19:58:19.571,0.08
19:58:19.581,61.85
19:58:19.643,0.43
19:58:19.653,78.49
19:58:19.731,1.25
19:58:19.742,19.21
19:58:19.761,0.86
19:58:19.772,0.10
19:58:19.782,0.12
19:58:19.793,0.06
19:58:19.803,0.13
19:58:19.814,0.06
19:58:19.825,0.09
19:58:19.835,0.09
19:58:19.846,0.05
19:58:19.856,0.06
19:58:19.867,0.08
19:58:19.877,0.09
19:58:19.887,0.07
19:58:19.898,0.12
19:58:19.909,0.12
19:58:19.919,0.09
19:58:19.929,0.11
19:58:19.940,0.11
19:58:19.950,0.12
19:58:19.960,0.07
19:58:19.971,0.09
19:58:19.981,0.07
19:58:19.992,0.08
19:58:20.002,0.14
19:58:20.012,0.06
19:58:20.023,0.05
19:58:20.033,0.11
19:58:20.043,0.09
19:58:20.054,0.05
19:58:20.064,0.08
19:58:20.075,0.05
19:58:20.086,0.05
19:58:20.096,0.06
19:58:20.107,0.11
19:58:20.117,0.09
19:58:20.128,0.06
19:58:20.138,0.08
19:58:20.148,0.07
19:58:20.158,0.41
19:58:20.169,0.16
19:58:20.179,0.07
19:58:20.190,0.08
19:58:20.200,0.12
19:58:20.211,0.13
19:58:20.221,0.99
19:58:20.232,0.76
19:58:20.242,0.48
19:58:20.253,0.85
19:58:20.263,0.53
19:58:20.274,1.20
19:58:20.284,0.17
19:58:20.295,0.36
19:58:20.305,0.56
19:58:20.315,0.25
19:58:20.326,0.36
19:58:20.336,0.16
19:58:20.347,0.09
19:58:20.357,0.09
19:58:20.368,0.09
19:58:20.378,0.08
19:58:20.389,0.25
19:58:20.399,0.10
19:58:20.410,0.30
19:58:20.420,0.14
19:58:20.430,0.19
19:58:20.441,0.09
19:58:20.451,8.95
19:58:20.461,0.05
19:58:20.472,0.08
19:58:20.482,0.08
19:58:20.493,0.11
19:58:20.503,0.10
19:58:20.514,0.10
19:58:20.524,0.14
19:58:20.535,0.08
19:58:20.545,0.10
19:58:20.556,0.17
19:58:20.566,0.11
19:58:20.576,0.13
19:58:20.587,0.07
19:58:20.597,0.09
19:58:20.608,0.09
19:58:20.618,0.13
19:58:20.628,0.10
19:58:20.639,0.12
19:58:20.649,0.08
19:58:20.659,0.08
19:58:20.670,0.07
19:58:20.680,0.12
19:58:20.691,1.05
19:58:20.701,0.07
19:58:20.712,0.07
19:58:20.722,0.20
19:58:20.733,0.14
19:58:20.743,0.91
19:58:20.754,0.31
19:58:20.764,0.08
19:58:20.775,0.12
19:58:20.785,0.23
19:58:20.796,0.08
19:58:20.806,0.08
19:58:20.816,0.23
19:58:20.827,0.10
19:58:20.837,0.10
19:58:20.848,0.18
19:58:20.858,0.07
19:58:20.868,0.10
19:58:20.879,0.71
19:58:20.889,0.08
19:58:20.899,0.16
19:58:20.910,0.10
19:58:20.920,0.09
19:58:20.931,0.12
19:58:20.941,0.39
19:58:20.952,0.13
19:58:20.962,0.11
19:58:20.972,0.50
19:58:20.983,0.06
19:58:20.993,0.13
19:58:21.004,0.08
19:58:21.014,0.07
19:58:21.025,0.07
19:58:21.035,0.10
19:58:21.045,0.07
19:58:21.056,0.11
19:58:21.066,0.09
19:58:21.077,0.37
19:58:21.087,0.10
19:58:21.097,0.10
19:58:21.108,0.08
19:58:21.119,0.08
19:58:21.129,0.08
19:58:21.139,0.08
19:58:21.150,0.11
19:58:21.160,0.12
19:58:21.171,0.12
19:58:21.181,0.12
19:58:21.192,0.21
19:58:21.202,0.10
19:58:21.213,0.10
19:58:21.223,0.09
19:58:21.234,0.12
19:58:21.245,0.11
19:58:21.255,0.12
19:58:21.265,0.12
19:58:21.276,0.09
19:58:21.286,0.07
19:58:21.297,0.08
19:58:21.307,0.08
19:58:21.318,0.10
19:58:21.328,0.11
19:58:21.339,0.07
19:58:21.349,0.10
19:58:21.360,0.12
19:58:21.370,0.08
19:58:21.381,0.09
19:58:21.391,0.05
19:58:21.402,0.11
19:58:21.412,0.10
19:58:21.422,0.09
19:58:21.433,0.07
19:58:21.444,7.69
19:58:21.454,0.94
19:58:21.465,0.08
19:58:21.475,0.08
19:58:21.485,0.28
19:58:21.496,0.10
19:58:21.506,0.10
19:58:21.517,0.53
19:58:21.527,0.07
19:58:21.538,0.09
19:58:21.548,0.57
19:58:21.559,0.08
19:58:21.569,0.08
19:58:21.580,0.67
19:58:21.590,0.08
19:58:21.601,0.10
19:58:21.611,0.18
19:58:21.622,0.06
19:58:21.632,0.08
19:58:21.642,2.37
19:58:21.653,0.10
19:58:21.663,0.09
19:58:21.674,0.06
19:58:21.684,0.08
19:58:21.694,0.08
19:58:21.705,0.08
19:58:21.715,0.06
19:58:21.726,0.09
19:58:21.736,0.08
19:58:21.747,0.08
19:58:21.757,0.08
19:58:21.768,0.09
19:58:21.778,0.08
19:58:21.789,0.08
19:58:21.799,0.11
19:58:21.810,0.05
19:58:21.820,0.06
19:58:21.830,0.07
19:58:21.841,0.09
19:58:21.851,0.09
19:58:21.862,0.25
19:58:21.872,0.08
19:58:21.882,0.09
19:58:21.893,0.97
19:58:21.903,0.08
19:58:21.914,0.05
19:58:21.924,0.20
19:58:21.935,0.08
19:58:21.945,0.60
19:58:21.956,0.52
19:58:21.966,0.08
19:58:21.977,0.07
19:58:21.987,0.16
19:58:21.997,0.11
19:58:22.008,0.06
19:58:22.018,0.06
19:58:22.029,0.08
19:58:22.039,0.10
19:58:22.050,0.07
19:58:22.060,0.13
19:58:22.070,0.08
19:58:22.081,0.84
19:58:22.091,0.09
19:58:22.102,0.11
19:58:22.112,0.53
19:58:22.123,0.07
19:58:22.133,0.10
19:58:22.144,0.44
19:58:22.154,0.10
19:58:22.165,0.12
19:58:22.175,0.06
19:58:22.186,0.11
19:58:22.196,0.07
19:58:22.207,0.05
19:58:22.217,0.06
19:58:22.227,0.14
19:58:22.238,0.06
19:58:22.248,0.04
19:58:22.258,0.05
19:58:22.269,0.58
19:58:22.279,0.06
19:58:22.290,0.05
19:58:22.300,0.36
19:58:22.310,0.08
19:58:22.321,0.05
19:58:22.332,1.02
19:58:22.342,0.07
19:58:22.352,0.07
19:58:22.363,0.19
19:58:22.373,0.06
19:58:22.383,0.08
19:58:22.394,1.00
19:58:22.404,0.09
19:58:22.415,0.07
19:58:22.425,0.07
19:58:22.436,0.07
19:58:22.446,2.44
19:58:22.457,0.06
19:58:22.467,0.07
19:58:22.477,0.09
19:58:22.488,0.05
19:58:22.498,0.09
19:58:22.509,0.08
19:58:22.519,0.06
19:58:22.529,0.07
19:58:22.540,0.07
19:58:22.550,0.07
19:58:22.561,0.17
19:58:22.572,0.10
19:58:22.582,0.04
19:58:22.593,0.07
19:58:22.603,0.07
19:58:22.614,0.09
19:58:22.624,0.05
19:58:22.635,0.07
19:58:22.645,0.06
19:58:22.655,0.07
19:58:22.666,0.12
19:58:22.676,0.12
19:58:22.686,0.07
19:58:22.696,0.09
19:58:22.707,0.10
19:58:22.717,0.05
19:58:22.728,0.06
19:58:22.738,0.12
19:58:22.749,0.05
19:58:22.759,0.09
19:58:22.770,0.09
19:58:22.780,0.06
19:58:22.791,0.05
19:58:22.801,0.08
19:58:22.811,0.20
19:58:22.822,0.07
19:58:22.832,0.13
19:58:22.842,2.35
19:58:22.853,0.05
19:58:22.863,0.06
19:58:22.874,0.44
19:58:22.884,0.06
19:58:22.895,0.06
19:58:22.905,0.69
19:58:22.915,0.08
19:58:22.926,0.10
19:58:22.936,0.49
19:58:22.947,0.48
19:58:22.957,0.08
19:58:22.967,0.46
19:58:22.978,0.08
19:58:22.988,0.10
19:58:22.999,1.14
19:58:23.009,0.10
19:58:23.020,0.05
19:58:23.030,0.30
19:58:23.040,0.15
19:58:23.051,0.06
19:58:23.061,0.06
19:58:23.071,0.10
19:58:23.082,0.08
19:58:23.092,0.04
19:58:23.103,0.10
19:58:23.113,0.09
19:58:23.124,0.09
19:58:23.134,0.13
19:58:23.145,0.07
19:58:23.155,0.09
19:58:23.166,0.11
19:58:23.176,0.07
19:58:23.187,0.06
19:58:23.197,0.10
19:58:23.207,0.06
19:58:23.218,0.04
19:58:23.228,0.05
19:58:23.239,0.07
19:58:23.249,0.10
19:58:23.259,0.09
19:58:23.270,0.06
19:58:23.280,0.09
19:58:23.291,0.05
19:58:23.301,0.12
19:58:23.312,0.16
19:58:23.322,0.11
19:58:23.333,0.11
19:58:23.343,0.07
19:58:23.353,0.09
19:58:23.364,0.08
19:58:23.374,0.20
19:58:23.385,0.05
19:58:23.395,0.10
19:58:23.406,0.28
19:58:23.417,0.10
19:58:23.427,0.05
19:58:23.437,0.51
19:58:23.448,1.92
19:58:23.459,0.08
19:58:23.469,0.06
19:58:23.480,0.08
19:58:23.490,0.05
19:58:23.501,0.10
19:58:23.511,0.15
19:58:23.522,0.09
19:58:23.532,0.08
19:58:23.542,0.08
19:58:23.553,0.09
19:58:23.563,0.07
19:58:23.574,0.12
19:58:23.584,0.06
19:58:23.595,0.06
19:58:23.605,0.07
19:58:23.616,0.06
19:58:23.626,0.08
19:58:23.637,0.12
19:58:23.648,0.45
19:58:23.658,0.06
19:58:23.668,0.08
19:58:23.679,0.08
19:58:23.689,0.07
19:58:23.700,0.09
19:58:23.710,0.08
19:58:23.721,0.11
19:58:23.731,0.11
19:58:23.742,2.32
19:58:23.752,0.05
19:58:23.762,0.10
19:58:23.773,0.09
19:58:23.783,0.07
19:58:23.794,0.08
19:58:23.804,0.07
19:58:23.815,0.06
19:58:23.825,0.14
19:58:23.835,0.12
19:58:23.846,0.10
19:58:23.856,0.08
19:58:23.867,0.09
19:58:23.877,0.06
19:58:23.888,0.06
19:58:23.898,0.08
19:58:23.909,0.10
19:58:23.919,0.41
19:58:23.930,0.13
19:58:23.940,0.06
19:58:23.950,0.35
19:58:23.961,0.25
19:58:23.971,0.10
19:58:23.982,0.13
19:58:23.992,0.09
19:58:24.003,0.10
19:58:24.013,0.37
19:58:24.024,0.07
19:58:24.034,0.10
19:58:24.045,0.98
19:58:24.055,0.07
19:58:24.066,0.10
19:58:24.076,0.14
19:58:24.087,0.05
19:58:24.097,0.07
19:58:24.107,0.14
19:58:24.118,0.11
19:58:24.128,0.06
19:58:24.139,0.61
19:58:24.149,0.10
19:58:24.160,0.04
19:58:24.170,0.21
19:58:24.181,0.06
19:58:24.191,0.06
19:58:24.202,0.98
19:58:24.213,0.06
19:58:24.223,0.08
19:58:24.233,0.09
19:58:24.244,0.07
19:58:24.254,0.06
19:58:24.265,0.12
19:58:24.275,0.11
19:58:24.286,0.09
19:58:24.299,1.16
19:58:24.309,0.09
19:58:24.319,0.06
19:58:24.330,0.09
19:58:24.340,0.07
19:58:24.351,0.07
19:58:24.361,0.05
19:58:24.372,0.06
19:58:24.382,0.10
19:58:24.393,0.07
19:58:24.403,0.08
19:58:24.414,0.06
19:58:24.424,0.07
19:58:24.435,0.09
19:58:24.445,0.08
19:58:24.456,0.12
19:58:24.466,0.10
19:58:24.477,0.09
19:58:24.487,0.09
19:58:24.498,0.08
19:58:24.508,0.07
19:58:24.519,0.05
19:58:24.529,0.08
19:58:24.539,0.11
19:58:24.549,0.07
19:58:24.559,0.05
19:58:24.570,0.06
19:58:24.580,0.12
19:58:24.591,0.21
19:58:24.601,0.10
19:58:24.611,0.08
19:58:24.622,1.22
19:58:24.632,0.10
19:58:24.642,0.09
19:58:24.653,0.13
19:58:24.663,0.09
19:58:24.674,0.07
19:58:24.684,0.50
19:58:24.694,0.07
19:58:24.705,0.09
19:58:24.715,0.32
19:58:24.726,0.14
19:58:24.736,0.09
19:58:24.747,2.23
19:58:24.757,0.08
19:58:24.768,0.07
19:58:24.778,0.10
19:58:24.789,0.14
19:58:24.799,0.19
19:58:24.810,0.69
19:58:24.820,0.12
19:58:24.831,0.11
19:58:24.841,0.72
19:58:24.852,0.12
19:58:24.863,0.15
19:58:24.873,0.62
19:58:24.884,0.11
19:58:24.894,0.18
19:58:24.905,0.12
19:58:24.915,0.10
19:58:24.926,0.14
19:58:24.936,0.14
19:58:24.947,0.11
19:58:24.957,0.09
19:58:24.967,0.12
19:58:24.978,0.14
19:58:24.988,0.12
19:58:24.999,0.13
19:58:25.009,0.10
19:58:25.020,0.07
19:58:25.030,0.09
19:58:25.040,0.12
19:58:25.051,0.07
19:58:25.061,0.06
19:58:25.071,0.14
19:58:25.082,0.07
19:58:25.092,0.07
19:58:25.103,0.17
19:58:25.114,0.08
19:58:25.124,0.08
19:58:25.134,0.10
19:58:25.145,0.11
19:58:25.155,0.08
19:58:25.166,0.17
19:58:25.176,0.15
19:58:25.187,0.07
19:58:25.197,0.08
19:58:25.207,0.81
19:58:25.218,0.07
19:58:25.228,0.08
19:58:25.239,0.08
19:58:25.249,0.08
19:58:25.260,0.11
19:58:25.270,0.12
19:58:25.281,0.08
19:58:25.291,0.09
19:58:25.302,0.12
19:58:25.312,0.08
19:58:25.322,0.11
19:58:25.333,0.08
19:58:25.343,0.11
19:58:25.354,0.12
19:58:25.364,0.13
19:58:25.375,0.07
19:58:25.385,0.09
19:58:25.396,0.13
19:58:25.406,0.09
19:58:25.416,0.08
19:58:25.427,0.12
19:58:25.438,0.10
19:58:25.448,0.78
19:58:25.459,0.11
19:58:25.469,0.08
19:58:25.479,0.10
19:58:25.490,0.08
19:58:25.500,0.08
19:58:25.511,0.08
19:58:25.521,0.10
19:58:25.532,0.10
19:58:25.542,0.15
19:58:25.553,0.09
19:58:25.563,0.07
19:58:25.574,0.16
19:58:25.584,0.13
19:58:25.594,0.08
19:58:25.604,0.09
19:58:25.615,0.09
19:58:25.625,0.07
19:58:25.636,0.14
19:58:25.646,0.09
19:58:25.657,0.11
19:58:25.667,0.10
19:58:25.678,0.09
19:58:25.688,0.19
19:58:25.699,0.39
19:58:25.709,0.13
19:58:25.720,0.09
19:58:25.730,0.18
19:58:25.741,0.11
19:58:25.751,0.13
19:58:25.762,0.08
19:58:25.772,0.06
19:58:25.783,0.11
19:58:25.793,0.09
19:58:25.804,0.16
19:58:25.815,0.07
19:58:25.825,0.06
19:58:25.835,0.09
19:58:25.846,0.05
19:58:25.856,0.07
19:58:25.866,0.08
19:58:25.877,0.12
19:58:25.887,0.06
19:58:25.898,0.12
19:58:25.908,0.10
19:58:25.918,0.12
19:58:25.929,0.07
19:58:25.939,0.09
19:58:25.949,0.05
19:58:25.960,0.06
19:58:25.970,0.10
19:58:25.981,0.11
19:58:25.991,0.09
19:58:26.001,0.09
19:58:26.012,0.07
19:58:26.022,0.09
19:58:26.033,0.16
19:58:26.043,0.06
19:58:26.054,0.07
19:58:26.064,0.09
19:58:26.075,0.08
19:58:26.085,0.05
19:58:26.096,0.07
19:58:26.106,0.06
19:58:26.117,0.07
19:58:26.127,0.09
19:58:26.137,0.06
19:58:26.147,0.09
19:58:26.158,0.18
19:58:26.168,0.09
19:58:26.179,0.10
19:58:26.189,0.13
19:58:26.200,0.14
19:58:26.210,0.09
19:58:26.221,0.12
19:58:26.231,0.10
19:58:26.241,0.08
19:58:26.252,0.15
19:58:26.262,0.08
19:58:26.273,0.08
19:58:26.283,0.09
19:58:26.294,0.06
19:58:26.304,0.11
19:58:26.315,0.11
19:58:26.325,0.06
19:58:26.335,0.07
19:58:26.346,0.07
19:58:26.356,0.04
19:58:26.366,0.10
19:58:26.376,0.07
19:58:26.387,0.08
19:58:26.397,0.06
19:58:26.408,0.09
19:58:26.418,0.36
19:58:26.428,0.09
19:58:26.439,0.13
19:58:26.449,0.10
19:58:26.460,0.09
19:58:26.470,0.11
19:58:26.481,0.06
19:58:26.491,0.09
19:58:26.502,0.10
19:58:26.512,0.08
19:58:26.523,0.11
19:58:26.533,0.10
19:58:26.544,0.07
19:58:26.554,0.11
19:58:26.565,0.14
19:58:26.575,0.06
19:58:26.586,0.08
19:58:26.596,0.07
19:58:26.606,0.07
19:58:26.617,0.08
19:58:26.627,0.16
19:58:26.638,0.08
19:58:26.648,0.06
19:58:26.659,0.10
19:58:26.669,0.15
19:58:26.680,0.07
19:58:26.690,0.18
19:58:26.701,0.07
19:58:26.711,0.05
19:58:26.722,0.08
19:58:26.732,0.08
19:58:26.743,2.11
19:58:26.753,0.07
19:58:26.764,0.07
19:58:26.774,0.06
19:58:26.784,0.10
19:58:26.795,0.10
19:58:26.805,0.16
19:58:26.816,0.10
19:58:26.826,0.06
19:58:26.837,0.09
19:58:26.847,0.09
19:58:26.857,0.08
19:58:26.867,0.10
19:58:26.878,0.07
19:58:26.888,0.05
19:58:26.899,0.09
19:58:26.909,0.12
19:58:26.920,0.07
19:58:26.930,0.06
19:58:26.941,0.08
19:58:26.951,0.13
19:58:26.962,0.11
19:58:26.972,0.09
19:58:26.983,0.09
19:58:26.993,0.10
19:58:27.004,0.07
19:58:27.015,0.06
19:58:27.025,0.13
19:58:27.036,0.08
19:58:27.046,0.08
19:58:27.057,0.10
19:58:27.067,0.08
19:58:27.078,0.05
19:58:27.088,0.08
19:58:27.099,0.10
19:58:27.109,0.07
19:58:27.120,0.12
19:58:27.130,0.08
19:58:27.141,0.10
19:58:27.151,0.07
19:58:27.162,0.09
19:58:27.172,0.10
19:58:27.183,0.06
19:58:27.193,0.07
19:58:27.203,0.09
19:58:27.214,0.06
19:58:27.224,0.10
19:58:27.234,0.10
19:58:27.245,0.10
19:58:27.255,0.08
19:58:27.265,0.10
19:58:27.276,0.10
19:58:27.286,0.08
19:58:27.297,0.08
19:58:27.307,0.06
19:58:27.318,0.06
19:58:27.328,0.10
19:58:27.339,0.05
19:58:27.349,0.10
19:58:27.360,0.10
19:58:27.370,0.56
19:58:27.380,0.06
19:58:27.391,0.09
19:58:27.401,0.69
19:58:27.412,0.18
19:58:27.422,0.10
19:58:27.432,0.64
19:58:27.443,0.43
19:58:27.453,0.34
19:58:27.464,0.20
19:58:27.474,0.06
19:58:27.485,0.05
19:58:27.495,1.03
19:58:27.506,0.10
19:58:27.516,0.08
19:58:27.527,0.67
19:58:27.537,0.10
19:58:27.547,0.09
19:58:27.558,0.16
19:58:27.568,0.12
19:58:27.579,0.08
19:58:27.589,0.85
19:58:27.600,0.11
19:58:27.610,0.08
19:58:27.621,0.07
19:58:27.631,0.09
19:58:27.642,3.60
19:58:27.652,0.08
19:58:27.662,0.09
19:58:27.673,0.10
19:58:27.683,0.06
19:58:27.694,0.07
19:58:27.704,0.07
19:58:27.715,0.04
19:58:27.725,0.08
19:58:27.736,0.07
19:58:27.746,0.12
19:58:27.757,0.29
19:58:27.767,0.07
19:58:27.778,0.09
19:58:27.788,0.49
19:58:27.799,0.11
19:58:27.809,0.09
19:58:27.819,1.03
19:58:27.830,0.07
19:58:27.840,0.12
19:58:27.851,0.42
19:58:27.861,0.17
19:58:27.872,0.11
19:58:27.882,0.51
19:58:27.892,0.05
19:58:27.902,0.06
19:58:27.913,0.66
19:58:27.923,0.10
19:58:27.934,0.09
19:58:27.944,0.41
19:58:27.954,0.14
19:58:27.965,0.14
19:58:27.975,0.07
19:58:27.985,0.06
19:58:27.996,0.12
19:58:28.006,0.10
19:58:28.016,0.07
19:58:28.027,0.05
19:58:28.038,0.07
19:58:28.048,0.06
19:58:28.058,0.08
19:58:28.068,0.10
19:58:28.079,0.08
19:58:28.089,0.05
19:58:28.099,0.11
19:58:28.110,0.09
19:58:28.120,0.04
19:58:28.131,0.11
19:58:28.141,0.06
19:58:28.152,0.04
19:58:28.162,0.09
19:58:28.172,0.07
19:58:28.182,0.09
19:58:28.193,0.17
19:58:28.204,0.10
19:58:28.214,0.07
19:58:28.225,0.06
19:58:28.235,0.10
19:58:28.245,0.30
19:58:28.256,0.13
19:58:28.266,0.10
19:58:28.277,0.06
19:58:28.287,0.08
19:58:28.298,0.09
19:58:28.308,0.09
19:58:28.319,0.09
19:58:28.329,0.08
19:58:28.340,0.06
19:58:28.350,0.08
19:58:28.361,0.07
19:58:28.371,0.06
19:58:28.381,0.03
19:58:28.392,0.06
19:58:28.402,0.10
19:58:28.413,0.06
19:58:28.423,0.08
19:58:28.433,0.09
19:58:28.444,0.06
19:58:28.454,6.51
19:58:28.465,0.10
19:58:28.475,0.05
19:58:28.486,0.05
19:58:28.496,0.08
19:58:28.506,0.09
19:58:28.516,0.07
19:58:28.527,0.10
19:58:28.537,0.06
19:58:28.548,0.10
19:58:28.558,0.09
19:58:28.569,0.08
19:58:28.579,0.09
19:58:28.590,0.08
19:58:28.600,0.09
19:58:28.611,0.07
19:58:28.621,0.07
19:58:28.631,0.08
19:58:28.642,0.08
19:58:28.652,0.05
19:58:28.663,0.07
19:58:28.673,0.09
19:58:28.684,0.08
19:58:28.697,0.74
19:58:28.708,0.07
19:58:28.718,0.08
19:58:28.729,0.08
19:58:28.739,0.06
19:58:28.750,0.09
19:58:28.760,0.06
19:58:28.771,0.07
19:58:28.782,0.05
19:58:28.792,0.06
19:58:28.803,0.08
19:58:28.813,0.13
19:58:28.824,0.05
19:58:28.834,0.07
19:58:28.844,0.58
19:58:28.855,0.07
19:58:28.865,0.11
19:58:28.875,0.07
19:58:28.886,0.05
19:58:28.896,0.10
19:58:28.907,0.05
19:58:28.917,0.05
19:58:28.927,0.08
19:58:28.938,0.09
19:58:28.948,0.12
19:58:28.958,0.12
19:58:28.968,0.09
19:58:28.979,0.08
19:58:28.989,0.08
19:58:28.999,0.13
19:58:29.010,0.29
19:58:29.020,0.13
19:58:29.030,0.11
19:58:29.041,0.07
19:58:29.051,0.08
19:58:29.061,0.08
19:58:29.072,0.58
19:58:29.082,0.10
19:58:29.093,0.06
19:58:29.103,0.06
19:58:29.114,0.07
19:58:29.124,0.10
19:58:29.135,1.27
19:58:29.145,1.44
19:58:29.156,0.07
19:58:29.166,0.09
19:58:29.176,0.09
19:58:29.187,0.08
19:58:29.198,0.07
19:58:29.208,0.08
19:58:29.218,0.12
19:58:29.229,0.67
19:58:29.239,0.10
19:58:29.249,0.08
19:58:29.260,0.61
19:58:29.270,0.11
19:58:29.281,0.08
19:58:29.291,0.38
19:58:29.301,0.06
19:58:29.312,0.07
19:58:29.322,0.73
19:58:29.333,0.09
19:58:29.343,0.09
19:58:29.354,0.28
19:58:29.364,0.10
19:58:29.375,0.08
19:58:29.385,0.34
19:58:29.396,0.07
19:58:29.406,0.10
19:58:29.417,0.24
19:58:29.427,0.11
19:58:29.438,0.08
19:58:29.448,0.14
19:58:29.459,0.12
19:58:29.469,0.15
19:58:29.480,0.05
19:58:29.490,0.10
19:58:29.501,0.07
19:58:29.511,0.34
19:58:29.522,0.07
19:58:29.532,0.11
19:58:29.543,0.05
19:58:29.553,0.06
19:58:29.563,0.10
19:58:29.574,0.08
19:58:29.584,0.10
19:58:29.595,0.05
19:58:29.605,0.10
19:58:29.615,0.07
19:58:29.626,0.09
19:58:29.637,0.08
19:58:29.647,0.08
19:58:29.657,0.08
19:58:29.668,0.08
19:58:29.678,0.08
19:58:29.689,0.10
19:58:29.699,0.13
19:58:29.710,0.05
19:58:29.720,0.08
19:58:29.731,0.08
19:58:29.741,3.51
19:58:29.752,0.06
19:58:29.762,0.09
19:58:29.773,0.04
19:58:29.783,0.09
19:58:29.794,0.08
19:58:29.804,0.69
19:58:29.815,0.08
19:58:29.825,0.11
19:58:29.836,0.52
19:58:29.846,0.06
19:58:29.857,0.09
19:58:29.868,0.08
19:58:29.878,0.09
19:58:29.889,0.06
19:58:29.899,0.07
19:58:29.910,0.08
19:58:29.920,0.09
19:58:29.931,0.09
19:58:29.941,0.09
19:58:29.951,0.20
19:58:29.962,0.07
19:58:29.972,0.11
19:58:29.983,0.13
19:58:29.993,0.07
19:58:30.004,0.09
19:58:30.014,0.06
19:58:30.025,0.06
19:58:30.035,0.06
19:58:30.046,0.04
19:58:30.056,0.05
19:58:30.067,0.08
19:58:30.077,0.09
19:58:30.088,0.05
19:58:30.098,0.13
19:58:30.109,0.09
19:58:30.119,0.07
19:58:30.130,0.08
19:58:30.140,0.08
19:58:30.151,0.13
19:58:30.161,0.06
19:58:30.172,0.13
19:58:30.182,0.07
19:58:30.193,0.04
19:58:30.203,0.11
19:58:30.214,0.04
19:58:30.224,0.06
19:58:30.235,0.10
19:58:30.245,0.07
19:58:30.255,0.05
19:58:30.265,0.11
19:58:30.276,0.10
19:58:30.287,0.07
19:58:30.297,0.08
19:58:30.307,0.08
19:58:30.318,0.09
19:58:30.328,0.06
19:58:30.339,0.05
19:58:30.349,0.07
19:58:30.359,0.09
19:58:30.369,0.07
19:58:30.380,0.16
19:58:30.391,0.06
19:58:30.401,0.07
19:58:30.412,0.07
19:58:30.422,0.12
19:58:30.433,0.08
19:58:30.443,0.06
19:58:30.453,0.05
19:58:30.464,0.07
19:58:30.474,0.70
19:58:30.484,0.11
19:58:30.495,0.07
19:58:30.505,0.36
19:58:30.516,0.05
19:58:30.526,0.04
19:58:30.536,0.65
19:58:30.547,0.15
19:58:30.557,0.06
19:58:30.567,0.40
19:58:30.578,0.05
19:58:30.589,0.04
19:58:30.599,0.18
19:58:30.610,0.10
19:58:30.620,0.07
19:58:30.631,0.32
19:58:30.641,0.13
19:58:30.652,0.05
19:58:30.662,0.11
19:58:30.673,0.08
19:58:30.683,0.09
19:58:30.694,2.40
19:58:30.704,0.08
19:58:30.715,0.07
19:58:30.725,0.35
19:58:30.736,0.11
19:58:30.747,0.07
19:58:30.757,0.91
19:58:30.767,0.07
19:58:30.778,0.05
19:58:30.788,0.47
19:58:30.799,0.15
19:58:30.809,0.09
19:58:30.820,0.04
19:58:30.830,0.04
19:58:30.840,0.07
19:58:30.851,0.34
19:58:30.861,0.76
19:58:30.872,0.09
19:58:30.882,0.06
19:58:30.893,0.07
19:58:30.903,0.08
19:58:30.914,0.05
19:58:30.924,0.05
19:58:30.935,0.12
19:58:30.945,1.19
19:58:30.956,0.19
19:58:30.966,0.09
19:58:30.977,0.06
19:58:30.987,0.08
19:58:30.998,0.07
19:58:31.008,0.06
19:58:31.018,0.09
19:58:31.030,0.11
19:58:31.040,0.06
19:58:31.051,0.04
19:58:31.062,0.05
19:58:31.072,0.07
19:58:31.082,0.05
19:58:31.093,0.06
19:58:31.103,0.09
19:58:31.114,0.07
19:58:31.124,0.08
19:58:31.134,0.11
19:58:31.144,0.07
19:58:31.155,0.10
19:58:31.165,0.08
19:58:31.176,0.06
19:58:31.186,0.08
19:58:31.197,0.09
19:58:31.207,0.08
19:58:31.218,0.08
19:58:31.228,0.07
19:58:31.238,0.05
19:58:31.249,0.06
19:58:31.259,0.06
19:58:31.270,0.09
19:58:31.280,0.10
19:58:31.291,0.10
19:58:31.301,0.07
19:58:31.311,0.07
19:58:31.321,0.05
19:58:31.332,0.08
19:58:31.342,0.09
19:58:31.353,0.07
19:58:31.363,0.10
19:58:31.374,0.08
19:58:31.384,0.07
19:58:31.395,0.12
19:58:31.405,0.07
19:58:31.416,0.06
19:58:31.426,0.05
19:58:31.437,0.18
19:58:31.447,2.28
19:58:31.457,0.09
19:58:31.468,0.07
19:58:31.478,4.07
19:58:31.488,0.08
19:58:31.499,0.10
19:58:31.510,0.05
19:58:31.520,0.04
19:58:31.531,0.08
19:58:31.541,3.42
19:58:31.552,0.14
19:58:31.562,0.09
19:58:31.573,0.06
19:58:31.583,0.09
19:58:31.594,0.07
19:58:31.604,0.16
19:58:31.615,0.08
19:58:31.625,0.11
19:58:31.636,0.07
19:58:31.646,0.12
19:58:31.657,0.09
19:58:31.667,0.11
19:58:31.678,0.05
19:58:31.688,0.11
19:58:31.699,0.09
19:58:31.709,0.04
19:58:31.719,0.09
19:58:31.730,0.07
19:58:31.740,0.12
19:58:31.751,0.06
19:58:31.761,0.06
19:58:31.772,0.09
19:58:31.782,0.10
19:58:31.793,0.08
19:58:31.803,0.07
19:58:31.814,0.06
19:58:31.824,0.06
19:58:31.835,0.12
19:58:31.845,0.06
19:58:31.855,0.08
19:58:31.866,0.09
19:58:31.876,0.08
19:58:31.887,0.07
19:58:31.898,0.27
19:58:31.908,0.13
19:58:31.918,0.06
19:58:31.928,0.58
19:58:31.939,0.09
19:58:31.949,0.10
19:58:31.960,0.47
19:58:31.970,0.08
19:58:31.981,0.08
19:58:31.991,0.07
19:58:32.002,0.10
19:58:32.012,0.05
19:58:32.023,0.06
19:58:32.033,0.11
19:58:32.043,0.08
19:58:32.054,0.10
19:58:32.064,0.10
19:58:32.074,0.07
19:58:32.085,0.08
19:58:32.095,0.09
19:58:32.106,0.11
19:58:32.117,0.10
19:58:32.127,0.06
19:58:32.138,0.05
19:58:32.148,0.06
19:58:32.159,0.05
19:58:32.169,0.13
19:58:32.179,0.06
19:58:32.190,0.07
19:58:32.200,0.16
19:58:32.211,0.08
19:58:32.221,0.06
19:58:32.232,0.09
19:58:32.242,0.08
19:58:32.255,0.55
19:58:32.265,0.07
19:58:32.276,0.08
19:58:32.286,0.09
19:58:32.297,0.10
19:58:32.307,0.06
19:58:32.318,0.25
19:58:32.328,0.05
19:58:32.339,0.11
19:58:32.349,0.20
19:58:32.359,0.04
19:58:32.370,0.11
19:58:32.380,0.05
19:58:32.391,0.11
19:58:32.401,0.10
19:58:32.412,0.04
19:58:32.422,0.09
19:58:32.432,0.10
19:58:32.443,2.53
19:58:32.453,0.10
19:58:32.464,0.08
19:58:32.474,0.09
19:58:32.484,0.05
19:58:32.495,0.08
19:58:32.506,0.72
19:58:32.516,0.04
19:58:32.526,0.08
19:58:32.537,0.61
19:58:32.547,0.06
19:58:32.558,0.11
19:58:32.568,0.36
19:58:32.579,0.05
19:58:32.589,0.06
19:58:32.600,0.30
19:58:32.610,0.10
19:58:32.620,0.06
19:58:32.631,0.54
19:58:32.641,0.04
19:58:32.652,0.09
19:58:32.662,2.16
19:58:32.673,0.07
19:58:32.683,0.09
19:58:32.693,1.09
19:58:32.704,0.07
19:58:32.714,0.11
19:58:32.724,1.57
19:58:32.735,0.11
19:58:32.745,0.10
19:58:32.756,0.49
19:58:32.766,0.10
19:58:32.777,0.09
19:58:32.787,0.32
19:58:32.798,0.08
19:58:32.808,0.07
19:58:32.818,1.08
19:58:32.829,0.10
19:58:32.839,0.06
19:58:32.850,0.60
19:58:32.860,0.06
19:58:32.871,0.09
19:58:32.881,0.69
19:58:32.892,0.75
19:58:32.903,0.09
19:58:32.913,0.68
19:58:32.923,0.09
19:58:32.934,0.09
19:58:32.944,0.92
19:58:32.954,0.15
19:58:32.965,0.11
19:58:32.975,0.05
19:58:32.986,0.08
19:58:32.996,0.12
19:58:33.006,0.08
19:58:33.016,0.08
19:58:33.027,0.10
19:58:33.037,0.06
19:58:33.048,0.04
19:58:33.058,0.08
19:58:33.069,0.06
19:58:33.079,0.07
19:58:33.090,0.06
19:58:33.100,0.08
19:58:33.111,0.07
19:58:33.121,0.12
19:58:33.131,0.09
19:58:33.142,0.12
19:58:33.152,0.08
19:58:33.163,0.05
19:58:33.173,0.09
19:58:33.184,0.04
19:58:33.194,0.03
19:58:33.204,0.08
19:58:33.215,0.08
19:58:33.225,0.05
19:58:33.235,0.08
19:58:33.246,0.04
19:58:33.256,0.07
19:58:33.267,0.09
19:58:33.277,0.09
19:58:33.288,0.05
19:58:33.298,0.10
19:58:33.308,0.07
19:58:33.319,0.11
19:58:33.329,0.12
19:58:33.340,0.09
19:58:33.350,0.08
19:58:33.360,0.08
19:58:33.371,0.13
19:58:33.381,0.07
19:58:33.392,0.08
19:58:33.402,0.12
19:58:33.413,0.09
19:58:33.423,0.08
19:58:33.433,0.08
19:58:33.444,5.08
19:58:33.454,2.33
19:58:33.464,0.11
19:58:33.475,0.12
19:58:33.485,0.06
19:58:33.496,0.10
19:58:33.506,0.07
19:58:33.517,0.08
19:58:33.527,0.09
19:58:33.537,0.08
19:58:33.548,0.08
19:58:33.558,0.07
19:58:33.568,0.08
19:58:33.579,0.08
19:58:33.589,0.06
19:58:33.599,0.05
19:58:33.610,0.08
19:58:33.620,0.08
19:58:33.631,0.06
19:58:33.641,0.27
19:58:33.651,0.04
19:58:33.662,0.06
19:58:33.672,0.07
19:58:33.683,0.09
19:58:33.693,0.10
19:58:33.704,0.08
19:58:33.714,0.07
19:58:33.725,0.06
19:58:33.735,0.11
19:58:33.745,0.13
19:58:33.756,0.06
19:58:33.766,0.08
19:58:33.776,0.04
19:58:33.786,0.07
19:58:33.797,0.08
19:58:33.807,0.05
19:58:33.818,0.04
19:58:33.828,0.06
19:58:33.838,0.07
19:58:33.849,0.04
19:58:33.860,0.08
19:58:33.870,0.06
19:58:33.880,0.09
19:58:33.891,0.06
19:58:33.901,0.11
19:58:33.911,0.11
19:58:33.922,0.08
19:58:33.932,0.11
19:58:33.943,2.08
19:58:33.953,0.09
19:58:33.964,0.09
19:58:33.974,0.08
19:58:33.984,0.05
19:58:33.994,0.09
19:58:34.005,0.07
19:58:34.015,0.04
19:58:34.026,0.09
19:58:34.036,0.07
19:58:34.047,0.03
19:58:34.057,0.16
19:58:34.067,0.08
19:58:34.077,0.06
19:58:34.088,0.06
19:58:34.098,0.10
19:58:34.109,0.07
19:58:34.119,0.12
19:58:34.129,0.12
19:58:34.140,0.07
19:58:34.150,0.05
19:58:34.160,0.05
19:58:34.171,0.12
19:58:34.181,0.04
19:58:34.192,0.04
19:58:34.203,0.09
19:58:34.213,0.04
19:58:34.223,0.13
19:58:34.234,0.08
19:58:34.244,2.26
19:58:34.254,0.04
19:58:34.265,0.08
19:58:34.275,0.11
19:58:34.285,0.07
19:58:34.296,0.08
19:58:34.306,0.10
19:58:34.316,0.17
19:58:34.327,0.08
19:58:34.337,0.15
19:58:34.348,0.18
19:58:34.358,0.11
19:58:34.368,0.08
19:58:34.379,0.07
19:58:34.389,0.10
19:58:34.399,0.11
19:58:34.410,0.07
19:58:34.420,0.09
19:58:34.431,0.12
19:58:34.441,0.06
19:58:34.452,0.05
19:58:34.462,0.06
19:58:34.472,0.07
19:58:34.483,0.09
19:58:34.494,0.10
19:58:34.504,0.18
19:58:34.515,0.06
19:58:34.525,0.07
19:58:34.535,0.52
19:58:34.546,0.06
19:58:34.556,0.07
19:58:34.566,0.56
19:58:34.577,0.06
19:58:34.587,0.05
19:58:34.597,0.30
19:58:34.608,0.05
19:58:34.618,0.09
19:58:34.629,0.47
19:58:34.640,0.05
19:58:34.650,0.04
19:58:34.660,0.57
19:58:34.671,0.07
19:58:34.681,0.06
19:58:34.691,0.40
19:58:34.701,0.09
19:58:34.712,0.09
19:58:34.722,0.58
19:58:34.733,0.14
19:58:34.743,0.07
19:58:34.754,0.29
19:58:34.764,0.11
19:58:34.775,0.07
19:58:34.785,0.28
19:58:34.795,0.07
19:58:34.806,0.07
19:58:34.816,0.18
19:58:34.827,0.08
19:58:34.837,0.14
19:58:34.848,0.47
19:58:34.858,0.06
19:58:34.869,0.05
19:58:34.879,0.06
19:58:34.890,0.07
19:58:34.900,0.12
19:58:34.911,0.06
19:58:34.921,0.07
19:58:34.932,0.13
19:58:34.942,0.07
19:58:34.952,0.12
19:58:34.963,0.08
19:58:34.974,0.09
19:58:34.984,0.05
19:58:34.995,0.50
19:58:35.005,0.07
19:58:35.015,0.10
19:58:35.026,0.08
19:58:35.037,0.09
19:58:35.047,0.11
19:58:35.058,0.11
19:58:35.068,0.17
19:58:35.078,0.08
19:58:35.089,0.09
19:58:35.099,0.08
19:58:35.110,0.10
19:58:35.120,0.11
19:58:35.131,0.11
19:58:35.141,3.52
19:58:35.152,0.07
19:58:35.162,0.10
19:58:35.172,0.07
19:58:35.183,0.07
19:58:35.193,0.07
19:58:35.203,0.14
19:58:35.214,0.11
19:58:35.224,0.09
19:58:35.235,0.13
19:58:35.245,0.06
19:58:35.255,0.07
19:58:35.266,0.10
19:58:35.276,0.07
19:58:35.286,0.12
19:58:35.297,0.16
19:58:35.307,0.10
19:58:35.318,0.07
19:58:35.328,0.07
19:58:35.339,0.16
19:58:35.349,0.09
19:58:35.360,0.12
19:58:35.370,0.12
19:58:35.381,0.11
19:58:35.391,0.06
19:58:35.402,0.08
19:58:35.412,0.21
19:58:35.423,0.08
19:58:35.433,0.10
19:58:35.443,3.53
19:58:35.454,5.16
19:58:35.465,0.14
19:58:35.475,0.11
19:58:35.486,0.23
19:58:35.496,0.08
19:58:35.507,0.09
19:58:35.517,0.55
19:58:35.528,0.14
19:58:35.538,0.07
19:58:35.548,0.12
19:58:35.558,0.10
19:58:35.568,0.09
19:58:35.579,0.06
19:58:35.589,0.07
19:58:35.600,0.11
19:58:35.610,0.17
19:58:35.620,0.09
19:58:35.631,0.09
19:58:35.641,0.41
19:58:35.652,0.04
19:58:35.662,0.07
19:58:35.673,0.16
19:58:35.683,0.08
19:58:35.693,0.05
19:58:35.704,0.08
19:58:35.714,0.08
19:58:35.725,0.10
19:58:35.735,0.75
19:58:35.746,0.07
19:58:35.756,0.11
19:58:35.767,0.36
19:58:35.777,0.08
19:58:35.787,0.13
19:58:35.798,0.67
19:58:35.808,0.13
19:58:35.819,0.10
19:58:35.829,0.46
19:58:35.840,0.05
19:58:35.850,0.10
19:58:35.861,0.54
19:58:35.871,0.11
19:58:35.882,0.05
19:58:35.892,1.07
19:58:35.903,0.08
19:58:35.914,0.06
19:58:35.924,0.17
19:58:35.935,0.14
19:58:35.945,0.10
19:58:35.955,0.56
19:58:35.966,0.12
19:58:35.976,0.10
19:58:35.986,0.28
19:58:35.997,0.09
19:58:36.007,0.08
19:58:36.018,0.76
19:58:36.028,0.06
19:58:36.038,0.11
19:58:36.049,0.31
19:58:36.060,0.06
19:58:36.070,0.07
19:58:36.080,0.06
19:58:36.091,0.09
19:58:36.101,0.10
19:58:36.112,0.05
19:58:36.122,0.07
19:58:36.132,0.07
19:58:36.143,0.11
19:58:36.153,0.10
19:58:36.164,0.08
19:58:36.175,0.06
19:58:36.185,0.05
19:58:36.195,0.07
19:58:36.206,0.06
19:58:36.216,0.09
19:58:36.227,0.06
19:58:36.237,0.07
19:58:36.247,0.07
19:58:36.258,0.14
19:58:36.268,0.08
19:58:36.279,0.06
19:58:36.289,0.04
19:58:36.299,0.08
19:58:36.310,0.07
19:58:36.320,0.05
19:58:36.331,0.83
19:58:36.341,3.37
19:58:36.352,0.10
19:58:36.362,0.09
19:58:36.372,0.12
19:58:36.383,0.08
19:58:36.393,0.07
19:58:36.404,0.41
19:58:36.414,0.06
19:58:36.424,0.09
19:58:36.435,0.07
19:58:36.446,3.96
19:58:36.456,2.15
19:58:36.466,0.09
19:58:36.477,0.07
19:58:36.487,0.04
19:58:36.497,0.08
19:58:36.508,0.07
19:58:36.518,0.08
19:58:36.529,0.07
19:58:36.539,0.08
19:58:36.550,0.10
19:58:36.560,0.08
19:58:36.571,0.08
19:58:36.581,0.06
19:58:36.591,0.04
19:58:36.602,0.06
19:58:36.612,0.04
19:58:36.622,0.08
19:58:36.633,0.08
19:58:36.644,2.48
19:58:36.654,0.07
19:58:36.664,0.97
19:58:36.675,0.04
19:58:36.685,0.06
19:58:36.696,0.08
19:58:36.706,0.10
19:58:36.717,0.09
19:58:36.727,0.59
19:58:36.738,0.10
19:58:36.748,0.07
19:58:36.759,0.07
19:58:36.769,0.10
19:58:36.780,0.06
19:58:36.790,0.09
19:58:36.801,0.09
19:58:36.811,0.09
19:58:36.822,0.36
19:58:36.832,0.13
19:58:36.843,0.12
19:58:36.853,0.32
19:58:36.864,0.11
19:58:36.874,0.05
19:58:36.884,1.14
19:58:36.895,0.09
19:58:36.906,0.09
19:58:36.916,0.12
19:58:36.926,0.12
19:58:36.937,0.09
19:58:36.947,0.13
19:58:36.958,0.06
19:58:36.968,0.10
19:58:36.979,0.37
19:58:36.989,0.07
19:58:36.999,0.09
19:58:37.010,0.19
19:58:37.021,0.05
19:58:37.031,0.09
19:58:37.041,0.20
19:58:37.052,0.08
19:58:37.062,0.10
19:58:37.072,0.22
19:58:37.083,0.13
19:58:37.093,0.06
19:58:37.104,1.01
19:58:37.114,0.07
19:58:37.125,0.04
19:58:37.135,0.35
19:58:37.145,0.07
19:58:37.155,0.05
19:58:37.166,0.16
19:58:37.177,0.08
19:58:37.187,0.06
19:58:37.198,0.74
19:58:37.208,0.06
19:58:37.219,0.10
19:58:37.229,0.07
19:58:37.240,0.12
19:58:37.250,0.06
19:58:37.261,0.04
19:58:37.271,0.09
19:58:37.281,0.10
19:58:37.292,0.06
19:58:37.302,0.11
19:58:37.312,0.04
19:58:37.323,0.14
19:58:37.333,0.10
19:58:37.343,0.09
19:58:37.354,0.50
19:58:37.364,0.10
19:58:37.375,0.09
19:58:37.385,0.07
19:58:37.395,0.08
19:58:37.406,0.09
19:58:37.416,0.14
19:58:37.427,0.06
19:58:37.437,0.12
19:58:37.447,1.59
19:58:37.458,0.05
19:58:37.469,0.10
19:58:37.479,0.11
19:58:37.490,0.04
19:58:37.500,0.09
19:58:37.510,0.62
19:58:37.521,0.04
19:58:37.531,0.08
19:58:37.542,0.30
19:58:37.552,0.05
19:58:37.563,0.09
19:58:37.573,0.26
19:58:37.584,0.07
19:58:37.594,0.07
19:58:37.604,0.06
19:58:37.614,0.05
19:58:37.625,0.07
19:58:37.635,0.06
19:58:37.645,0.13
19:58:37.656,0.11
19:58:37.666,0.11
19:58:37.677,0.15
19:58:37.687,0.12
19:58:37.698,0.13
19:58:37.708,0.09
19:58:37.719,0.08
19:58:37.729,0.08
19:58:37.739,0.08
19:58:37.750,0.09
19:58:37.760,0.07
19:58:37.771,0.14
19:58:37.781,0.10
19:58:37.792,0.07
19:58:37.802,0.10
19:58:37.813,0.11
19:58:37.823,0.05
19:58:37.833,0.12
19:58:37.844,1.33
19:58:37.854,0.13
19:58:37.865,0.07
19:58:37.875,0.10
19:58:37.886,0.05
19:58:37.896,0.08
19:58:37.906,0.07
19:58:37.916,0.07
19:58:37.927,0.13
19:58:37.937,0.08
19:58:37.948,0.08
19:58:37.958,0.15
19:58:37.969,0.12
19:58:37.979,0.22
19:58:37.990,0.10
19:58:38.000,0.11
19:58:38.011,0.48
19:58:38.021,0.08
19:58:38.032,0.12
19:58:38.042,0.69
19:58:38.053,0.11
19:58:38.063,0.07
19:58:38.074,0.28
19:58:38.084,0.04
19:58:38.095,0.09
19:58:38.105,0.50
19:58:38.116,0.04
19:58:38.126,0.06
19:58:38.136,0.64
19:58:38.147,0.05
19:58:38.157,0.05
19:58:38.168,0.34
19:58:38.178,0.07
19:58:38.189,0.09
19:58:38.199,0.84
19:58:38.209,0.06
19:58:38.220,0.08
19:58:38.231,0.37
19:58:38.241,0.09
19:58:38.251,0.07
19:58:38.262,0.09
19:58:38.272,0.10
19:58:38.283,0.05
19:58:38.293,0.47
19:58:38.304,0.08
19:58:38.314,0.04
19:58:38.325,0.30
19:58:38.336,0.07
19:58:38.346,0.12
19:58:38.357,0.41
19:58:38.367,0.08
19:58:38.378,0.08
19:58:38.388,0.06
19:58:38.398,0.08
19:58:38.409,0.09
19:58:38.419,0.19
19:58:38.430,0.07
19:58:38.440,0.07
19:58:38.451,1.14
19:58:38.461,1.06
19:58:38.471,0.11
19:58:38.482,0.06
19:58:38.492,0.05
19:58:38.503,0.07
19:58:38.513,0.05
19:58:38.524,0.04
19:58:38.534,0.11
19:58:38.544,0.06
19:58:38.555,0.08
19:58:38.565,0.18
19:58:38.576,0.07
19:58:38.586,0.04
19:58:38.597,0.11
19:58:38.607,0.08
19:58:38.617,0.07
19:58:38.628,0.07
19:58:38.638,0.08
19:58:38.649,0.08
19:58:38.659,0.04
19:58:38.669,0.06
19:58:38.680,0.06
19:58:38.690,0.07
19:58:38.700,0.09
19:58:38.711,0.05
19:58:38.721,0.08
19:58:38.731,0.06
19:58:38.742,3.55
19:58:38.752,0.05
19:58:38.763,0.10
19:58:38.773,0.05
19:58:38.784,0.07
19:58:38.794,0.10
19:58:38.805,0.07
19:58:38.815,0.10
19:58:38.826,0.10
19:58:38.837,0.06
19:58:38.847,0.05
19:58:38.858,0.07
19:58:38.868,0.09
19:58:38.879,0.11
19:58:38.889,0.06
19:58:38.900,0.07
19:58:38.910,0.09
19:58:38.921,0.05
19:58:38.931,0.11
19:58:38.941,0.07
19:58:38.952,0.08
19:58:38.962,0.07
19:58:38.972,0.11
19:58:38.983,0.11
19:58:38.993,0.05
19:58:39.003,0.12
19:58:39.014,0.07
19:58:39.024,0.05
19:58:39.034,0.10
19:58:39.045,1.13
19:58:39.055,0.06
19:58:39.066,0.13
19:58:39.076,0.10
19:58:39.087,0.35
19:58:39.098,0.08
19:58:39.108,0.06
19:58:39.118,0.37
19:58:39.129,0.06
19:58:39.139,0.08
19:58:39.150,0.58
19:58:39.160,0.04
19:58:39.171,0.06
19:58:39.181,0.76
19:58:39.192,0.15
19:58:39.203,0.10
19:58:39.213,0.09
19:58:39.223,0.13
19:58:39.234,0.06
19:58:39.244,0.04
19:58:39.255,0.07
19:58:39.265,0.10
19:58:39.276,0.05
19:58:39.286,0.06
19:58:39.296,0.06
19:58:39.306,0.07
19:58:39.316,0.09
19:58:39.327,0.09
19:58:39.337,0.08
19:58:39.348,0.07
19:58:39.358,0.05
19:58:39.369,0.06
19:58:39.380,0.05
19:58:39.390,0.07
19:58:39.401,0.09
19:58:39.411,0.11
19:58:39.422,0.10
19:58:39.432,0.09
19:58:39.442,5.34
19:58:39.453,6.73
19:58:39.463,0.07
19:58:39.474,0.06
19:58:39.484,0.09
19:58:39.495,0.04
19:58:39.505,0.06
19:58:39.515,0.29
19:58:39.526,0.05
19:58:39.536,0.10
19:58:39.546,0.04
19:58:39.557,0.07
19:58:39.567,0.11
19:58:39.578,0.05
19:58:39.588,0.10
19:58:39.599,0.10
19:58:39.609,0.10
19:58:39.620,0.06
19:58:39.630,0.11
19:58:39.641,0.05
19:58:39.651,0.05
19:58:39.662,0.05
19:58:39.672,0.07
19:58:39.683,0.04
19:58:39.693,0.57
19:58:39.703,0.06
19:58:39.714,0.06
19:58:39.724,0.82
19:58:39.734,0.11
19:58:39.745,0.09
19:58:39.755,0.27
19:58:39.765,0.08
19:58:39.776,0.07
19:58:39.786,0.38
19:58:39.797,0.11
19:58:39.808,0.06
19:58:39.818,0.31
19:58:39.829,0.09
19:58:39.839,0.08
19:58:39.850,0.45
19:58:39.861,0.09
19:58:39.871,0.07
19:58:39.881,0.04
19:58:39.892,0.06
19:58:39.902,0.06
19:58:39.913,0.05
19:58:39.923,0.09
19:58:39.934,0.15
19:58:39.944,2.56
19:58:39.955,0.10
19:58:39.965,0.06
19:58:39.975,0.10
19:58:39.986,0.09
19:58:39.997,0.10
19:58:40.007,0.09
19:58:40.018,0.07
19:58:40.028,0.08
19:58:40.038,0.10
19:58:40.049,0.12
19:58:40.059,0.08
19:58:40.070,0.09
19:58:40.080,0.09
19:58:40.091,0.06
19:58:40.101,0.07
19:58:40.112,0.26
19:58:40.122,0.11
19:58:40.132,0.07
19:58:40.143,0.10
19:58:40.154,0.07
19:58:40.164,0.07
19:58:40.175,0.11
19:58:40.185,0.07
19:58:40.195,0.08
19:58:40.206,0.06
19:58:40.216,0.07
19:58:40.226,0.09
19:58:40.237,0.08
19:58:40.247,0.06
19:58:40.258,0.04
19:58:40.269,0.07
19:58:40.279,0.07
19:58:40.290,0.05
19:58:40.300,0.46
19:58:40.311,0.08
19:58:40.321,0.09
19:58:40.332,0.38
19:58:40.342,0.08
19:58:40.353,0.06
19:58:40.363,0.23
19:58:40.374,0.07
19:58:40.384,0.05
19:58:40.395,0.26
19:58:40.405,0.07
19:58:40.416,0.13
19:58:40.426,0.05
19:58:40.437,0.14
19:58:40.447,4.94
19:58:40.458,0.16
19:58:40.468,0.07
19:58:40.478,0.09
19:58:40.489,0.60
19:58:40.499,0.10
19:58:40.510,0.08
19:58:40.520,0.71
19:58:40.531,0.10
19:58:40.541,3.50
19:58:40.552,0.18
19:58:40.562,0.10
19:58:40.572,0.07
19:58:40.582,0.73
19:58:40.593,0.08
19:58:40.603,0.08
19:58:40.614,0.20
19:58:40.624,0.07
19:58:40.634,0.08
19:58:40.645,0.32
19:58:40.655,0.06
19:58:40.666,0.11
19:58:40.676,0.35
19:58:40.687,0.11
19:58:40.697,0.09
19:58:40.707,0.77
19:58:40.718,0.13
19:58:40.728,0.12
19:58:40.739,0.15
19:58:40.750,0.04
19:58:40.760,0.08
19:58:40.771,0.05
19:58:40.781,0.09
19:58:40.792,0.09
19:58:40.802,0.62
19:58:40.813,0.07
19:58:40.823,0.06
19:58:40.833,0.56
19:58:40.844,1.96
19:58:40.854,0.10
19:58:40.864,0.15
19:58:40.875,0.08
19:58:40.885,0.06
19:58:40.895,0.05
19:58:40.905,0.09
19:58:40.916,0.07
19:58:40.926,0.58
19:58:40.937,0.11
19:58:40.947,0.07
19:58:40.958,0.12
19:58:40.968,0.09
19:58:40.979,0.07
19:58:40.989,0.06
19:58:41.000,0.10
19:58:41.010,0.08
19:58:41.021,0.07
19:58:41.031,0.12
19:58:41.041,0.13
19:58:41.052,0.07
19:58:41.062,0.06
19:58:41.073,0.06
19:58:41.083,0.09
19:58:41.094,0.51
19:58:41.104,0.11
19:58:41.114,0.06
19:58:41.125,0.05
19:58:41.135,0.37
19:58:41.146,0.05
19:58:41.156,0.07
19:58:41.166,0.10
19:58:41.177,0.07
19:58:41.187,0.10
19:58:41.197,0.08
19:58:41.208,0.07
19:58:41.218,0.07
19:58:41.229,0.12
19:58:41.239,0.07
19:58:41.250,0.06
19:58:41.260,0.04
19:58:41.271,0.06
19:58:41.281,0.09
19:58:41.292,0.06
19:58:41.302,0.06
19:58:41.313,0.05
19:58:41.323,0.10
19:58:41.333,0.08
19:58:41.344,0.08
19:58:41.355,0.11
19:58:41.365,0.07
19:58:41.376,0.09
19:58:41.386,0.09
19:58:41.397,0.07
19:58:41.407,0.07
19:58:41.417,0.09
19:58:41.427,0.10
19:58:41.438,0.08
19:58:41.448,4.13
19:58:41.459,0.06
19:58:41.469,1.15
19:58:41.480,0.05
19:58:41.490,0.07
19:58:41.501,0.09
19:58:41.511,0.08
19:58:41.522,0.08
19:58:41.532,0.06
19:58:41.543,0.09
19:58:41.553,0.08
19:58:41.564,0.08
19:58:41.574,0.09
19:58:41.584,0.09
19:58:41.595,0.07
19:58:41.605,0.09
19:58:41.616,0.05
19:58:41.626,0.07
19:58:41.637,0.15
19:58:41.647,0.07
19:58:41.658,0.06
19:58:41.668,0.15
19:58:41.679,0.05
19:58:41.689,0.04
19:58:41.700,0.08
19:58:41.710,0.06
19:58:41.721,0.06
19:58:41.731,0.09
19:58:41.742,3.89
19:58:41.752,0.08
19:58:41.763,0.09
19:58:41.773,0.09
19:58:41.784,0.05
19:58:41.794,0.16
19:58:41.805,0.06
19:58:41.815,0.09
19:58:41.826,0.15
19:58:41.836,0.08
19:58:41.847,0.07
19:58:41.857,0.08
19:58:41.868,0.11
19:58:41.878,0.04
19:58:41.889,0.07
19:58:41.899,0.07
19:58:41.910,0.06
19:58:41.920,0.06
19:58:41.931,0.06
19:58:41.941,0.08
19:58:41.952,0.11
19:58:41.962,0.10
19:58:41.973,0.07
19:58:41.983,0.06
19:58:41.993,0.07
19:58:42.004,0.12
19:58:42.014,0.07
19:58:42.025,0.10
19:58:42.035,0.09
19:58:42.046,0.14
19:58:42.056,0.07
19:58:42.067,0.09
19:58:42.078,0.07
19:58:42.088,0.08
19:58:42.098,0.08
19:58:42.109,0.08
19:58:42.119,0.10
19:58:42.129,0.07
19:58:42.140,0.08
19:58:42.150,0.08
19:58:42.161,0.10
19:58:42.172,0.08
19:58:42.182,0.09
19:58:42.192,0.10
19:58:42.202,0.07
19:58:42.213,0.10
19:58:42.223,0.07
19:58:42.234,1.01
19:58:42.244,0.13
19:58:42.255,0.10
19:58:42.265,0.22
19:58:42.276,0.09
19:58:42.287,0.08
19:58:42.297,0.10
19:58:42.308,0.08
19:58:42.318,0.05
19:58:42.328,0.09
19:58:42.339,0.05
19:58:42.349,0.07
19:58:42.359,0.08
19:58:42.370,0.09
19:58:42.380,0.09
19:58:42.391,0.08
19:58:42.401,0.06
19:58:42.412,0.05
19:58:42.422,0.08
19:58:42.433,0.09
19:58:42.443,0.15
19:58:42.453,2.77
19:58:42.464,0.07
19:58:42.474,0.09
19:58:42.485,0.06
19:58:42.495,0.06
19:58:42.506,0.10
19:58:42.516,0.09
19:58:42.526,0.04
19:58:42.536,0.08
19:58:42.547,0.06
19:58:42.557,0.17
19:58:42.568,0.07
19:58:42.578,0.09
19:58:42.589,0.18
19:58:42.599,0.09
19:58:42.609,0.09
19:58:42.620,0.64
19:58:42.630,0.07
19:58:42.641,0.12
19:58:42.651,0.05
19:58:42.661,0.10
19:58:42.672,0.06
19:58:42.682,0.60
19:58:42.692,0.13
19:58:42.703,0.08
19:58:42.713,0.30
19:58:42.723,0.06
19:58:42.734,0.08
19:58:42.744,0.39
19:58:42.755,0.08
19:58:42.766,0.07
19:58:42.776,0.47
19:58:42.787,0.06
19:58:42.797,0.15
19:58:42.808,0.10
19:58:42.818,0.08
19:58:42.829,0.09
19:58:42.839,0.09
19:58:42.849,0.06
19:58:42.860,0.07
19:58:42.870,0.09
19:58:42.880,0.05
19:58:42.891,0.09
19:58:42.901,0.79
19:58:42.911,0.10
19:58:42.922,0.06
19:58:42.933,0.50
19:58:42.943,2.99
19:58:42.953,0.09
19:58:42.964,0.61
19:58:42.974,0.11
19:58:42.985,0.39
19:58:42.995,0.07
19:58:43.005,0.54
19:58:43.016,0.09
19:58:43.026,0.08
19:58:43.036,0.09
19:58:43.047,0.06
19:58:43.057,0.07
19:58:43.068,0.11
19:58:43.078,0.07
19:58:43.089,0.46
19:58:43.099,0.07
19:58:43.110,0.09
19:58:43.120,0.54
19:58:43.131,0.07
19:58:43.141,0.10
19:58:43.152,0.15
19:58:43.162,0.10
19:58:43.173,0.08
19:58:43.183,0.07
19:58:43.194,0.06
19:58:43.204,0.05
19:58:43.215,0.08
19:58:43.225,0.10
19:58:43.236,0.09
19:58:43.246,0.09
19:58:43.257,0.08
19:58:43.267,0.11
19:58:43.277,0.13
19:58:43.288,0.09
19:58:43.298,0.09
19:58:43.309,0.21
19:58:43.319,0.09
19:58:43.330,0.09
19:58:43.341,0.75
19:58:43.351,0.06
19:58:43.362,0.08
19:58:43.372,0.17
19:58:43.383,0.08
19:58:43.393,0.06
19:58:43.404,0.08
19:58:43.414,0.05
19:58:43.425,0.07
19:58:43.435,0.07
19:58:43.446,0.04
19:58:43.456,0.07
19:58:43.467,1.52
19:58:43.477,0.10
19:58:43.488,0.10
19:58:43.498,0.09
19:58:43.509,0.09
19:58:43.519,0.06
19:58:43.531,0.10
19:58:43.542,4.54
19:58:43.552,0.05
19:58:43.563,0.09
19:58:43.573,0.08
19:58:43.584,0.08
19:58:43.594,0.09
19:58:43.605,0.10
19:58:43.615,0.09
19:58:43.626,0.06
19:58:43.636,0.40
19:58:43.647,0.06
19:58:43.658,0.08
19:58:43.668,0.08
19:58:43.679,0.10
19:58:43.689,0.08
19:58:43.700,0.58
19:58:43.710,0.06
19:58:43.720,0.30
19:58:43.730,0.39
19:58:43.741,0.05
19:58:43.752,0.06
19:58:43.762,0.23
19:58:43.772,0.09
19:58:43.783,0.06
19:58:43.794,0.05
19:58:43.804,0.07
19:58:43.814,0.08
19:58:43.825,0.07
19:58:43.835,0.08
19:58:43.846,1.00
19:58:43.856,0.07
19:58:43.866,0.10
19:58:43.877,0.10
19:58:43.887,0.09
19:58:43.898,0.07
19:58:43.908,0.08
19:58:43.919,0.05
19:58:43.929,0.10
19:58:43.939,0.07
19:58:43.950,0.08
19:58:43.960,0.09
19:58:43.971,0.08
19:58:43.981,0.34
19:58:43.991,0.05
19:58:44.002,0.09
19:58:44.012,0.11
19:58:44.023,0.10
19:58:44.033,0.12
19:58:44.044,0.07
19:58:44.054,0.05
19:58:44.064,0.10
19:58:44.075,0.11
19:58:44.085,0.07
19:58:44.096,0.09
19:58:44.106,0.11
19:58:44.117,0.11
19:58:44.127,0.20
19:58:44.138,0.11
19:58:44.148,0.09
19:58:44.159,0.09
19:58:44.169,0.07
19:58:44.180,0.13
19:58:44.190,0.06
19:58:44.200,0.06
19:58:44.211,0.74
19:58:44.221,0.06
19:58:44.232,0.09
19:58:44.242,0.36
19:58:44.252,0.08
19:58:44.263,0.08
19:58:44.273,0.49
19:58:44.284,0.09
19:58:44.294,0.08
19:58:44.305,0.61
19:58:44.315,0.07
19:58:44.325,0.10
19:58:44.336,0.15
19:58:44.346,0.06
19:58:44.357,0.08
19:58:44.367,0.28
19:58:44.377,0.21
19:58:44.388,0.08
19:58:44.399,0.08
19:58:44.409,0.07
19:58:44.419,0.08
19:58:44.430,0.07
19:58:44.440,0.05
19:58:44.451,0.04
19:58:44.461,0.06
19:58:44.472,4.18
19:58:44.482,0.06
19:58:44.492,0.12
19:58:44.503,0.08
19:58:44.513,0.07
19:58:44.524,0.06
19:58:44.534,0.07
19:58:44.545,0.10
19:58:44.555,0.36
19:58:44.566,0.08
19:58:44.576,0.06
19:58:44.587,0.44
19:58:44.597,0.11
19:58:44.607,0.06
19:58:44.618,0.09
19:58:44.628,0.08
19:58:44.639,0.06
19:58:44.649,0.92
19:58:44.660,0.08
19:58:44.670,0.09
19:58:44.680,0.06
19:58:44.691,0.08
19:58:44.701,0.08
19:58:44.712,0.07
19:58:44.722,0.04
19:58:44.733,0.06
19:58:44.743,3.54
19:58:44.754,0.04
19:58:44.764,0.08
19:58:44.775,0.07
19:58:44.786,0.09
19:58:44.796,0.10
19:58:44.807,0.05
19:58:44.817,0.04
19:58:44.828,0.08
19:58:44.838,0.12
19:58:44.849,0.07
19:58:44.859,0.09
19:58:44.870,0.08
19:58:44.880,0.06
19:58:44.891,0.07
19:58:44.901,0.09
19:58:44.912,0.06
19:58:44.922,0.05
19:58:44.932,0.09
19:58:44.943,0.08
19:58:44.954,0.20
19:58:44.964,0.08
19:58:44.975,0.10
19:58:44.985,0.05
19:58:44.995,0.48
19:58:45.006,0.12
19:58:45.016,0.09
19:58:45.027,0.10
19:58:45.038,0.06
19:58:45.048,0.08
19:58:45.059,0.09
19:58:45.070,0.33
19:58:45.081,0.12
19:58:45.091,0.12
19:58:45.102,0.78
19:58:45.112,0.09
19:58:45.123,0.08
19:58:45.133,0.16
19:58:45.144,0.10
19:58:45.154,0.12
19:58:45.165,0.89
19:58:45.175,0.09
19:58:45.186,0.12
19:58:45.196,0.06
19:58:45.206,0.09
19:58:45.217,0.09
19:58:45.227,0.10
19:58:45.238,0.10
19:58:45.248,0.09
19:58:45.259,0.13
19:58:45.269,0.12
19:58:45.280,0.08
19:58:45.290,0.07
19:58:45.300,0.12
19:58:45.311,0.11
19:58:45.321,0.05
19:58:45.332,0.12
19:58:45.342,3.82
19:58:45.353,0.12
19:58:45.363,0.19
19:58:45.374,0.12
19:58:45.384,0.06
19:58:45.395,0.09
19:58:45.405,0.08
19:58:45.415,0.06
19:58:45.426,0.12
19:58:45.436,0.10
19:58:45.446,8.55
19:58:45.456,0.07
19:58:45.467,0.09
19:58:45.477,0.08
19:58:45.488,0.06
19:58:45.498,0.12
19:58:45.509,0.07
19:58:45.519,0.10
19:58:45.529,0.12
19:58:45.540,0.07
19:58:45.550,0.07
19:58:45.561,0.16
19:58:45.571,0.08
19:58:45.582,0.08
19:58:45.592,0.11
19:58:45.603,0.10
19:58:45.613,0.11
19:58:45.624,0.11
19:58:45.634,0.08
19:58:45.645,0.78
19:58:45.655,0.08
19:58:45.666,0.08
19:58:45.676,0.10
19:58:45.687,0.11
19:58:45.697,0.14
19:58:45.708,0.11
19:58:45.719,0.10
19:58:45.729,0.10
19:58:45.739,0.12
19:58:45.750,0.12
19:58:45.760,0.08
19:58:45.770,0.55
19:58:45.781,0.07
19:58:45.791,0.10
19:58:45.802,0.72
19:58:45.813,0.16
19:58:45.823,0.09
19:58:45.833,0.41
19:58:45.844,0.13
19:58:45.855,0.10
19:58:45.865,0.16
19:58:45.876,0.08
19:58:45.886,0.09
19:58:45.897,0.13
19:58:45.907,0.10
19:58:45.917,0.11
19:58:45.928,0.46
19:58:45.938,0.08
19:58:45.949,0.07
19:58:45.959,1.14
19:58:45.970,0.12
19:58:45.980,0.08
19:58:45.991,0.08
19:58:46.001,0.11
19:58:46.012,0.12
19:58:46.022,0.07
19:58:46.033,0.10
19:58:46.043,0.11
19:58:46.054,0.08
19:58:46.064,0.12
19:58:46.075,0.10
19:58:46.085,0.07
19:58:46.096,0.11
19:58:46.106,0.12
19:58:46.117,0.08
19:58:46.127,0.11
19:58:46.138,0.13
19:58:46.148,0.08
19:58:46.159,0.09
19:58:46.169,0.09
19:58:46.179,0.05
19:58:46.189,0.06
19:58:46.200,0.12
19:58:46.210,0.07
19:58:46.221,0.08
19:58:46.231,0.11
19:58:46.242,3.65
19:58:46.252,0.09
19:58:46.263,0.11
19:58:46.273,0.07
19:58:46.283,0.08
19:58:46.293,0.08
19:58:46.304,0.10
19:58:46.315,0.12
19:58:46.325,0.08
19:58:46.336,0.08
19:58:46.346,0.10
19:58:46.357,0.09
19:58:46.367,0.13
19:58:46.377,0.42
19:58:46.388,0.11
19:58:46.398,0.09
19:58:46.409,0.62
19:58:46.419,0.09
19:58:46.429,0.09
19:58:46.439,0.05
19:58:46.449,0.72
19:58:46.460,0.07
19:58:46.470,0.07
19:58:46.481,0.12
19:58:46.491,0.07
19:58:46.502,0.11
19:58:46.512,0.16
19:58:46.523,0.10
19:58:46.533,0.10
19:58:46.543,1.81
19:58:46.553,0.09
19:58:46.564,0.09
19:58:46.574,0.11
19:58:46.584,0.07
19:58:46.595,0.07
19:58:46.605,0.08
19:58:46.615,0.07
19:58:46.626,0.07
19:58:46.636,0.07
19:58:46.646,0.06
19:58:46.657,0.05
19:58:46.667,0.13
19:58:46.678,0.05
19:58:46.689,0.07
19:58:46.699,0.09
19:58:46.710,0.10
19:58:46.720,0.06
19:58:46.731,0.07
19:58:46.741,0.07
19:58:46.752,0.06
19:58:46.762,0.08
19:58:46.772,0.11
19:58:46.783,0.08
19:58:46.793,0.09
19:58:46.804,0.10
19:58:46.814,0.05
19:58:46.825,0.12
19:58:46.835,0.07
19:58:46.846,0.09
19:58:46.856,0.12
19:58:46.867,0.11
19:58:46.877,0.16
19:58:46.888,0.11
19:58:46.898,0.08
19:58:46.909,0.40
19:58:46.919,0.07
19:58:46.930,0.08
19:58:46.940,1.63
19:58:46.950,0.15
19:58:46.961,0.07
19:58:46.971,0.82
19:58:46.982,0.07
19:58:46.992,0.09
19:58:47.002,0.52
19:58:47.013,0.08
19:58:47.023,0.07
19:58:47.034,0.51
19:58:47.044,0.08
19:58:47.055,0.08
19:58:47.065,0.40
19:58:47.076,0.06
19:58:47.086,0.08
19:58:47.097,0.08
19:58:47.107,0.09
19:58:47.118,0.08
19:58:47.128,0.09
19:58:47.138,0.08
19:58:47.149,0.09
19:58:47.159,0.08
19:58:47.170,0.10
19:58:47.180,0.08
19:58:47.190,0.06
19:58:47.201,0.06
19:58:47.211,0.09
19:58:47.222,0.05
19:58:47.232,0.09
19:58:47.243,0.08
19:58:47.253,0.07
19:58:47.263,0.09
19:58:47.274,0.06
19:58:47.284,0.05
19:58:47.295,0.07
19:58:47.305,0.06
19:58:47.316,0.07
19:58:47.326,0.09
19:58:47.337,0.07
19:58:47.347,0.47
19:58:47.357,0.07
19:58:47.368,0.10
19:58:47.378,0.61
19:58:47.389,0.13
19:58:47.399,0.14
19:58:47.410,0.09
19:58:47.420,0.12
19:58:47.431,0.21
19:58:47.442,0.16
19:58:47.452,2.28
19:58:47.462,0.16
19:58:47.473,0.09
19:58:47.484,0.17
19:58:47.494,0.12
19:58:47.504,0.12
19:58:47.515,0.10
19:58:47.525,0.06
19:58:47.535,0.09
19:58:47.546,0.07
19:58:47.556,0.09
19:58:47.567,0.12
19:58:47.577,0.10
19:58:47.588,0.06
19:58:47.598,0.09
19:58:47.609,0.11
19:58:47.619,0.08
19:58:47.630,0.09
19:58:47.640,0.08
19:58:47.650,0.13
19:58:47.661,0.12
19:58:47.671,0.10
19:58:47.681,0.06
19:58:47.692,0.07
19:58:47.703,0.10
19:58:47.713,0.08
19:58:47.723,0.09
19:58:47.733,0.19
19:58:47.743,0.93
19:58:47.754,0.11
19:58:47.764,0.09
19:58:47.775,0.07
19:58:47.785,0.05
19:58:47.796,0.14
19:58:47.806,0.07
19:58:47.817,0.05
19:58:47.827,0.07
19:58:47.837,0.11
19:58:47.848,0.09
19:58:47.858,0.09
19:58:47.869,0.07
19:58:47.879,0.07
19:58:47.890,0.07
19:58:47.900,0.10
19:58:47.911,0.07
19:58:47.921,0.08
19:58:47.932,0.08
19:58:47.942,0.06
19:58:47.953,0.12
19:58:47.963,0.10
19:58:47.974,0.06
19:58:47.984,0.12
19:58:47.995,0.09
19:58:48.005,0.35
19:58:48.016,0.09
19:58:48.026,0.08
19:58:48.036,0.10
19:58:48.047,0.14
19:58:48.057,0.10
19:58:48.067,0.07
19:58:48.078,0.10
19:58:48.088,0.09
19:58:48.098,0.10
19:58:48.109,0.11
19:58:48.119,0.07
19:58:48.130,0.10
19:58:48.140,0.11
19:58:48.150,0.11
19:58:48.161,0.06
19:58:48.171,0.10
19:58:48.182,0.09
19:58:48.192,0.14
19:58:48.202,0.13
19:58:48.213,0.10
19:58:48.223,0.52
19:58:48.234,0.07
19:58:48.244,0.08
19:58:48.254,0.65
19:58:48.265,0.10
19:58:48.276,0.07
19:58:48.286,0.54
19:58:48.296,0.09
19:58:48.307,0.08
19:58:48.317,0.72
19:58:48.328,0.07
19:58:48.339,0.11
19:58:48.349,0.31
19:58:48.359,0.09
19:58:48.370,0.10
19:58:48.380,0.41
19:58:48.391,0.08
19:58:48.401,0.10
19:58:48.412,0.68
19:58:48.422,0.06
19:58:48.433,0.08
19:58:48.443,0.52
19:58:48.454,0.06
19:58:48.464,0.13
19:58:48.475,1.38
19:58:48.485,0.06
19:58:48.496,0.06
19:58:48.506,0.55
19:58:48.517,0.08
19:58:48.527,0.13
19:58:48.538,0.09
19:58:48.548,0.11
19:58:48.559,0.07
19:58:48.569,0.47
19:58:48.580,0.12
19:58:48.590,0.12
19:58:48.601,0.07
19:58:48.611,0.11
19:58:48.622,0.10
19:58:48.632,0.08
19:58:48.643,1.91
19:58:48.653,0.09
19:58:48.663,0.11
19:58:48.674,0.08
19:58:48.684,0.06
19:58:48.695,0.08
19:58:48.705,0.09
19:58:48.715,0.09
19:58:48.725,0.07
19:58:48.736,0.09
19:58:48.746,0.08
19:58:48.756,0.07
19:58:48.767,0.11
19:58:48.777,0.08
19:58:48.788,0.05
19:58:48.798,0.08
19:58:48.809,0.07
19:58:48.819,0.06
19:58:48.829,0.08
19:58:48.840,0.11
19:58:48.850,0.08
19:58:48.860,0.07
19:58:48.871,0.09
19:58:48.881,0.08
19:58:48.892,0.08
19:58:48.902,0.10
19:58:48.913,0.14
19:58:48.923,0.08
19:58:48.933,0.10
19:58:48.944,1.69
19:58:48.954,0.16
19:58:48.964,0.11
19:58:48.975,0.11
19:58:48.985,0.05
19:58:48.996,0.14
19:58:49.006,0.10
19:58:49.016,0.07
19:58:49.027,0.05
19:58:49.037,0.08
19:58:49.048,0.06
19:58:49.058,0.11
19:58:49.069,0.11
19:58:49.079,0.12
19:58:49.090,0.05
19:58:49.100,0.07
19:58:49.111,0.07
19:58:49.121,0.11
19:58:49.132,0.09
19:58:49.142,0.07
19:58:49.152,0.10
19:58:49.163,0.07
19:58:49.173,0.08
19:58:49.184,0.08
19:58:49.194,0.08
19:58:49.204,0.09
19:58:49.215,0.07
19:58:49.225,0.07
19:58:49.236,0.40
19:58:49.246,0.05
19:58:49.256,0.08
19:58:49.267,0.07
19:58:49.278,0.09
19:58:49.288,0.07
19:58:49.299,0.08
19:58:49.309,0.09
19:58:49.320,0.11
19:58:49.330,0.07
19:58:49.341,0.09
19:58:49.351,0.07
19:58:49.362,0.10
19:58:49.372,0.07
19:58:49.382,0.07
19:58:49.393,0.07
19:58:49.403,0.09
19:58:49.413,0.06
19:58:49.424,0.06
19:58:49.435,0.08
19:58:49.445,0.31
19:58:49.455,0.06
19:58:49.466,0.10
19:58:49.476,0.10
19:58:49.487,0.06
19:58:49.497,0.12
19:58:49.508,0.07
19:58:49.518,0.06
19:58:49.529,0.10
19:58:49.539,0.08
19:58:49.549,0.34
19:58:49.559,0.10
19:58:49.570,0.09
19:58:49.580,0.07
19:58:49.591,0.11
19:58:49.601,0.09
19:58:49.611,0.10
19:58:49.622,0.05
19:58:49.632,0.09
19:58:49.643,0.53
19:58:49.653,0.06
19:58:49.664,0.07
19:58:49.675,0.28
19:58:49.685,0.12
19:58:49.696,0.07
19:58:49.706,0.27
19:58:49.717,0.11
19:58:49.727,0.07
19:58:49.737,0.57
19:58:49.748,0.06
19:58:49.759,0.08
19:58:49.769,0.07
19:58:49.779,0.10
19:58:49.790,0.05
19:58:49.801,0.09
19:58:49.812,0.08
19:58:49.822,0.06
19:58:49.832,0.06
19:58:49.843,1.52
19:58:49.853,0.07
19:58:49.864,0.11
19:58:49.874,0.09
19:58:49.884,0.05
19:58:49.895,0.06
19:58:49.906,0.07
19:58:49.916,0.06
19:58:49.927,0.08
19:58:49.937,0.11
19:58:49.948,0.08
19:58:49.958,0.08
19:58:49.968,0.09
19:58:49.979,0.07
19:58:49.989,0.10
19:58:50.000,0.92
19:58:50.010,0.06
19:58:50.021,0.06
19:58:50.031,0.91
19:58:50.042,0.10
19:58:50.052,0.04
19:58:50.063,0.68
19:58:50.073,0.10
19:58:50.083,0.08
19:58:50.094,0.69
19:58:50.104,0.12
19:58:50.115,0.09
19:58:50.126,0.28
19:58:50.136,0.09
19:58:50.146,0.07
19:58:50.157,0.84
19:58:50.167,0.12
19:58:50.178,0.08
19:58:50.188,0.46
19:58:50.199,0.12
19:58:50.209,0.10
19:58:50.220,0.09
19:58:50.230,0.09
19:58:50.240,0.08
19:58:50.251,0.17
19:58:50.261,0.09
19:58:50.272,0.09
19:58:50.282,0.63
19:58:50.293,0.09
19:58:50.303,0.13
19:58:50.314,0.72
19:58:50.324,0.11
19:58:50.335,0.09
19:58:50.345,0.79
19:58:50.356,0.08
19:58:50.366,0.09
19:58:50.377,0.47
19:58:50.387,0.06
19:58:50.397,0.13
19:58:50.408,0.10
19:58:50.418,0.07
19:58:50.429,0.10
19:58:50.439,0.69
19:58:50.450,2.42
19:58:50.460,0.09
19:58:50.471,0.38
19:58:50.481,0.09
19:58:50.492,0.08
19:58:50.502,0.39
19:58:50.513,0.04
19:58:50.523,0.08
19:58:50.534,0.71
19:58:50.544,0.07
19:58:50.554,0.07
19:58:50.565,0.10
19:58:50.575,0.09
19:58:50.585,0.12
19:58:50.596,0.07
19:58:50.606,0.09
19:58:50.617,0.09
19:58:50.627,0.82
19:58:50.637,0.16
19:58:50.648,0.05
19:58:50.658,0.87
19:58:50.669,0.07
19:58:50.679,0.08
19:58:50.690,0.04
19:58:50.700,0.05
19:58:50.711,0.06
19:58:50.721,0.05
19:58:50.732,0.08
19:58:50.742,3.51
19:58:50.752,0.10
19:58:50.763,0.14
19:58:50.773,0.07
19:58:50.783,0.27
19:58:50.794,0.13
19:58:50.805,0.14
19:58:50.815,0.24
19:58:50.826,0.06
19:58:50.836,0.09
19:58:50.847,0.04
19:58:50.857,0.08
19:58:50.868,0.13
19:58:50.878,0.06
19:58:50.888,0.07
19:58:50.899,0.08
19:58:50.909,0.06
19:58:50.920,0.07
19:58:50.930,0.11
19:58:50.941,0.07
19:58:50.951,0.11
19:58:50.961,0.10
19:58:50.971,0.08
19:58:50.981,0.10
19:58:50.992,0.14
19:58:51.002,0.08
19:58:51.013,0.06
19:58:51.023,0.07
19:58:51.033,0.11
19:58:51.044,0.90
19:58:51.054,0.08
19:58:51.065,0.36
19:58:51.075,0.12
19:58:51.086,0.10
19:58:51.096,0.10
19:58:51.107,0.14
19:58:51.117,0.06
19:58:51.127,0.11
19:58:51.138,0.08
19:58:51.149,0.09
19:58:51.159,0.06
19:58:51.169,0.09
19:58:51.180,0.10
19:58:51.190,0.08
19:58:51.200,0.12
19:58:51.211,0.09
19:58:51.221,0.34
19:58:51.232,0.10
19:58:51.242,0.09
19:58:51.253,0.90
19:58:51.263,0.14
19:58:51.274,0.08
19:58:51.284,0.71
19:58:51.294,0.09
19:58:51.305,0.11
19:58:51.315,0.05
19:58:51.326,0.11
19:58:51.337,0.09
19:58:51.347,0.06
19:58:51.357,0.07
19:58:51.368,0.09
19:58:51.379,0.06
19:58:51.389,0.09
19:58:51.400,0.10
19:58:51.410,0.07
19:58:51.421,0.12
19:58:51.431,0.09
19:58:51.442,0.06
19:58:51.452,0.07
19:58:51.463,0.11
19:58:51.473,0.07
19:58:51.484,0.08
19:58:51.494,0.12
19:58:51.505,0.08
19:58:51.515,0.07
19:58:51.526,0.10
19:58:51.538,0.09
19:58:51.548,1.52
19:58:51.558,0.11
19:58:51.569,0.08
19:58:51.579,0.37
19:58:51.590,0.09
19:58:51.600,0.15
19:58:51.611,0.62
19:58:51.621,0.11
19:58:51.632,0.12
19:58:51.642,4.40
19:58:51.653,0.08
19:58:51.663,0.11
19:58:51.673,0.06
19:58:51.684,0.07
19:58:51.694,0.07
19:58:51.705,0.22
19:58:51.715,0.08
19:58:51.726,0.04
19:58:51.736,0.42
19:58:51.747,0.05
19:58:51.757,0.06
19:58:51.767,0.08
19:58:51.778,0.08
19:58:51.788,0.07
19:58:51.798,0.07
19:58:51.809,0.08
19:58:51.820,0.06
19:58:51.831,0.33
19:58:51.842,0.07
19:58:51.852,0.06
19:58:51.863,0.06
19:58:51.873,0.05
19:58:51.884,0.04
19:58:51.894,0.15
19:58:51.905,0.09
19:58:51.915,0.05
19:58:51.926,0.67
19:58:51.936,0.17
19:58:51.947,0.12
19:58:51.958,0.51
19:58:51.968,0.10
19:58:51.979,0.11
19:58:51.989,0.07
19:58:52.000,0.09
19:58:52.010,0.06
19:58:52.020,0.05
19:58:52.031,0.06
19:58:52.041,0.08
19:58:52.052,0.06
19:58:52.062,0.08
19:58:52.072,0.09
19:58:52.083,0.28
19:58:52.093,0.05
19:58:52.103,0.11
19:58:52.114,0.10
19:58:52.124,0.08
19:58:52.134,0.14
19:58:52.145,0.14
19:58:52.155,0.07
19:58:52.166,0.07
19:58:52.176,0.05
19:58:52.187,0.06
19:58:52.197,0.11
19:58:52.208,0.96
19:58:52.218,0.07
19:58:52.229,0.05
19:58:52.239,0.05
19:58:52.250,0.06
19:58:52.260,0.11
19:58:52.271,0.09
19:58:52.281,0.05
19:58:52.291,0.04
19:58:52.302,0.07
19:58:52.312,0.09
19:58:52.323,0.08
19:58:52.333,0.09
19:58:52.344,0.04
19:58:52.354,0.06
19:58:52.364,0.07
19:58:52.375,0.04
19:58:52.385,0.04
19:58:52.395,0.08
19:58:52.406,0.07
19:58:52.416,0.06
19:58:52.427,0.07
19:58:52.437,0.14
19:58:52.447,2.11
19:58:52.457,0.10
19:58:52.468,0.08
19:58:52.478,0.07
19:58:52.489,0.06
19:58:52.499,0.09
19:58:52.510,0.07
19:58:52.520,0.04
19:58:52.531,0.12
19:58:52.541,0.11
19:58:52.552,0.07
19:58:52.562,0.08
19:58:52.573,0.08
19:58:52.583,0.07
19:58:52.594,0.05
19:58:52.604,0.08
19:58:52.614,0.13
19:58:52.625,0.11
19:58:52.635,0.09
19:58:52.646,0.07
19:58:52.656,0.05
19:58:52.667,0.11
19:58:52.677,0.05
19:58:52.688,0.06
19:58:52.698,0.07
19:58:52.709,0.07
19:58:52.719,0.04
19:58:52.730,0.08
19:58:52.740,0.09
19:58:52.751,0.55
19:58:52.761,0.09
19:58:52.772,0.07
19:58:52.782,0.27
19:58:52.793,0.09
19:58:52.803,0.08
19:58:52.813,0.68
19:58:52.824,0.17
19:58:52.834,0.09
19:58:52.845,0.19
19:58:52.856,0.06
19:58:52.866,0.06
19:58:52.876,0.50
19:58:52.886,0.08
19:58:52.897,0.06
19:58:52.907,0.45
19:58:52.918,0.06
19:58:52.928,0.06
19:58:52.939,0.74
19:58:52.950,0.09
19:58:52.960,0.10
19:58:52.970,0.16
19:58:52.981,0.08
19:58:52.992,0.08
19:58:53.002,0.08
19:58:53.012,0.06
19:58:53.023,0.10
19:58:53.033,0.06
19:58:53.043,0.09
19:58:53.054,0.07
19:58:53.064,0.08
19:58:53.075,0.08
19:58:53.085,0.05
19:58:53.095,0.08
19:58:53.106,0.09
19:58:53.116,0.06
19:58:53.127,0.10
19:58:53.137,0.06
19:58:53.148,0.08
19:58:53.158,0.14
19:58:53.168,0.09
19:58:53.178,0.07
19:58:53.188,0.56
19:58:53.199,0.17
19:58:53.209,0.09
19:58:53.220,0.06
19:58:53.230,0.12
19:58:53.241,0.08
19:58:53.251,0.08
19:58:53.262,0.13
19:58:53.272,0.08
19:58:53.283,0.07
19:58:53.293,0.09
19:58:53.303,0.07
19:58:53.314,0.07
19:58:53.324,0.09
19:58:53.335,0.12
19:58:53.345,0.09
19:58:53.355,0.10
19:58:53.366,0.09
19:58:53.376,0.07
19:58:53.387,0.11
19:58:53.397,0.09
19:58:53.408,0.06
19:58:53.418,0.09
19:58:53.428,0.09
19:58:53.439,5.88
19:58:53.450,1.07
19:58:53.460,0.12
19:58:53.470,0.07
19:58:53.480,0.09
19:58:53.491,0.07
19:58:53.501,0.48
19:58:53.511,0.09
19:58:53.522,0.11
19:58:53.532,0.51
19:58:53.543,0.11
19:58:53.553,0.11
19:58:53.564,0.23
19:58:53.574,0.08
19:58:53.585,0.09
19:58:53.595,1.01
19:58:53.606,0.08
19:58:53.616,0.11
19:58:53.627,1.25
19:58:53.637,0.10
19:58:53.647,0.08
19:58:53.658,0.24
19:58:53.668,0.13
19:58:53.679,0.10
19:58:53.689,0.55
19:58:53.699,0.06
19:58:53.710,0.09
19:58:53.720,0.26
19:58:53.731,0.08
19:58:53.741,0.11
19:58:53.752,0.68
19:58:53.762,0.09
19:58:53.773,0.10
19:58:53.783,0.33
19:58:53.794,0.07
19:58:53.804,0.09
19:58:53.815,0.58
19:58:53.825,0.07
19:58:53.835,0.08
19:58:53.846,0.93
19:58:53.856,0.08
19:58:53.867,0.09
19:58:53.877,0.14
19:58:53.888,0.08
19:58:53.898,0.06
19:58:53.909,0.70
19:58:53.920,0.07
19:58:53.930,0.11
19:58:53.941,0.25
19:58:53.951,0.16
19:58:53.962,0.07
19:58:53.972,0.53
19:58:53.983,0.07
19:58:53.993,0.10
19:58:54.004,0.91
19:58:54.014,0.08
19:58:54.024,0.06
19:58:54.035,0.21
19:58:54.045,0.06
19:58:54.056,0.07
19:58:54.066,1.16
19:58:54.077,0.08
19:58:54.087,0.06
19:58:54.097,0.39
19:58:54.108,0.09
19:58:54.119,0.05
19:58:54.129,0.89
19:58:54.140,0.07
19:58:54.150,0.05
19:58:54.161,0.63
19:58:54.171,0.08
19:58:54.182,0.08
19:58:54.192,0.36
19:58:54.203,0.09
19:58:54.213,0.07
19:58:54.224,0.58
19:58:54.234,0.08
19:58:54.245,0.06
19:58:54.255,0.39
19:58:54.266,0.07
19:58:54.276,0.07
19:58:54.286,0.95
19:58:54.297,0.08
19:58:54.307,0.08
19:58:54.318,0.51
19:58:54.328,0.15
19:58:54.339,0.07
19:58:54.349,0.59
19:58:54.360,0.08
19:58:54.370,0.09
19:58:54.381,0.54
19:58:54.391,0.10
19:58:54.401,0.09
19:58:54.412,0.58
19:58:54.422,0.06
19:58:54.433,0.07
19:58:54.443,2.40
19:58:54.454,0.07
19:58:54.464,1.38
19:58:54.474,0.53
19:58:54.485,0.07
19:58:54.495,0.06
19:58:54.505,0.84
19:58:54.516,0.11
19:58:54.526,0.13
19:58:54.537,0.08
19:58:54.547,0.07
19:58:54.558,0.08
19:58:54.568,0.07
19:58:54.579,0.07
19:58:54.589,0.04
19:58:54.599,0.08
19:58:54.610,0.06
19:58:54.620,0.07
19:58:54.630,0.07
19:58:54.640,0.07
19:58:54.651,0.07
19:58:54.661,0.07
19:58:54.672,0.11
19:58:54.682,0.11
19:58:54.693,0.06
19:58:54.703,0.07
19:58:54.714,0.06
19:58:54.724,0.10
19:58:54.735,0.18
19:58:54.745,0.06
19:58:54.756,0.06
19:58:54.766,0.09
19:58:54.776,0.08
19:58:54.787,0.07
19:58:54.798,0.11
19:58:54.808,0.10
19:58:54.819,0.05
19:58:54.829,0.07
19:58:54.839,0.07
19:58:54.850,0.09
19:58:54.861,0.10
19:58:54.871,0.08
19:58:54.881,0.09
19:58:54.892,0.06
19:58:54.903,0.06
19:58:54.913,0.13
19:58:54.923,0.13
19:58:54.934,0.12
19:58:54.944,1.02
19:58:54.955,0.48
19:58:54.965,0.09
19:58:54.976,0.10
19:58:54.986,0.11
19:58:54.997,0.09
19:58:55.007,0.06
19:58:55.018,0.16
19:58:55.028,0.08
19:58:55.039,0.05
19:58:55.049,0.80
19:58:55.060,0.06
19:58:55.071,0.11
19:58:55.081,0.18
19:58:55.091,0.07
19:58:55.101,0.09
19:58:55.112,0.09
19:58:55.122,0.08
19:58:55.132,0.09
19:58:55.143,0.06
19:58:55.153,0.05
19:58:55.164,0.06
19:58:55.174,0.04
19:58:55.184,0.07
19:58:55.195,0.10
19:58:55.205,0.11
19:58:55.216,0.06
19:58:55.226,0.06
19:58:55.237,0.24
19:58:55.247,0.06
19:58:55.258,0.12
19:58:55.269,0.27
19:58:55.279,0.13
19:58:55.289,0.06
19:58:55.300,0.10
19:58:55.310,0.06
19:58:55.320,0.08
19:58:55.331,0.08
19:58:55.342,0.06
19:58:55.352,0.09
19:58:55.363,0.22
19:58:55.373,0.10
19:58:55.383,0.11
19:58:55.394,0.07
19:58:55.404,0.11
19:58:55.414,0.08
19:58:55.425,0.07
19:58:55.435,0.11
19:58:55.446,0.06
19:58:55.456,6.55
19:58:55.467,0.07
19:58:55.477,0.07
19:58:55.488,0.08
19:58:55.498,0.16
19:58:55.509,0.09
19:58:55.519,0.09
19:58:55.530,0.09
19:58:55.540,0.11
19:58:55.551,0.09
19:58:55.561,0.58
19:58:55.572,0.08
19:58:55.582,0.07
19:58:55.593,1.10
19:58:55.603,0.07
19:58:55.613,0.09
19:58:55.624,0.10
19:58:55.634,0.12
19:58:55.645,0.11
19:58:55.656,0.07
19:58:55.666,0.12
19:58:55.677,0.08
19:58:55.687,0.23
19:58:55.698,0.07
19:58:55.708,0.08
19:58:55.719,0.44
19:58:55.729,0.12
19:58:55.740,0.15
19:58:55.750,0.15
19:58:55.761,0.08
19:58:55.771,0.12
19:58:55.782,0.06
19:58:55.792,0.09
19:58:55.803,0.09
19:58:55.813,0.98
19:58:55.824,0.05
19:58:55.834,0.11
19:58:55.845,0.55
19:58:55.855,0.07
19:58:55.866,0.08
19:58:55.876,0.45
19:58:55.886,0.13
19:58:55.897,0.12
19:58:55.907,0.23
19:58:55.918,0.15
19:58:55.928,0.08
19:58:55.939,0.94
19:58:55.949,0.08
19:58:55.959,0.08
19:58:55.969,0.08
19:58:55.980,0.11
19:58:55.990,0.08
19:58:56.001,0.11
19:58:56.011,0.08
19:58:56.022,0.06
19:58:56.032,0.78
19:58:56.042,0.08
19:58:56.053,0.08
19:58:56.064,0.19
19:58:56.074,0.11
19:58:56.084,0.07
19:58:56.095,0.13
19:58:56.105,0.15
19:58:56.116,0.12
19:58:56.126,0.08
19:58:56.137,0.17
19:58:56.147,0.09
19:58:56.157,0.08
19:58:56.168,0.09
19:58:56.178,0.11
19:58:56.189,0.90
19:58:56.199,0.13
19:58:56.210,0.12
19:58:56.220,0.45
19:58:56.231,0.14
19:58:56.241,0.08
19:58:56.252,1.14
19:58:56.263,0.12
19:58:56.273,0.08
19:58:56.283,1.18
19:58:56.294,0.14
19:58:56.304,0.09
19:58:56.315,0.38
19:58:56.325,0.07
19:58:56.336,0.15
19:58:56.346,0.31
19:58:56.357,0.11
19:58:56.367,0.10
19:58:56.377,0.74
19:58:56.388,0.09
19:58:56.398,0.11
19:58:56.409,0.35
19:58:56.420,0.11
19:58:56.430,0.10
19:58:56.440,0.71
19:58:56.451,0.85
19:58:56.461,0.08
19:58:56.472,1.16
19:58:56.482,1.99
19:58:56.493,0.10
19:58:56.503,0.57
19:58:56.514,0.07
19:58:56.524,0.07
19:58:56.535,0.46
19:58:56.545,0.05
19:58:56.556,0.05
19:58:56.566,0.53
19:58:56.576,0.09
19:58:56.587,0.10
19:58:56.597,0.33
19:58:56.608,0.07
19:58:56.618,0.07
19:58:56.629,0.54
19:58:56.640,0.07
19:58:56.650,0.09
19:58:56.661,0.12
19:58:56.671,0.10
19:58:56.681,0.08
19:58:56.692,0.06
19:58:56.702,0.08
19:58:56.713,0.08
19:58:56.723,0.04
19:58:56.734,0.09
19:58:56.744,0.07
19:58:56.755,0.07
19:58:56.765,0.09
19:58:56.775,0.07
19:58:56.786,0.05
19:58:56.796,0.08
19:58:56.807,0.05
19:58:56.817,0.05
19:58:56.827,0.07
19:58:56.838,0.09
19:58:56.849,0.04
19:58:56.859,0.06
19:58:56.870,0.08
19:58:56.880,0.04
19:58:56.891,0.09
19:58:56.901,0.12
19:58:56.911,0.57
19:58:56.922,0.06
19:58:56.932,0.10
19:58:56.943,0.06
19:58:56.953,0.10
19:58:56.964,0.10
19:58:56.974,0.09
19:58:56.985,0.11
19:58:56.995,0.06
19:58:57.005,0.09
19:58:57.016,0.06
19:58:57.027,0.10
19:58:57.037,0.05
19:58:57.048,0.06
19:58:57.058,0.07
19:58:57.069,0.06
19:58:57.079,0.07
19:58:57.090,0.10
19:58:57.100,0.11
19:58:57.111,0.08
19:58:57.121,0.10
19:58:57.132,0.12
19:58:57.142,0.09
19:58:57.152,0.04
19:58:57.163,0.08
19:58:57.174,0.06
19:58:57.184,0.07
19:58:57.194,0.07
19:58:57.205,0.10
19:58:57.215,0.06
19:58:57.226,0.06
19:58:57.236,0.12
19:58:57.246,0.04
19:58:57.257,0.04
19:58:57.267,0.08
19:58:57.278,0.11
19:58:57.288,0.08
19:58:57.299,0.12
19:58:57.309,0.07
19:58:57.320,0.06
19:58:57.330,0.10
19:58:57.341,0.06
19:58:57.351,0.05
19:58:57.361,0.05
19:58:57.371,0.07
19:58:57.381,0.04
19:58:57.392,0.07
19:58:57.402,0.07
19:58:57.413,0.05
19:58:57.423,0.15
19:58:57.434,0.11
19:58:57.444,4.30
19:58:57.455,6.21
19:58:57.465,0.07
19:58:57.475,0.11
19:58:57.486,0.10
19:58:57.496,0.09
19:58:57.507,0.14
19:58:57.517,0.07
19:58:57.527,0.11
19:58:57.538,0.18
19:58:57.548,0.06
19:58:57.559,0.12
19:58:57.569,0.09
19:58:57.579,0.06
19:58:57.590,0.04
19:58:57.600,0.07
19:58:57.610,0.05
19:58:57.621,0.06
19:58:57.631,0.06
19:58:57.642,3.48
19:58:57.652,0.06
19:58:57.663,0.10
19:58:57.674,0.88
19:58:57.684,0.06
19:58:57.694,0.08
19:58:57.705,0.43
19:58:57.716,0.08
19:58:57.726,0.09
19:58:57.737,0.08
19:58:57.747,0.06
19:58:57.757,0.06
19:58:57.768,0.08
19:58:57.778,0.07
19:58:57.788,0.08
19:58:57.799,0.09
19:58:57.809,0.07
19:58:57.820,0.06
19:58:57.830,0.08
19:58:57.841,0.12
19:58:57.851,0.04
19:58:57.862,0.07
19:58:57.872,0.11
19:58:57.883,0.05
19:58:57.893,0.06
19:58:57.904,0.10
19:58:57.914,0.09
19:58:57.924,0.07
19:58:57.935,0.17
19:58:57.945,0.06
19:58:57.956,0.08
19:58:57.966,0.08
19:58:57.976,0.06
19:58:57.987,0.07
19:58:57.997,0.08
19:58:58.008,0.08
19:58:58.018,0.06
19:58:58.029,0.07
19:58:58.039,0.07
19:58:58.050,0.07
19:58:58.060,0.41
19:58:58.071,0.06
19:58:58.081,0.07
19:58:58.092,0.20
19:58:58.103,0.07
19:58:58.113,0.08
19:58:58.124,1.02
19:58:58.134,0.11
19:58:58.144,0.07
19:58:58.155,0.04
19:58:58.165,0.07
19:58:58.175,0.07
19:58:58.186,0.43
19:58:58.196,0.08
19:58:58.207,0.07
19:58:58.217,0.31
19:58:58.228,0.07
19:58:58.238,0.08
19:58:58.249,0.06
19:58:58.260,0.16
19:58:58.270,0.10
19:58:58.280,0.65
19:58:58.291,0.09
19:58:58.301,0.07
19:58:58.312,0.09
19:58:58.322,0.11
19:58:58.333,0.12
19:58:58.343,0.80
19:58:58.354,0.06
19:58:58.364,0.08
19:58:58.375,0.51
19:58:58.385,0.09
19:58:58.396,0.07
19:58:58.406,0.39
19:58:58.416,0.07
19:58:58.427,0.13
19:58:58.437,0.07
19:58:58.447,0.05
19:58:58.458,0.06
19:58:58.468,0.09
19:58:58.479,0.09
19:58:58.489,0.10
19:58:58.500,0.07
19:58:58.510,0.10
19:58:58.521,0.06
19:58:58.531,0.09
19:58:58.541,3.36
19:58:58.552,0.08
19:58:58.562,0.07
19:58:58.573,0.08
19:58:58.583,0.10
19:58:58.594,0.12
19:58:58.604,0.10
19:58:58.615,0.08
19:58:58.625,0.26
19:58:58.635,0.07
19:58:58.646,0.04
19:58:58.656,0.43
19:58:58.667,0.09
19:58:58.677,0.10
19:58:58.687,0.06
19:58:58.698,0.27
19:58:58.708,0.09
19:58:58.719,0.32
19:58:58.729,0.09
19:58:58.740,0.05
19:58:58.750,0.06
19:58:58.760,0.08
19:58:58.771,0.07
19:58:58.781,0.77
19:58:58.792,0.06
19:58:58.802,0.10
19:58:58.813,0.25
19:58:58.823,0.05
19:58:58.834,0.08
19:58:58.844,2.40
19:58:58.854,0.05
19:58:58.865,0.06
19:58:58.875,0.47
19:58:58.886,0.07
19:58:58.896,0.06
19:58:58.907,0.76
19:58:58.917,0.07
19:58:58.928,0.07
19:58:58.938,0.64
19:58:58.949,0.16
19:58:58.959,0.09
19:58:58.969,0.08
19:58:58.980,0.06
19:58:58.990,0.05
19:58:59.000,0.09
19:58:59.011,0.05
19:58:59.022,0.06
19:58:59.032,0.08
19:58:59.043,0.06
19:58:59.053,0.08
19:58:59.063,0.10
19:58:59.074,0.05
19:58:59.084,0.08
19:58:59.094,0.08
19:58:59.104,0.11
19:58:59.115,0.07
19:58:59.125,0.05
19:58:59.136,0.17
19:58:59.146,0.10
19:58:59.157,0.04
19:58:59.167,0.11
19:58:59.178,0.06
19:58:59.188,0.08
19:58:59.198,0.07
19:58:59.209,0.05
19:58:59.219,0.03
19:58:59.229,0.08
19:58:59.240,0.11
19:58:59.250,0.06
19:58:59.261,0.08
19:58:59.271,0.09
19:58:59.282,0.07
19:58:59.292,0.08
19:58:59.303,0.09
19:58:59.313,0.05
19:58:59.324,0.07
19:58:59.334,0.09
19:58:59.345,0.07
19:58:59.355,0.10
19:58:59.365,0.11
19:58:59.375,0.09
19:58:59.386,0.06
19:58:59.396,0.07
19:58:59.406,0.14
19:58:59.416,0.07
19:58:59.427,0.05
19:58:59.438,0.05
19:58:59.448,3.39
19:58:59.458,0.08
19:58:59.469,0.05
19:58:59.479,0.09
19:58:59.490,0.09
19:58:59.500,0.08
19:58:59.511,0.08
19:58:59.521,0.07
19:58:59.532,0.13
19:58:59.542,0.10
19:58:59.552,0.07
19:58:59.563,0.08
19:58:59.573,0.05
19:58:59.584,0.07
19:58:59.595,0.07
19:58:59.605,0.09
19:58:59.615,0.06
19:58:59.626,0.06
19:58:59.636,0.10
19:58:59.647,0.10
19:58:59.657,0.06
19:58:59.668,0.10
19:58:59.678,0.09
19:58:59.689,0.09
19:58:59.699,0.09
19:58:59.709,0.05
19:58:59.720,0.07
19:58:59.730,0.09
19:58:59.741,0.07
19:58:59.751,0.60
19:58:59.762,0.07
19:58:59.773,0.11
19:58:59.783,0.31
19:58:59.793,0.07
19:58:59.804,0.07
19:58:59.814,0.04
19:58:59.824,0.05
19:58:59.835,0.07
19:58:59.846,0.04
19:58:59.856,0.11
19:58:59.867,0.09
19:58:59.877,0.89
19:58:59.888,0.14
19:58:59.898,0.09
19:58:59.909,0.49
19:58:59.919,0.04
19:58:59.929,0.09
19:58:59.940,0.33
19:58:59.950,0.24
19:58:59.961,0.08
19:58:59.971,0.17
19:58:59.981,0.09
19:58:59.992,0.11
19:59:00.002,0.96
19:59:00.013,0.13
19:59:00.023,0.07
19:59:00.034,0.39
19:59:00.045,0.39
19:59:00.055,0.04
19:59:00.066,0.09
19:59:00.076,0.05
19:59:00.086,0.09
19:59:00.097,0.11
19:59:00.107,0.11
19:59:00.118,0.07
19:59:00.128,0.07
19:59:00.138,0.10
19:59:00.149,0.06
19:59:00.159,0.07
19:59:00.170,0.11
19:59:00.180,0.06
19:59:00.191,0.07
19:59:00.201,0.08
19:59:00.211,0.07
19:59:00.222,0.06
19:59:00.232,0.07
19:59:00.243,0.11
19:59:00.254,0.05
19:59:00.264,0.12
19:59:00.274,0.09
19:59:00.285,0.08
19:59:00.295,0.13
19:59:00.306,0.08
19:59:00.316,0.06
19:59:00.327,0.07
19:59:00.337,0.08
19:59:00.348,0.08
19:59:00.358,0.06
19:59:00.368,0.07
19:59:00.379,0.08
19:59:00.389,0.04
19:59:00.400,0.09
19:59:00.410,0.31
19:59:00.420,0.08
19:59:00.431,0.07
19:59:00.441,5.28
19:59:00.451,4.28
19:59:00.462,0.05
19:59:00.473,0.05
19:59:00.483,0.08
19:59:00.494,0.07
19:59:00.504,0.08
19:59:00.514,0.05
19:59:00.525,0.09
19:59:00.535,0.09
19:59:00.546,0.06
19:59:00.556,0.14
19:59:00.567,0.09
19:59:00.577,0.05
19:59:00.588,0.09
19:59:00.598,0.07
19:59:00.608,0.08
19:59:00.619,0.04
19:59:00.629,0.07
19:59:00.639,0.05
19:59:00.650,0.04
19:59:00.660,0.12
19:59:00.671,0.10
19:59:00.681,0.08
19:59:00.692,0.04
19:59:00.702,0.19
19:59:00.712,0.08
19:59:00.723,0.08
19:59:00.733,0.07
19:59:00.744,0.10
19:59:00.754,0.06
19:59:00.765,0.08
19:59:00.775,0.05
19:59:00.786,0.10
19:59:00.796,0.13
19:59:00.807,0.12
19:59:00.817,0.08
19:59:00.827,0.09
19:59:00.837,0.10
19:59:00.848,0.04
19:59:00.858,0.06
19:59:00.869,0.09
19:59:00.879,0.05
19:59:00.889,0.07
19:59:00.900,0.09
19:59:00.910,0.05
19:59:00.921,0.09
19:59:00.932,0.12
19:59:00.942,3.38
19:59:00.953,0.16
19:59:00.963,0.12
19:59:00.974,0.12
19:59:00.984,0.09
19:59:00.995,0.07
19:59:01.005,0.06
19:59:01.016,0.08
19:59:01.026,0.13
19:59:01.037,0.10
19:59:01.047,0.07
19:59:01.058,0.09
19:59:01.068,0.08
19:59:01.078,0.09
19:59:01.089,0.08
19:59:01.099,0.09
19:59:01.110,0.58
19:59:01.120,0.07
19:59:01.131,0.10
19:59:01.141,0.13
19:59:01.152,0.06
19:59:01.162,0.10
19:59:01.173,0.38
19:59:01.184,0.12
19:59:01.194,0.10
19:59:01.204,0.21
19:59:01.215,0.06
19:59:01.226,0.10
19:59:01.236,0.09
19:59:01.246,0.05
19:59:01.257,0.06
19:59:01.267,0.09
19:59:01.277,0.06
19:59:01.288,0.08
19:59:01.298,0.12
19:59:01.309,0.09
19:59:01.319,0.07
19:59:01.330,0.06
19:59:01.340,0.10
19:59:01.351,0.08
19:59:01.361,0.17
19:59:01.372,0.08
19:59:01.382,0.12
19:59:01.392,0.07
19:59:01.403,0.12
19:59:01.413,0.06
19:59:01.424,0.07
19:59:01.434,0.08
19:59:01.445,5.27
19:59:01.455,4.29
19:59:01.465,0.11
19:59:01.476,0.08
19:59:01.486,0.10
19:59:01.497,0.09
19:59:01.507,0.09
19:59:01.518,0.09
19:59:01.528,0.07
19:59:01.538,0.07
19:59:01.549,0.07
19:59:01.559,0.15
19:59:01.569,0.12
19:59:01.580,0.08
19:59:01.590,0.50
19:59:01.601,0.07
19:59:01.611,0.06
19:59:01.622,0.06
19:59:01.632,0.08
19:59:01.643,0.05
19:59:01.653,0.06
19:59:01.664,0.07
19:59:01.674,0.04
19:59:01.685,0.10
19:59:01.695,0.07
19:59:01.705,0.11
19:59:01.716,0.07
19:59:01.727,0.09
19:59:01.737,0.07
19:59:01.747,0.04
19:59:01.757,0.08
19:59:01.768,0.09
19:59:01.778,0.08
19:59:01.789,0.08
19:59:01.799,0.07
19:59:01.809,0.11
19:59:01.820,0.07
19:59:01.830,0.07
19:59:01.841,0.06
19:59:01.851,0.05
19:59:01.862,0.10
19:59:01.872,0.10
19:59:01.882,0.08
19:59:01.893,0.08
19:59:01.903,0.09
19:59:01.914,0.09
19:59:01.924,0.08
19:59:01.934,0.09
19:59:01.945,0.09
19:59:01.955,0.06
19:59:01.965,0.17
19:59:01.975,0.07
19:59:01.986,0.09
19:59:01.997,0.09
19:59:02.007,0.07
19:59:02.018,0.05
19:59:02.028,0.10
19:59:02.038,0.11
19:59:02.049,0.09
19:59:02.059,0.07
19:59:02.070,0.07
19:59:02.080,0.12
19:59:02.090,0.06
19:59:02.101,0.06
19:59:02.111,0.08
19:59:02.122,0.06
19:59:02.132,0.09
19:59:02.143,2.30
19:59:02.153,0.10
19:59:02.164,0.07
19:59:02.174,0.08
19:59:02.185,0.13
19:59:02.195,0.07
19:59:02.206,0.08
19:59:02.216,0.04
19:59:02.227,0.09
19:59:02.237,0.07
19:59:02.248,0.05
19:59:02.258,0.04
19:59:02.269,0.05
19:59:02.279,0.04
19:59:02.290,0.09
19:59:02.300,0.11
19:59:02.310,0.09
19:59:02.321,0.11
19:59:02.331,0.08
19:59:02.342,0.11
19:59:02.353,0.06
19:59:02.363,0.06
19:59:02.374,0.06
19:59:02.384,0.06
19:59:02.395,0.06
19:59:02.405,0.08
19:59:02.415,0.06
19:59:02.426,0.07
19:59:02.437,0.12
19:59:02.447,2.65
19:59:02.457,0.91
19:59:02.467,0.08
19:59:02.478,0.06
19:59:02.488,0.05
19:59:02.499,0.09
19:59:02.509,0.07
19:59:02.520,0.05
19:59:02.530,0.07
19:59:02.541,0.10
19:59:02.551,0.17
19:59:02.562,0.07
19:59:02.572,0.07
19:59:02.582,0.11
19:59:02.593,0.10
19:59:02.603,0.12
19:59:02.614,0.09
19:59:02.624,0.07
19:59:02.634,0.11
19:59:02.645,0.05
19:59:02.655,0.06
19:59:02.666,0.08
19:59:02.676,0.08
19:59:02.687,0.14
19:59:02.697,0.11
19:59:02.708,0.06
19:59:02.718,0.04
19:59:02.729,0.10
19:59:02.739,0.04
19:59:02.750,0.09
19:59:02.760,0.11
19:59:02.771,0.15
19:59:02.782,0.08
19:59:02.792,0.10
19:59:02.802,0.13
19:59:02.813,0.16
19:59:02.824,0.07
19:59:02.834,0.08
19:59:02.845,0.07
19:59:02.855,0.10
19:59:02.865,0.09
19:59:02.876,0.07
19:59:02.886,0.06
19:59:02.897,0.10
19:59:02.907,0.06
19:59:02.918,0.13
19:59:02.928,0.12
19:59:02.939,0.06
19:59:02.949,0.12
19:59:02.959,0.08
19:59:02.970,0.07
19:59:02.981,0.05
19:59:02.991,0.05
19:59:03.001,0.15
19:59:03.011,0.09
19:59:03.022,0.07
19:59:03.032,0.56
19:59:03.042,3.52
19:59:03.053,0.08
