time,latency_ms
18:43:05.476,0.10
18:43:05.486,0.15
18:43:05.497,0.13
18:43:05.507,0.06
18:43:05.518,0.72
18:43:05.529,0.11
18:43:05.539,0.05
18:43:05.550,0.07
18:43:05.560,0.09
18:43:05.571,0.08
18:43:05.581,0.61
18:43:05.591,0.06
18:43:05.602,0.06
18:43:05.612,0.50
18:43:05.623,0.08
18:43:05.633,0.07
18:43:05.644,0.69
18:43:05.654,0.05
18:43:05.665,0.08
18:43:05.675,0.43
18:43:05.686,0.04
18:43:05.696,0.10
18:43:05.707,0.41
18:43:05.718,0.08
18:43:05.728,0.08
18:43:05.738,1.12
18:43:05.749,3.47
18:43:05.759,0.41
18:43:05.770,1.16
18:43:05.780,0.09
18:43:05.790,0.06
18:43:05.801,0.07
18:43:05.811,0.08
18:43:05.822,0.07
18:43:05.832,0.05
18:43:05.843,0.04
18:43:05.853,0.11
18:43:05.864,0.42
18:43:05.874,0.06
18:43:05.884,0.06
18:43:05.895,0.35
18:43:05.905,0.08
18:43:05.916,0.10
18:43:05.926,0.26
18:43:05.937,0.06
18:43:05.947,0.05
18:43:05.958,1.28
18:43:05.968,0.06
18:43:05.979,0.05
18:43:05.989,0.15
18:43:06.000,0.08
18:43:06.010,3.22
18:43:06.020,0.75
18:43:06.031,0.06
18:43:06.042,0.05
18:43:06.052,1.11
18:43:06.063,0.07
18:43:06.073,0.06
18:43:06.084,0.74
18:43:06.094,0.06
18:43:06.104,0.05
18:43:06.115,0.47
18:43:06.125,0.08
18:43:06.135,0.06
18:43:06.145,0.54
18:43:06.156,0.07
18:43:06.166,0.10
18:43:06.176,1.06
18:43:06.187,0.08
18:43:06.197,0.13
18:43:06.208,0.68
18:43:06.218,0.08
18:43:06.229,0.08
18:43:06.239,0.42
18:43:06.250,0.04
18:43:06.260,0.07
18:43:06.271,0.05
18:43:06.281,0.04
18:43:06.291,0.06
18:43:06.302,0.13
18:43:06.313,0.04
18:43:06.323,0.04
18:43:06.333,0.05
18:43:06.343,0.32
18:43:06.354,0.05
18:43:06.364,0.05
18:43:06.375,0.05
18:43:06.386,0.04
18:43:06.396,0.08
18:43:06.406,0.06
18:43:06.417,0.10
18:43:06.427,0.10
18:43:06.438,0.06
18:43:06.448,0.08
18:43:06.459,0.07
18:43:06.470,0.04
18:43:06.480,0.05
18:43:06.490,0.05
18:43:06.500,0.07
18:43:06.511,0.09
18:43:06.521,0.07
18:43:06.531,0.07
18:43:06.542,0.03
18:43:06.552,0.05
18:43:06.562,0.05
18:43:06.572,0.05
18:43:06.583,0.07
18:43:06.593,0.06
18:43:06.603,0.06
18:43:06.614,0.09
18:43:06.624,0.05
18:43:06.634,0.05
18:43:06.645,0.03
18:43:06.655,0.06
18:43:06.666,0.11
18:43:06.676,0.04
18:43:06.687,0.06
18:43:06.697,0.09
18:43:06.707,0.06
18:43:06.718,0.10
18:43:06.728,0.06
18:43:06.739,0.05
18:43:06.749,0.04
18:43:06.759,0.06
18:43:06.769,0.04
18:43:06.780,0.04
18:43:06.791,0.06
18:43:06.801,0.06
18:43:06.811,0.06
18:43:06.821,0.05
18:43:06.832,0.71
18:43:06.842,0.08
18:43:06.853,0.04
18:43:06.863,0.32
18:43:06.873,0.04
18:43:06.884,0.04
18:43:06.894,0.05
18:43:06.904,0.08
18:43:06.914,0.04
18:43:06.925,0.06
18:43:06.935,0.09
18:43:06.945,0.05
18:43:06.956,0.06
18:43:06.966,0.05
18:43:06.977,0.06
18:43:06.987,0.07
18:43:06.998,0.08
18:43:07.008,0.07
18:43:07.018,0.08
18:43:07.029,0.35
18:43:07.039,0.05
18:43:07.049,0.06
18:43:07.060,0.08
18:43:07.070,0.11
18:43:07.081,0.10
18:43:07.091,0.08
18:43:07.101,0.07
18:43:07.112,0.03
18:43:07.122,0.07
18:43:07.132,0.19
18:43:07.142,0.06
18:43:07.153,0.08
18:43:07.163,0.10
18:43:07.173,0.06
18:43:07.183,0.08
18:43:07.194,0.06
18:43:07.204,0.19
18:43:07.215,0.16
18:43:07.225,0.06
18:43:07.236,0.06
18:43:07.246,0.06
18:43:07.257,0.05
18:43:07.267,0.06
18:43:07.278,0.07
18:43:07.288,0.05
18:43:07.299,0.08
18:43:07.309,0.05
18:43:07.319,0.04
18:43:07.329,0.06
18:43:07.340,0.05
18:43:07.350,0.04
18:43:07.361,0.08
18:43:07.371,0.07
18:43:07.381,0.14
18:43:07.392,0.07
18:43:07.402,0.12
18:43:07.412,0.07
18:43:07.423,0.04
18:43:07.433,0.06
18:43:07.444,0.04
18:43:07.454,0.07
18:43:07.465,0.07
18:43:07.475,0.04
18:43:07.485,0.04
18:43:07.496,0.08
18:43:07.506,0.04
18:43:07.517,0.07
18:43:07.527,0.09
18:43:07.537,0.07
18:43:07.548,0.03
18:43:07.558,0.09
18:43:07.569,0.05
18:43:07.579,0.04
18:43:07.590,0.06
18:43:07.600,0.08
18:43:07.611,0.25
18:43:07.621,0.09
18:43:07.631,0.11
18:43:07.642,0.05
18:43:07.652,0.05
18:43:07.662,0.08
18:43:07.673,0.10
18:43:07.683,0.08
18:43:07.694,0.13
18:43:07.704,0.08
18:43:07.715,0.04
18:43:07.725,0.05
18:43:07.735,0.64
18:43:07.746,0.07
18:43:07.756,0.05
18:43:07.767,0.57
18:43:07.777,0.04
18:43:07.788,0.04
18:43:07.798,0.06
18:43:07.809,0.10
18:43:07.819,0.07
18:43:07.830,0.55
18:43:07.840,0.05
18:43:07.850,2.38
18:43:07.861,0.13
18:43:07.871,0.05
18:43:07.882,0.09
18:43:07.892,0.54
18:43:07.903,0.06
18:43:07.913,0.06
18:43:07.924,0.21
18:43:07.934,0.06
18:43:07.945,0.06
18:43:07.955,0.50
18:43:07.966,0.09
18:43:07.976,0.05
18:43:07.987,0.49
18:43:07.997,0.10
18:43:08.008,1.46
18:43:08.018,7.04
18:43:08.029,0.11
18:43:08.039,0.08
18:43:08.050,0.04
18:43:08.061,0.09
18:43:08.071,0.06
18:43:08.082,0.04
18:43:08.092,0.06
18:43:08.102,0.07
18:43:08.113,0.05
18:43:08.123,0.06
18:43:08.133,0.06
18:43:08.144,0.11
18:43:08.154,0.08
18:43:08.165,0.05
18:43:08.175,0.05
18:43:08.186,0.05
18:43:08.196,0.13
18:43:08.206,0.10
18:43:08.217,0.05
18:43:08.227,0.08
18:43:08.238,0.08
18:43:08.249,0.12
18:43:08.259,0.06
18:43:08.269,0.05
18:43:08.280,0.06
18:43:08.290,0.05
18:43:08.300,0.09
18:43:08.311,0.05
18:43:08.321,0.06
18:43:08.332,0.08
18:43:08.342,0.07
18:43:08.353,0.07
18:43:08.363,0.07
18:43:08.373,0.08
18:43:08.384,0.05
18:43:08.394,0.09
18:43:08.404,0.05
18:43:08.415,0.09
18:43:08.425,0.09
18:43:08.436,0.04
18:43:08.446,0.10
18:43:08.457,0.12
18:43:08.467,0.10
18:43:08.478,0.08
18:43:08.488,0.11
18:43:08.499,0.09
18:43:08.510,0.05
18:43:08.520,0.08
18:43:08.530,0.12
18:43:08.541,0.05
18:43:08.551,0.17
18:43:08.562,0.06
18:43:08.572,0.07
18:43:08.583,0.08
18:43:08.593,0.56
18:43:08.603,0.09
18:43:08.614,0.08
18:43:08.625,0.10
18:43:08.635,0.10
18:43:08.645,0.05
18:43:08.656,0.48
18:43:08.666,0.07
18:43:08.677,0.05
18:43:08.687,0.07
18:43:08.698,0.08
18:43:08.708,0.06
18:43:08.718,0.07
18:43:08.729,0.08
18:43:08.739,0.10
18:43:08.749,3.63
18:43:08.759,0.05
18:43:08.770,0.08
18:43:08.780,0.10
18:43:08.791,0.06
18:43:08.801,0.06
18:43:08.812,0.05
18:43:08.822,0.04
18:43:08.833,0.06
18:43:08.843,0.06
18:43:08.853,0.06
18:43:08.864,0.07
18:43:08.874,0.05
18:43:08.884,0.05
18:43:08.895,0.08
18:43:08.905,0.04
18:43:08.915,0.06
18:43:08.926,0.08
18:43:08.936,0.05
18:43:08.947,0.04
18:43:08.957,0.06
18:43:08.967,0.06
18:43:08.977,0.05
18:43:08.987,0.05
18:43:08.998,0.29
18:43:09.008,0.09
18:43:09.019,1.62
18:43:09.029,0.07
18:43:09.040,0.09
18:43:09.050,1.48
18:43:09.061,0.11
18:43:09.071,0.08
18:43:09.082,0.07
18:43:09.092,0.07
18:43:09.103,0.06
18:43:09.113,0.07
18:43:09.124,0.07
18:43:09.134,0.07
18:43:09.144,0.07
18:43:09.155,0.07
18:43:09.165,0.07
18:43:09.175,0.07
18:43:09.186,0.09
18:43:09.196,0.11
18:43:09.207,0.55
18:43:09.217,0.09
18:43:09.228,0.09
18:43:09.238,0.29
18:43:09.248,0.08
18:43:09.259,0.12
18:43:09.269,0.15
18:43:09.280,0.06
18:43:09.290,0.04
18:43:09.300,0.09
18:43:09.311,0.15
18:43:09.321,0.09
18:43:09.332,0.09
18:43:09.342,0.06
18:43:09.352,0.10
18:43:09.363,0.10
18:43:09.373,0.09
18:43:09.384,0.04
18:43:09.394,0.10
18:43:09.405,0.04
18:43:09.416,0.40
18:43:09.426,0.08
18:43:09.437,0.28
18:43:09.447,0.05
18:43:09.458,0.09
18:43:09.468,0.07
18:43:09.478,0.52
18:43:09.489,0.06
18:43:09.499,0.06
18:43:09.509,0.10
18:43:09.519,0.09
18:43:09.530,0.08
18:43:09.541,0.05
18:43:09.551,0.07
18:43:09.562,0.14
18:43:09.572,0.13
18:43:09.582,0.06
18:43:09.593,0.12
18:43:09.603,0.05
18:43:09.614,0.06
18:43:09.624,0.09
18:43:09.635,0.10
18:43:09.645,0.07
18:43:09.656,0.06
18:43:09.666,0.07
18:43:09.677,0.10
18:43:09.687,0.08
18:43:09.698,0.08
18:43:09.709,0.08
18:43:09.719,0.04
18:43:09.729,0.06
18:43:09.740,0.05
18:43:09.750,0.05
18:43:09.761,0.35
18:43:09.771,0.05
18:43:09.782,0.08
18:43:09.792,0.88
18:43:09.803,0.12
18:43:09.813,0.07
18:43:09.824,0.37
18:43:09.834,0.10
18:43:09.845,0.08
18:43:09.855,0.10
18:43:09.866,0.09
18:43:09.876,0.05
18:43:09.887,0.26
18:43:09.897,0.07
18:43:09.908,0.11
18:43:09.918,0.37
18:43:09.929,0.07
18:43:09.939,0.05
18:43:09.949,2.18
18:43:09.960,0.10
18:43:09.970,0.06
18:43:09.981,0.60
18:43:09.991,0.06
18:43:10.002,0.07
18:43:10.012,0.73
18:43:10.023,6.28
18:43:10.033,0.07
18:43:10.044,0.09
18:43:10.054,0.08
18:43:10.065,0.07
18:43:10.075,0.08
18:43:10.086,0.08
18:43:10.096,0.12
18:43:10.107,0.11
18:43:10.117,0.10
18:43:10.128,0.07
18:43:10.138,0.08
18:43:10.149,0.04
18:43:10.159,0.05
18:43:10.170,0.09
18:43:10.180,0.04
18:43:10.191,0.08
18:43:10.201,0.06
18:43:10.212,0.15
18:43:10.222,0.12
18:43:10.232,0.06
18:43:10.243,0.08
18:43:10.253,0.06
18:43:10.264,0.09
18:43:10.274,0.06
18:43:10.285,0.07
18:43:10.295,0.07
18:43:10.305,0.10
18:43:10.316,0.06
18:43:10.326,0.08
18:43:10.337,0.09
18:43:10.347,0.07
18:43:10.358,0.09
18:43:10.368,0.16
18:43:10.379,0.08
18:43:10.389,0.10
18:43:10.400,0.10
18:43:10.410,0.08
18:43:10.421,0.06
18:43:10.431,0.09
18:43:10.441,0.10
18:43:10.452,0.10
18:43:10.462,0.14
18:43:10.472,0.12
18:43:10.483,0.06
18:43:10.493,0.14
18:43:10.504,0.09
18:43:10.514,0.09
18:43:10.525,0.10
18:43:10.535,0.10
18:43:10.546,0.04
18:43:10.556,0.06
18:43:10.567,0.09
18:43:10.578,0.11
18:43:10.588,0.21
18:43:10.599,0.05
18:43:10.609,0.12
18:43:10.620,0.77
18:43:10.630,0.10
18:43:10.640,0.09
18:43:10.651,0.10
18:43:10.661,0.07
18:43:10.672,0.08
18:43:10.682,0.35
18:43:10.693,0.09
18:43:10.704,0.07
18:43:10.714,0.06
18:43:10.724,0.06
18:43:10.735,0.05
18:43:10.745,0.05
18:43:10.755,0.06
18:43:10.765,0.06
18:43:10.776,0.49
18:43:10.786,0.05
18:43:10.796,0.05
18:43:10.807,0.06
18:43:10.817,0.09
18:43:10.827,0.06
18:43:10.838,0.04
18:43:10.848,0.04
18:43:10.859,0.09
18:43:10.869,0.06
18:43:10.879,0.08
18:43:10.890,0.12
18:43:10.901,0.15
18:43:10.911,0.07
18:43:10.922,0.11
18:43:10.932,0.08
18:43:10.942,0.07
18:43:10.953,0.07
18:43:10.963,0.56
18:43:10.974,0.09
18:43:10.984,0.09
18:43:10.995,0.65
18:43:11.005,0.07
18:43:11.016,0.55
18:43:11.026,0.42
18:43:11.037,0.07
18:43:11.047,0.06
18:43:11.058,0.06
18:43:11.069,0.14
18:43:11.079,0.12
18:43:11.089,0.06
18:43:11.100,0.08
18:43:11.110,0.08
18:43:11.121,0.04
18:43:11.131,0.07
18:43:11.142,0.10
18:43:11.152,0.87
18:43:11.163,0.09
18:43:11.173,0.09
18:43:11.183,0.08
18:43:11.194,0.08
18:43:11.204,0.66
18:43:11.214,0.09
18:43:11.225,0.07
18:43:11.235,0.05
18:43:11.245,0.09
18:43:11.256,0.06
18:43:11.266,0.10
18:43:11.277,0.06
18:43:11.287,0.06
18:43:11.298,0.11
18:43:11.308,0.04
18:43:11.318,0.04
18:43:11.329,0.08
18:43:11.339,0.08
18:43:11.350,0.05
18:43:11.360,0.08
18:43:11.371,0.10
18:43:11.381,0.08
18:43:11.392,0.07
18:43:11.402,0.09
18:43:11.412,0.07
18:43:11.422,0.06
18:43:11.433,0.06
18:43:11.443,0.22
18:43:11.454,0.12
18:43:11.464,0.10
18:43:11.475,0.05
18:43:11.485,0.10
18:43:11.495,0.13
18:43:11.506,0.08
18:43:11.517,0.09
18:43:11.527,0.10
18:43:11.538,0.10
18:43:11.548,0.06
18:43:11.558,0.09
18:43:11.569,0.06
18:43:11.579,0.08
18:43:11.590,0.06
18:43:11.600,0.08
18:43:11.610,0.07
18:43:11.621,0.06
18:43:11.631,0.11
18:43:11.641,0.05
18:43:11.652,0.09
18:43:11.662,0.13
18:43:11.673,0.08
18:43:11.683,0.05
18:43:11.694,0.12
18:43:11.704,0.08
18:43:11.714,0.09
18:43:11.725,0.07
18:43:11.736,0.10
18:43:11.746,0.11
18:43:11.757,0.07
18:43:11.767,0.05
18:43:11.778,0.06
18:43:11.788,0.10
18:43:11.799,0.06
18:43:11.809,0.05
18:43:11.820,0.07
18:43:11.830,0.11
18:43:11.841,0.06
18:43:11.851,0.37
18:43:11.862,0.07
18:43:11.872,0.11
18:43:11.883,0.06
18:43:11.893,0.07
18:43:11.904,0.09
18:43:11.914,0.07
18:43:11.925,0.06
18:43:11.935,0.06
18:43:11.946,0.10
18:43:11.956,0.05
18:43:11.966,0.16
18:43:11.977,1.01
18:43:11.987,0.05
18:43:11.998,0.07
18:43:12.008,0.36
18:43:12.019,0.80
18:43:12.029,0.07
18:43:12.040,0.51
18:43:12.050,2.04
18:43:12.061,0.08
18:43:12.071,0.17
18:43:12.082,0.08
18:43:12.092,0.10
18:43:12.103,0.66
18:43:12.113,0.07
18:43:12.124,0.08
18:43:12.134,0.25
18:43:12.145,0.07
18:43:12.155,0.09
18:43:12.166,0.60
18:43:12.176,0.07
18:43:12.187,0.07
18:43:12.197,1.12
18:43:12.208,0.58
18:43:12.218,0.12
18:43:12.228,0.07
18:43:12.239,0.06
18:43:12.249,0.07
18:43:12.260,0.09
18:43:12.270,0.07
18:43:12.281,0.05
18:43:12.291,0.08
18:43:12.302,0.06
18:43:12.312,0.06
18:43:12.322,0.08
18:43:12.333,0.09
18:43:12.343,0.11
18:43:12.354,0.09
18:43:12.364,0.12
18:43:12.374,0.07
18:43:12.385,0.28
18:43:12.395,0.09
18:43:12.406,0.09
18:43:12.416,0.92
18:43:12.426,0.11
18:43:12.437,0.11
18:43:12.447,0.08
18:43:12.458,0.08
18:43:12.468,0.07
18:43:12.478,0.05
18:43:12.489,0.06
18:43:12.499,0.13
18:43:12.510,0.42
18:43:12.520,0.09
18:43:12.530,0.11
18:43:12.541,0.55
18:43:12.551,0.08
18:43:12.561,0.07
18:43:12.572,0.23
18:43:12.583,0.05
18:43:12.593,0.07
18:43:12.604,0.34
18:43:12.614,0.04
18:43:12.624,0.05
18:43:12.635,0.89
18:43:12.645,0.06
18:43:12.656,0.05
18:43:12.666,0.38
18:43:12.677,0.07
18:43:12.687,0.12
18:43:12.698,0.20
18:43:12.708,0.12
18:43:12.719,0.10
18:43:12.729,0.08
18:43:12.739,0.05
18:43:12.749,0.06
18:43:12.760,0.08
18:43:12.771,0.10
18:43:12.781,0.11
18:43:12.791,0.52
18:43:12.802,0.11
18:43:12.812,0.05
18:43:12.823,0.52
18:43:12.833,0.07
18:43:12.843,0.06
18:43:12.854,0.93
18:43:12.865,0.09
18:43:12.875,0.10
18:43:12.886,0.36
18:43:12.896,0.14
18:43:12.907,0.09
18:43:12.917,0.36
18:43:12.927,0.08
18:43:12.938,0.10
18:43:12.948,0.10
18:43:12.959,0.11
18:43:12.969,0.05
18:43:12.979,0.08
18:43:12.989,0.10
18:43:13.000,0.13
18:43:13.010,0.08
18:43:13.021,0.80
18:43:13.031,0.07
18:43:13.042,0.06
18:43:13.052,0.08
18:43:13.063,0.06
18:43:13.073,0.68
18:43:13.084,0.11
18:43:13.094,0.11
18:43:13.104,0.08
18:43:13.115,0.08
18:43:13.125,0.11
18:43:13.136,0.58
18:43:13.146,0.11
18:43:13.157,0.09
18:43:13.167,0.10
18:43:13.178,0.12
18:43:13.189,0.09
18:43:13.199,0.12
18:43:13.210,0.10
18:43:13.220,0.11
18:43:13.230,0.14
18:43:13.241,0.19
18:43:13.251,1.83
18:43:13.262,0.07
18:43:13.272,0.06
18:43:13.283,0.06
18:43:13.293,0.09
18:43:13.304,0.12
18:43:13.314,0.07
18:43:13.324,0.15
18:43:13.335,0.07
18:43:13.345,0.05
18:43:13.356,0.15
18:43:13.366,0.10
18:43:13.377,0.09
18:43:13.387,0.09
18:43:13.398,0.06
18:43:13.408,0.05
18:43:13.418,0.06
18:43:13.429,0.09
18:43:13.439,0.06
18:43:13.450,0.05
18:43:13.460,0.06
18:43:13.471,0.05
18:43:13.481,0.08
18:43:13.492,0.14
18:43:13.502,0.08
18:43:13.513,0.09
18:43:13.523,0.06
18:43:13.534,0.07
18:43:13.544,0.06
18:43:13.555,0.06
18:43:13.565,0.09
18:43:13.575,0.08
18:43:13.586,0.04
18:43:13.597,0.08
18:43:13.607,0.07
18:43:13.617,1.08
18:43:13.628,0.05
18:43:13.638,0.06
18:43:13.649,0.06
18:43:13.659,0.07
18:43:13.670,0.08
18:43:13.680,0.64
18:43:13.690,0.08
18:43:13.701,0.09
18:43:13.711,0.08
18:43:13.722,0.07
18:43:13.733,0.07
18:43:13.743,0.07
18:43:13.753,0.09
18:43:13.763,0.07
18:43:13.774,0.07
18:43:13.784,0.04
18:43:13.795,0.08
18:43:13.805,0.04
18:43:13.815,0.05
18:43:13.826,0.06
18:43:13.836,0.05
18:43:13.847,0.08
18:43:13.857,0.10
18:43:13.868,0.09
18:43:13.879,0.07
18:43:13.889,0.10
18:43:13.900,0.06
18:43:13.910,0.37
18:43:13.921,0.08
18:43:13.931,0.10
18:43:13.942,0.06
18:43:13.952,0.07
18:43:13.962,0.06
18:43:13.973,0.04
18:43:13.983,0.05
18:43:13.994,0.07
18:43:14.004,0.07
18:43:14.015,0.06
18:43:14.025,0.06
18:43:14.036,0.10
18:43:14.046,0.10
18:43:14.057,0.07
18:43:14.067,0.05
18:43:14.078,0.10
18:43:14.088,0.05
18:43:14.099,0.10
18:43:14.109,0.08
18:43:14.120,0.09
18:43:14.130,0.09
18:43:14.141,0.07
18:43:14.151,2.08
18:43:14.162,0.10
18:43:14.172,0.07
18:43:14.183,0.04
18:43:14.193,0.09
18:43:14.204,0.17
18:43:14.214,0.06
18:43:14.224,0.07
18:43:14.235,0.41
18:43:14.245,0.07
18:43:14.255,0.07
18:43:14.266,0.10
18:43:14.276,0.06
18:43:14.286,0.10
18:43:14.297,0.11
18:43:14.307,0.06
18:43:14.318,0.07
18:43:14.328,0.09
18:43:14.339,0.08
18:43:14.349,0.09
18:43:14.360,0.07
18:43:14.370,0.05
18:43:14.381,0.08
18:43:14.391,0.08
18:43:14.402,0.07
18:43:14.412,0.10
18:43:14.423,0.06
18:43:14.433,0.05
18:43:14.443,0.37
18:43:14.453,0.15
18:43:14.464,0.07
18:43:14.474,0.09
18:43:14.485,0.06
18:43:14.495,0.06
18:43:14.506,0.05
18:43:14.516,0.06
18:43:14.526,0.15
18:43:14.537,0.09
18:43:14.547,0.08
18:43:14.558,0.08
18:43:14.568,0.11
18:43:14.578,0.05
18:43:14.588,0.09
18:43:14.599,0.11
18:43:14.610,0.06
18:43:14.620,0.09
18:43:14.630,0.08
18:43:14.640,0.07
18:43:14.651,0.06
18:43:14.661,0.10
18:43:14.672,0.09
18:43:14.682,0.07
18:43:14.693,0.10
18:43:14.703,0.08
18:43:14.714,0.14
18:43:14.724,0.08
18:43:14.735,0.15
18:43:14.745,0.07
18:43:14.756,0.12
18:43:14.767,0.06
18:43:14.777,0.08
18:43:14.788,0.06
18:43:14.798,0.08
18:43:14.809,0.07
18:43:14.819,0.07
18:43:14.830,0.09
18:43:14.840,0.10
18:43:14.850,0.06
18:43:14.861,0.09
18:43:14.871,0.06
18:43:14.881,0.06
18:43:14.892,0.04
18:43:14.902,0.06
18:43:14.912,0.08
18:43:14.923,0.13
18:43:14.933,0.09
18:43:14.943,0.07
18:43:14.954,0.06
18:43:14.965,0.10
18:43:14.975,0.06
18:43:14.986,0.06
18:43:14.996,0.06
18:43:15.007,2.70
18:43:15.017,2.75
18:43:15.027,0.05
18:43:15.037,0.05
18:43:15.048,0.06
18:43:15.058,0.06
18:43:15.069,0.09
18:43:15.079,0.06
18:43:15.090,0.10
18:43:15.100,0.12
18:43:15.110,0.08
18:43:15.120,0.09
18:43:15.131,0.11
18:43:15.141,0.10
18:43:15.152,0.09
18:43:15.162,0.08
18:43:15.172,0.08
18:43:15.182,0.08
18:43:15.193,0.09
18:43:15.203,0.06
18:43:15.214,0.10
18:43:15.224,0.08
18:43:15.235,0.10
18:43:15.245,0.06
18:43:15.256,0.06
18:43:15.266,0.07
18:43:15.277,0.08
18:43:15.287,0.07
18:43:15.298,0.06
18:43:15.308,0.12
18:43:15.319,0.06
18:43:15.329,0.16
18:43:15.340,0.07
18:43:15.350,1.40
18:43:15.361,0.97
18:43:15.371,0.12
18:43:15.381,0.06
18:43:15.392,0.20
18:43:15.402,0.05
18:43:15.413,0.10
18:43:15.423,0.39
18:43:15.434,0.10
18:43:15.444,0.08
18:43:15.455,0.57
18:43:15.465,0.08
18:43:15.475,0.07
18:43:15.486,0.04
18:43:15.496,0.08
18:43:15.507,0.06
18:43:15.517,0.20
18:43:15.527,0.10
18:43:15.538,0.12
18:43:15.548,0.13
18:43:15.559,0.09
18:43:15.569,0.09
18:43:15.580,0.68
18:43:15.590,0.06
18:43:15.601,0.06
18:43:15.611,0.30
18:43:15.622,0.07
18:43:15.632,0.07
18:43:15.642,0.15
18:43:15.653,0.09
18:43:15.664,0.07
18:43:15.674,0.15
18:43:15.685,0.05
18:43:15.695,0.08
18:43:15.705,0.37
18:43:15.716,0.09
18:43:15.726,0.06
18:43:15.736,0.22
18:43:15.747,0.06
18:43:15.758,0.10
18:43:15.768,0.06
18:43:15.778,0.05
18:43:15.789,0.10
18:43:15.799,0.99
18:43:15.810,0.09
18:43:15.820,0.06
18:43:15.830,0.25
18:43:15.840,0.06
18:43:15.851,0.05
18:43:15.861,0.07
18:43:15.872,0.05
18:43:15.883,0.09
18:43:15.893,0.47
18:43:15.904,0.07
18:43:15.914,0.07
18:43:15.924,0.26
18:43:15.935,0.11
18:43:15.945,0.06
18:43:15.956,0.07
18:43:15.966,0.06
18:43:15.977,0.05
18:43:15.988,0.12
18:43:15.998,0.10
18:43:16.008,0.93
18:43:16.019,0.06
18:43:16.029,0.10
18:43:16.042,0.15
18:43:16.052,0.13
18:43:16.062,0.34
18:43:16.073,0.09
18:43:16.083,0.09
18:43:16.094,0.23
18:43:16.104,0.06
18:43:16.114,0.10
18:43:16.125,0.98
18:43:16.136,0.10
18:43:16.146,0.06
18:43:16.156,0.06
18:43:16.167,0.06
18:43:16.177,0.08
18:43:16.188,0.60
18:43:16.198,0.14
18:43:16.209,0.64
18:43:16.219,0.40
18:43:16.230,0.08
18:43:16.240,0.08
18:43:16.250,2.48
18:43:16.261,0.12
18:43:16.271,0.05
18:43:16.282,0.72
18:43:16.292,0.07
18:43:16.303,0.07
18:43:16.313,0.15
18:43:16.323,0.11
18:43:16.334,0.11
18:43:16.344,0.91
18:43:16.355,0.08
18:43:16.365,0.09
18:43:16.375,0.29
18:43:16.386,0.05
18:43:16.396,0.05
18:43:16.407,0.48
18:43:16.417,0.06
18:43:16.428,0.17
18:43:16.438,0.12
18:43:16.449,0.12
18:43:16.459,0.18
18:43:16.469,0.10
18:43:16.480,0.11
18:43:16.490,0.13
18:43:16.501,0.49
18:43:16.511,0.10
18:43:16.521,0.10
18:43:16.532,0.10
18:43:16.542,0.07
18:43:16.552,0.64
18:43:16.563,0.09
18:43:16.573,0.08
18:43:16.583,0.10
18:43:16.594,0.11
18:43:16.605,0.78
18:43:16.615,0.16
18:43:16.625,0.10
18:43:16.636,0.11
18:43:16.646,0.48
18:43:16.656,0.10
18:43:16.666,0.11
18:43:16.677,0.42
18:43:16.687,0.11
18:43:16.698,0.10
18:43:16.709,0.10
18:43:16.719,0.09
18:43:16.729,0.09
18:43:16.740,0.08
18:43:16.751,0.10
18:43:16.761,0.57
18:43:16.771,0.08
18:43:16.781,0.08
18:43:16.792,0.12
18:43:16.802,0.11
18:43:16.813,0.10
18:43:16.823,0.15
18:43:16.833,0.10
18:43:16.844,0.25
18:43:16.854,0.69
18:43:16.864,0.14
18:43:16.875,0.44
18:43:16.885,0.12
18:43:16.896,0.09
18:43:16.906,0.07
18:43:16.916,0.14
18:43:16.926,0.11
18:43:16.937,0.27
18:43:16.947,0.07
18:43:16.958,0.08
18:43:16.968,0.09
18:43:16.978,0.09
18:43:16.989,0.18
18:43:16.999,0.09
18:43:17.010,0.16
18:43:17.020,2.42
18:43:17.031,0.44
18:43:17.041,0.30
18:43:17.052,0.08
18:43:17.062,0.08
18:43:17.073,0.09
18:43:17.083,0.16
18:43:17.093,0.10
18:43:17.104,0.21
18:43:17.114,0.12
18:43:17.125,0.11
18:43:17.136,0.10
18:43:17.146,0.07
18:43:17.156,0.08
18:43:17.166,0.08
18:43:17.177,0.41
18:43:17.187,0.09
18:43:17.198,0.18
18:43:17.208,0.12
18:43:17.218,0.10
18:43:17.229,0.12
18:43:17.240,0.11
18:43:17.250,0.11
18:43:17.260,0.10
18:43:17.271,0.12
18:43:17.281,0.86
18:43:17.291,0.09
18:43:17.302,0.09
18:43:17.312,0.83
18:43:17.323,0.14
18:43:17.333,0.08
18:43:17.343,0.10
18:43:17.354,0.06
18:43:17.364,0.09
18:43:17.375,0.54
18:43:17.385,0.16
18:43:17.395,0.10
18:43:17.406,0.10
18:43:17.416,0.10
18:43:17.426,0.08
18:43:17.436,0.07
18:43:17.447,0.08
18:43:17.457,0.11
18:43:17.467,0.08
18:43:17.478,0.18
18:43:17.488,0.07
18:43:17.499,0.21
18:43:17.509,0.08
18:43:17.520,0.09
18:43:17.530,0.11
18:43:17.541,0.08
18:43:17.551,0.12
18:43:17.561,0.60
18:43:17.572,0.09
18:43:17.582,0.08
18:43:17.593,0.09
18:43:17.603,0.12
18:43:17.614,0.10
18:43:17.624,0.09
18:43:17.635,0.12
18:43:17.645,0.06
18:43:17.656,0.09
18:43:17.667,0.12
18:43:17.677,0.13
18:43:17.688,0.36
18:43:17.698,0.11
18:43:17.709,0.09
18:43:17.719,0.10
18:43:17.729,0.08
18:43:17.740,0.08
18:43:17.750,2.08
18:43:17.761,0.11
18:43:17.771,0.07
18:43:17.782,0.07
18:43:17.792,0.08
18:43:17.803,0.08
18:43:17.813,0.08
18:43:17.824,0.07
18:43:17.834,0.08
18:43:17.845,0.58
18:43:17.855,0.37
18:43:17.865,0.06
18:43:17.876,0.09
18:43:17.886,1.32
18:43:17.897,0.12
18:43:17.907,0.10
18:43:17.918,0.06
18:43:17.928,0.05
18:43:17.939,0.09
18:43:17.949,0.27
18:43:17.960,0.14
18:43:17.970,0.09
18:43:17.981,0.66
18:43:17.991,0.09
18:43:18.002,0.16
18:43:18.012,0.33
18:43:18.023,0.09
18:43:18.033,0.10
18:43:18.044,0.33
18:43:18.054,0.15
18:43:18.064,0.09
18:43:18.075,0.47
18:43:18.086,0.08
18:43:18.096,0.08
18:43:18.106,1.36
18:43:18.116,0.11
18:43:18.127,0.08
18:43:18.137,0.13
18:43:18.148,0.11
18:43:18.158,0.08
18:43:18.169,0.22
18:43:18.179,0.06
18:43:18.189,0.08
18:43:18.200,0.35
18:43:18.211,0.11
18:43:18.221,0.16
18:43:18.231,0.12
18:43:18.241,0.11
18:43:18.252,0.11
18:43:18.262,0.60
18:43:18.272,0.07
18:43:18.282,0.11
18:43:18.293,0.51
18:43:18.304,0.08
18:43:18.314,0.08
18:43:18.325,0.89
18:43:18.335,0.05
18:43:18.346,0.05
18:43:18.356,0.19
18:43:18.366,0.10
18:43:18.376,0.07
18:43:18.387,0.08
18:43:18.398,0.10
18:43:18.408,0.08
18:43:18.418,0.27
18:43:18.428,0.13
18:43:18.439,0.10
18:43:18.449,0.07
18:43:18.460,0.11
18:43:18.470,0.08
18:43:18.481,0.05
18:43:18.491,0.08
18:43:18.502,0.06
18:43:18.512,0.07
18:43:18.522,0.06
18:43:18.533,0.07
18:43:18.544,0.06
18:43:18.554,0.11
18:43:18.564,0.11
18:43:18.575,0.11
18:43:18.585,0.08
18:43:18.596,0.12
18:43:18.606,0.08
18:43:18.617,0.08
18:43:18.627,0.09
18:43:18.637,0.06
18:43:18.648,0.06
18:43:18.658,0.07
18:43:18.669,0.05
18:43:18.679,0.06
18:43:18.690,0.07
18:43:18.700,0.14
18:43:18.710,0.10
18:43:18.721,0.08
18:43:18.731,0.07
18:43:18.742,0.08
18:43:18.752,0.09
18:43:18.763,0.06
18:43:18.774,0.07
18:43:18.784,0.12
18:43:18.795,0.08
18:43:18.805,0.08
18:43:18.815,0.15
18:43:18.826,0.09
18:43:18.836,0.09
18:43:18.847,0.07
18:43:18.857,0.07
18:43:18.868,0.08
18:43:18.878,0.13
18:43:18.889,0.07
18:43:18.899,0.66
18:43:18.910,0.05
18:43:18.920,0.07
18:43:18.931,0.31
18:43:18.941,0.11
18:43:18.952,0.58
18:43:18.962,0.37
18:43:18.973,0.09
18:43:18.983,0.09
18:43:18.993,0.10
18:43:19.004,0.09
18:43:19.015,0.11
18:43:19.025,0.17
18:43:19.036,0.17
18:43:19.046,0.10
18:43:19.057,0.08
18:43:19.067,0.09
18:43:19.078,0.12
18:43:19.088,0.09
18:43:19.098,0.12
18:43:19.109,0.09
18:43:19.119,0.09
18:43:19.130,0.12
18:43:19.140,0.09
18:43:19.150,0.10
18:43:19.161,0.07
18:43:19.171,0.10
18:43:19.182,0.08
18:43:19.192,0.09
18:43:19.203,0.11
18:43:19.213,0.13
18:43:19.223,0.11
18:43:19.234,0.11
18:43:19.244,0.09
18:43:19.255,0.10
18:43:19.265,0.09
18:43:19.276,0.09
18:43:19.286,0.12
18:43:19.297,0.11
18:43:19.307,0.08
18:43:19.318,0.06
18:43:19.328,0.10
18:43:19.339,0.09
18:43:19.349,0.10
18:43:19.360,0.08
18:43:19.370,0.08
18:43:19.381,0.07
18:43:19.391,0.07
18:43:19.402,0.06
18:43:19.412,0.09
18:43:19.423,0.06
18:43:19.433,0.10
18:43:19.444,0.08
18:43:19.454,0.07
18:43:19.464,0.09
18:43:19.475,0.07
18:43:19.485,0.06
18:43:19.496,0.06
18:43:19.506,0.10
18:43:19.516,0.06
18:43:19.527,0.06
18:43:19.537,0.08
18:43:19.547,0.07
18:43:19.558,0.11
18:43:19.568,0.10
18:43:19.578,0.07
18:43:19.589,0.10
18:43:19.599,0.08
18:43:19.610,0.08
18:43:19.620,0.06
18:43:19.631,0.08
18:43:19.642,0.06
18:43:19.652,0.08
18:43:19.663,0.07
18:43:19.673,0.08
18:43:19.684,0.09
18:43:19.694,0.06
18:43:19.704,0.09
18:43:19.715,0.12
18:43:19.725,0.07
18:43:19.736,0.10
18:43:19.746,0.05
18:43:19.757,0.08
18:43:19.767,0.15
18:43:19.778,0.13
18:43:19.788,0.06
18:43:19.798,0.12
18:43:19.809,0.08
18:43:19.819,0.08
18:43:19.830,0.18
18:43:19.840,0.09
18:43:19.851,1.38
18:43:19.861,0.08
18:43:19.871,0.09
18:43:19.882,0.07
18:43:19.892,0.10
18:43:19.903,0.08
18:43:19.913,0.06
18:43:19.924,0.08
18:43:19.935,0.10
18:43:19.945,0.08
18:43:19.956,0.14
18:43:19.966,0.10
18:43:19.977,0.07
18:43:19.987,0.06
18:43:19.998,0.06
18:43:20.008,0.06
18:43:20.019,0.09
18:43:20.029,0.50
18:43:20.039,0.07
18:43:20.050,0.08
18:43:20.060,0.10
18:43:20.071,0.77
18:43:20.082,0.06
18:43:20.092,0.11
18:43:20.103,0.07
18:43:20.113,0.06
18:43:20.124,0.07
18:43:20.134,0.08
18:43:20.145,0.05
18:43:20.155,0.07
18:43:20.165,0.07
18:43:20.176,0.10
18:43:20.186,0.07
18:43:20.197,0.07
18:43:20.207,0.76
18:43:20.218,0.11
18:43:20.228,0.09
18:43:20.238,0.09
18:43:20.248,0.20
18:43:20.259,0.08
18:43:20.269,0.06
18:43:20.280,0.07
18:43:20.290,0.08
18:43:20.301,0.08
18:43:20.311,0.10
18:43:20.321,0.09
18:43:20.332,0.12
18:43:20.342,0.13
18:43:20.353,0.06
18:43:20.363,0.10
18:43:20.374,0.08
18:43:20.384,0.06
18:43:20.395,0.08
18:43:20.405,0.07
18:43:20.416,0.07
18:43:20.426,0.08
18:43:20.436,0.07
18:43:20.447,0.09
18:43:20.457,0.06
18:43:20.468,0.11
18:43:20.478,0.16
18:43:20.489,0.13
18:43:20.499,0.10
18:43:20.510,0.09
18:43:20.520,0.09
18:43:20.531,0.12
18:43:20.542,0.07
18:43:20.552,0.07
18:43:20.562,0.10
18:43:20.573,0.06
18:43:20.583,0.10
18:43:20.594,0.06
18:43:20.605,0.08
18:43:20.615,0.11
18:43:20.625,0.11
18:43:20.636,0.06
18:43:20.646,0.08
18:43:20.656,0.06
18:43:20.667,0.06
18:43:20.677,0.07
18:43:20.688,0.11
18:43:20.698,0.09
18:43:20.709,0.07
18:43:20.719,0.08
18:43:20.730,0.08
18:43:20.740,0.10
18:43:20.751,1.91
18:43:20.761,0.06
18:43:20.772,0.06
18:43:20.782,0.07
18:43:20.792,0.10
18:43:20.803,0.06
18:43:20.813,0.10
18:43:20.824,0.10
18:43:20.834,0.09
18:43:20.844,0.08
18:43:20.855,0.07
18:43:20.865,0.05
18:43:20.876,0.07
18:43:20.886,0.09
18:43:20.897,0.09
18:43:20.907,0.08
18:43:20.918,0.05
18:43:20.928,0.10
18:43:20.938,0.07
18:43:20.949,0.06
18:43:20.959,0.08
18:43:20.970,0.07
18:43:20.980,0.06
18:43:20.991,0.14
18:43:21.001,0.06
18:43:21.012,0.07
18:43:21.022,2.47
18:43:21.033,0.06
18:43:21.043,0.09
18:43:21.054,0.08
18:43:21.065,0.10
18:43:21.075,0.08
18:43:21.086,0.06
18:43:21.096,0.08
18:43:21.107,0.09
18:43:21.117,0.08
18:43:21.128,0.09
18:43:21.138,0.10
18:43:21.149,0.09
18:43:21.159,0.11
18:43:21.170,0.08
18:43:21.180,0.06
18:43:21.191,0.05
18:43:21.201,0.07
18:43:21.211,0.06
18:43:21.222,0.06
18:43:21.232,0.12
18:43:21.242,0.10
18:43:21.253,0.07
18:43:21.264,0.11
18:43:21.274,0.06
18:43:21.285,0.05
18:43:21.295,0.10
18:43:21.306,0.09
18:43:21.316,0.09
18:43:21.327,0.06
18:43:21.337,0.06
18:43:21.348,0.06
18:43:21.358,0.08
18:43:21.369,0.05
18:43:21.379,0.07
18:43:21.390,0.09
18:43:21.400,0.06
18:43:21.411,0.07
18:43:21.421,0.09
18:43:21.432,0.12
18:43:21.442,0.07
18:43:21.453,0.08
18:43:21.463,0.08
18:43:21.474,0.07
18:43:21.484,0.09
18:43:21.495,0.06
18:43:21.505,0.32
18:43:21.516,0.03
18:43:21.526,0.10
18:43:21.537,0.41
18:43:21.547,0.07
18:43:21.558,0.10
18:43:21.568,0.17
18:43:21.579,0.08
18:43:21.589,0.07
18:43:21.600,0.98
18:43:21.610,0.06
18:43:21.621,0.10
18:43:21.632,0.11
18:43:21.642,0.06
18:43:21.652,1.06
18:43:21.663,0.10
18:43:21.673,0.14
18:43:21.683,0.08
18:43:21.694,0.06
18:43:21.704,0.10
18:43:21.714,0.12
18:43:21.725,0.08
18:43:21.735,0.09
18:43:21.746,0.07
18:43:21.757,0.05
18:43:21.767,0.09
18:43:21.777,0.06
18:43:21.788,0.44
18:43:21.798,0.08
18:43:21.808,0.12
18:43:21.819,0.11
18:43:21.829,0.09
18:43:21.840,0.11
18:43:21.850,0.08
18:43:21.861,0.07
18:43:21.871,0.06
18:43:21.882,0.08
18:43:21.892,0.08
18:43:21.903,0.06
18:43:21.913,0.08
18:43:21.924,0.14
18:43:21.934,0.07
18:43:21.944,0.04
18:43:21.955,0.05
18:43:21.965,0.05
18:43:21.976,0.05
18:43:21.986,0.12
18:43:21.999,0.12
18:43:22.009,0.08
18:43:22.020,0.07
18:43:22.030,0.08
18:43:22.041,4.26
18:43:22.051,0.28
18:43:22.062,0.10
18:43:22.072,0.24
18:43:22.083,0.07
18:43:22.093,0.08
18:43:22.104,0.58
18:43:22.114,0.06
18:43:22.125,0.09
18:43:22.135,0.06
18:43:22.146,0.08
18:43:22.156,0.08
18:43:22.167,0.40
18:43:22.177,0.06
18:43:22.188,0.04
18:43:22.198,0.47
18:43:22.208,0.08
18:43:22.219,0.23
18:43:22.229,0.73
18:43:22.239,0.06
18:43:22.250,3.47
18:43:22.261,0.28
18:43:22.271,0.08
18:43:22.281,0.10
18:43:22.292,0.45
18:43:22.302,0.08
18:43:22.315,0.11
18:43:22.325,0.08
18:43:22.336,0.06
18:43:22.346,0.07
18:43:22.356,0.04
18:43:22.367,0.11
18:43:22.377,0.11
18:43:22.388,0.07
18:43:22.398,0.09
18:43:22.408,0.10
18:43:22.418,0.08
18:43:22.429,0.08
18:43:22.439,0.06
18:43:22.450,0.09
18:43:22.460,0.10
18:43:22.470,0.11
18:43:22.481,0.06
18:43:22.491,0.10
18:43:22.503,0.10
18:43:22.513,0.08
18:43:22.524,0.06
18:43:22.534,0.10
18:43:22.545,0.07
18:43:22.555,0.10
18:43:22.566,0.09
18:43:22.576,0.08
18:43:22.587,0.08
18:43:22.597,0.12
18:43:22.607,0.07
18:43:22.618,0.06
18:43:22.628,0.10
18:43:22.639,0.10
18:43:22.649,0.19
18:43:22.659,0.08
18:43:22.670,0.12
18:43:22.681,0.06
18:43:22.691,0.09
18:43:22.702,0.07
18:43:22.712,0.06
18:43:22.722,0.07
18:43:22.733,0.09
18:43:22.744,0.49
18:43:22.754,0.05
18:43:22.764,0.06
18:43:22.775,0.20
18:43:22.786,0.09
18:43:22.798,0.11
18:43:22.809,0.07
18:43:22.819,0.09
18:43:22.830,0.08
18:43:22.840,0.05
18:43:22.851,1.99
18:43:22.861,0.08
18:43:22.872,0.06
18:43:22.882,0.08
18:43:22.893,0.08
18:43:22.903,0.12
18:43:22.914,0.09
18:43:22.924,0.11
18:43:22.934,0.10
18:43:22.945,0.06
18:43:22.955,0.10
18:43:22.966,0.06
18:43:22.976,0.09
18:43:22.986,0.07
18:43:22.997,0.09
18:43:23.007,0.08
18:43:23.017,0.06
18:43:23.028,0.09
18:43:23.038,0.50
18:43:23.048,0.06
18:43:23.059,0.12
18:43:23.069,0.35
18:43:23.080,0.06
18:43:23.090,0.09
18:43:23.101,0.43
18:43:23.111,0.08
18:43:23.122,0.07
18:43:23.132,0.35
18:43:23.143,0.07
18:43:23.153,0.35
18:43:23.165,0.40
18:43:23.175,0.07
18:43:23.186,0.05
18:43:23.196,0.06
18:43:23.207,0.12
18:43:23.217,0.06
18:43:23.228,0.07
18:43:23.238,0.07
18:43:23.248,0.09
18:43:23.259,0.07
18:43:23.269,0.06
18:43:23.281,0.14
18:43:23.292,0.08
18:43:23.302,0.08
18:43:23.313,0.11
18:43:23.323,0.15
18:43:23.334,0.75
18:43:23.344,0.10
18:43:23.355,0.07
18:43:23.365,0.56
18:43:23.376,0.09
18:43:23.386,0.10
18:43:23.397,0.39
18:43:23.407,0.11
18:43:23.418,0.07
18:43:23.428,0.36
18:43:23.439,0.07
18:43:23.449,3.90
18:43:23.460,0.08
18:43:23.470,0.11
18:43:23.481,0.08
18:43:23.491,0.10
18:43:23.502,0.07
18:43:23.512,0.07
18:43:23.522,0.08
18:43:23.532,0.11
18:43:23.543,0.10
18:43:23.553,0.08
18:43:23.564,0.09
18:43:23.574,0.16
18:43:23.584,0.09
18:43:23.594,0.07
18:43:23.605,0.07
18:43:23.615,0.07
18:43:23.625,0.08
18:43:23.635,0.13
18:43:23.646,0.06
18:43:23.656,0.07
18:43:23.667,0.10
18:43:23.677,0.09
18:43:23.688,0.07
18:43:23.698,0.11
18:43:23.709,0.06
18:43:23.719,0.11
18:43:23.729,0.11
18:43:23.740,0.11
18:43:23.750,3.55
18:43:23.761,0.09
18:43:23.771,0.07
18:43:23.781,0.09
18:43:23.792,0.11
18:43:23.802,0.08
18:43:23.813,0.08
18:43:23.823,0.10
18:43:23.836,0.08
18:43:23.846,0.45
18:43:23.857,0.08
18:43:23.867,0.20
18:43:23.878,0.07
18:43:23.888,0.07
18:43:23.899,0.10
18:43:23.909,0.43
18:43:23.919,0.07
18:43:23.929,0.07
18:43:23.940,0.18
18:43:23.950,0.09
18:43:23.961,0.07
18:43:23.972,0.57
18:43:23.982,0.09
18:43:23.992,0.06
18:43:24.003,0.43
18:43:24.015,0.15
18:43:24.025,0.08
18:43:24.036,0.06
18:43:24.046,0.10
18:43:24.057,0.15
18:43:24.067,0.08
18:43:24.077,0.08
18:43:24.087,0.10
18:43:24.097,0.47
18:43:24.108,0.09
18:43:24.118,0.11
18:43:24.129,0.44
18:43:24.140,0.13
18:43:24.150,0.10
18:43:24.161,0.42
18:43:24.171,0.07
18:43:24.181,0.06
18:43:24.192,0.34
18:43:24.202,0.08
18:43:24.213,0.09
18:43:24.223,0.72
18:43:24.235,0.05
18:43:24.246,0.06
18:43:24.256,0.05
18:43:24.266,0.07
18:43:24.277,0.09
18:43:24.287,0.07
18:43:24.298,0.12
18:43:24.308,0.10
18:43:24.319,0.06
18:43:24.329,0.07
18:43:24.340,0.09
18:43:24.350,2.45
18:43:24.361,0.06
18:43:24.373,0.13
18:43:24.383,0.07
18:43:24.394,0.06
18:43:24.404,0.09
18:43:24.414,0.06
18:43:24.425,0.07
18:43:24.435,0.09
18:43:24.445,0.04
18:43:24.456,0.15
18:43:24.466,0.08
18:43:24.476,0.08
18:43:24.487,0.06
18:43:24.497,0.13
18:43:24.508,0.06
18:43:24.518,0.04
18:43:24.528,0.08
18:43:24.538,0.09
18:43:24.549,0.06
18:43:24.559,0.07
18:43:24.569,0.07
18:43:24.579,0.05
18:43:24.590,0.05
18:43:24.600,0.08
18:43:24.610,0.05
18:43:24.620,0.08
18:43:24.631,0.05
18:43:24.641,0.06
18:43:24.652,0.57
18:43:24.662,0.07
18:43:24.673,0.08
18:43:24.683,0.10
18:43:24.693,0.08
18:43:24.703,0.09
18:43:24.714,0.12
18:43:24.724,0.11
18:43:24.735,0.08
18:43:24.746,0.07
18:43:24.756,0.09
18:43:24.767,0.73
18:43:24.777,0.05
18:43:24.787,0.09
18:43:24.798,0.17
18:43:24.808,0.08
18:43:24.819,0.09
18:43:24.829,0.53
18:43:24.840,0.06
18:43:24.850,0.06
18:43:24.861,0.49
18:43:24.871,0.05
18:43:24.882,0.05
18:43:24.892,0.23
18:43:24.903,0.07
18:43:24.913,0.08
18:43:24.924,0.37
18:43:24.934,0.05
18:43:24.944,0.04
18:43:24.954,0.32
18:43:24.965,0.07
18:43:24.975,0.07
18:43:24.985,0.54
18:43:24.996,0.07
18:43:25.006,1.79
18:43:25.017,0.36
18:43:25.027,0.07
18:43:25.038,0.09
18:43:25.048,0.19
18:43:25.059,0.08
18:43:25.069,0.07
18:43:25.080,0.57
18:43:25.090,0.12
18:43:25.101,0.10
18:43:25.111,0.31
18:43:25.122,0.11
18:43:25.132,0.09
18:43:25.143,0.56
18:43:25.153,0.06
18:43:25.164,0.10
18:43:25.174,0.31
18:43:25.184,0.08
18:43:25.195,0.08
18:43:25.205,0.28
18:43:25.216,0.06
18:43:25.226,0.10
18:43:25.237,0.36
18:43:25.247,0.12
18:43:25.257,0.07
18:43:25.268,0.06
18:43:25.278,0.08
18:43:25.289,0.06
18:43:25.299,0.08
18:43:25.310,0.09
18:43:25.320,0.11
18:43:25.330,0.08
18:43:25.341,0.06
18:43:25.351,0.05
18:43:25.362,0.07
18:43:25.372,0.06
18:43:25.383,0.05
18:43:25.393,0.08
18:43:25.404,0.06
18:43:25.414,0.05
18:43:25.424,0.05
18:43:25.435,0.06
18:43:25.445,0.05
18:43:25.455,0.08
18:43:25.466,0.06
18:43:25.476,0.06
18:43:25.487,0.08
18:43:25.497,0.11
18:43:25.507,0.07
18:43:25.518,0.06
18:43:25.528,0.12
18:43:25.538,0.07
18:43:25.549,3.48
18:43:25.559,0.06
18:43:25.570,0.08
18:43:25.581,0.09
18:43:25.592,0.07
18:43:25.602,0.08
18:43:25.613,0.08
18:43:25.623,0.11
18:43:25.634,0.09
18:43:25.644,0.07
18:43:25.655,0.07
18:43:25.665,0.07
18:43:25.676,0.06
18:43:25.686,0.08
18:43:25.697,0.10
18:43:25.707,0.09
18:43:25.718,0.09
18:43:25.728,0.08
18:43:25.739,0.07
18:43:25.749,0.14
18:43:25.760,0.08
18:43:25.770,0.09
18:43:25.780,0.41
18:43:25.791,0.08
18:43:25.801,0.08
18:43:25.811,0.10
18:43:25.822,0.09
18:43:25.832,0.07
18:43:25.842,0.07
18:43:25.853,0.08
18:43:25.863,0.08
18:43:25.874,0.08
18:43:25.884,0.11
18:43:25.895,0.09
18:43:25.905,0.50
18:43:25.916,0.08
18:43:25.927,0.08
18:43:25.937,0.08
18:43:25.948,0.07
18:43:25.958,0.07
18:43:25.968,0.09
18:43:25.978,0.10
18:43:25.989,0.22
18:43:26.000,0.09
18:43:26.010,0.09
18:43:26.020,0.05
18:43:26.031,0.08
18:43:26.041,0.06
18:43:26.052,0.07
18:43:26.062,0.22
18:43:26.073,0.09
18:43:26.083,0.05
18:43:26.093,0.07
18:43:26.104,0.09
18:43:26.114,0.14
18:43:26.125,0.05
18:43:26.135,0.06
18:43:26.146,0.05
18:43:26.156,0.06
18:43:26.166,0.07
18:43:26.176,0.06
18:43:26.187,0.05
18:43:26.197,0.07
18:43:26.208,0.08
18:43:26.218,0.07
18:43:26.228,0.07
18:43:26.239,0.06
18:43:26.249,0.05
18:43:26.260,0.14
18:43:26.270,0.05
18:43:26.281,0.07
18:43:26.291,0.07
18:43:26.301,0.08
18:43:26.311,0.12
18:43:26.322,0.18
18:43:26.333,0.09
18:43:26.343,0.07
18:43:26.353,0.07
18:43:26.363,0.06
18:43:26.374,0.04
18:43:26.385,0.08
18:43:26.395,0.07
18:43:26.406,0.07
18:43:26.416,0.09
18:43:26.426,0.07
18:43:26.436,0.06
18:43:26.447,0.05
18:43:26.457,0.08
18:43:26.468,0.12
18:43:26.478,0.05
18:43:26.489,0.06
18:43:26.499,0.07
18:43:26.510,0.05
18:43:26.520,0.07
18:43:26.530,0.10
18:43:26.541,0.07
18:43:26.551,0.07
18:43:26.561,0.10
18:43:26.571,0.07
18:43:26.582,0.04
18:43:26.593,0.43
18:43:26.604,0.10
18:43:26.614,0.12
18:43:26.624,0.05
18:43:26.635,0.09
18:43:26.645,0.12
18:43:26.656,0.37
18:43:26.666,0.09
18:43:26.676,0.06
18:43:26.686,0.07
18:43:26.697,0.09
18:43:26.707,0.07
18:43:26.718,0.63
18:43:26.729,0.12
18:43:26.739,0.08
18:43:26.750,3.42
18:43:26.760,0.10
18:43:26.770,0.08
18:43:26.781,0.57
18:43:26.791,0.06
18:43:26.801,0.05
18:43:26.812,0.08
18:43:26.822,0.05
18:43:26.833,0.05
18:43:26.843,0.35
18:43:26.854,0.07
18:43:26.864,0.07
18:43:26.875,0.06
18:43:26.885,0.12
18:43:26.895,0.07
18:43:26.906,0.15
18:43:26.916,0.05
18:43:26.926,0.09
18:43:26.937,0.47
18:43:26.947,0.10
18:43:26.958,0.08
18:43:26.968,0.17
18:43:26.979,0.12
18:43:26.989,0.06
18:43:27.000,0.57
18:43:27.010,0.07
18:43:27.020,0.07
18:43:27.031,0.54
18:43:27.041,0.05
18:43:27.051,0.55
18:43:27.062,0.08
18:43:27.072,0.11
18:43:27.083,0.07
18:43:27.093,0.09
18:43:27.103,0.06
18:43:27.113,0.05
18:43:27.124,0.10
18:43:27.134,0.15
18:43:27.145,0.08
18:43:27.155,0.93
18:43:27.166,0.07
18:43:27.176,0.11
18:43:27.187,0.39
18:43:27.197,0.06
18:43:27.208,0.08
18:43:27.218,0.06
18:43:27.229,0.07
18:43:27.239,0.12
18:43:27.250,0.05
18:43:27.260,0.06
18:43:27.271,0.06
18:43:27.281,0.62
18:43:27.291,0.07
18:43:27.302,0.07
18:43:27.312,0.07
18:43:27.323,0.07
18:43:27.333,0.12
18:43:27.344,0.61
18:43:27.354,0.07
18:43:27.365,0.07
18:43:27.375,0.49
18:43:27.386,0.10
18:43:27.396,0.05
18:43:27.406,0.43
18:43:27.417,0.06
18:43:27.427,0.08
18:43:27.438,0.05
18:43:27.449,0.06
18:43:27.459,0.10
18:43:27.470,0.56
18:43:27.480,0.10
18:43:27.490,0.09
18:43:27.501,0.23
18:43:27.511,0.04
18:43:27.521,0.08
18:43:27.535,0.43
18:43:27.545,0.09
18:43:27.556,0.23
18:43:27.566,0.10
18:43:27.576,0.07
18:43:27.587,0.07
18:43:27.597,0.08
18:43:27.608,0.10
18:43:27.618,0.13
18:43:27.629,0.09
18:43:27.639,0.04
18:43:27.650,1.46
18:43:27.660,0.07
18:43:27.670,0.05
18:43:27.681,0.08
18:43:27.691,0.09
18:43:27.702,0.06
18:43:27.712,0.06
18:43:27.722,0.21
18:43:27.733,0.09
18:43:27.743,0.09
18:43:27.753,0.08
18:43:27.764,0.13
18:43:27.774,0.08
18:43:27.784,0.06
18:43:27.794,0.06
18:43:27.805,0.05
18:43:27.816,0.07
18:43:27.826,0.05
18:43:27.836,0.10
18:43:27.847,0.06
18:43:27.857,0.06
18:43:27.867,0.07
18:43:27.877,0.07
18:43:27.888,0.03
18:43:27.898,0.08
18:43:27.909,0.07
18:43:27.919,0.07
18:43:27.930,0.07
18:43:27.940,0.11
18:43:27.951,2.06
18:43:27.961,0.09
18:43:27.971,0.04
18:43:27.982,0.06
18:43:27.992,0.05
18:43:28.002,0.08
18:43:28.013,0.06
18:43:28.024,0.09
18:43:28.034,0.08
18:43:28.044,0.06
18:43:28.055,0.05
18:43:28.065,0.09
18:43:28.076,0.04
18:43:28.086,0.09
18:43:28.096,0.06
18:43:28.107,0.07
18:43:28.117,0.10
18:43:28.128,0.08
18:43:28.138,0.05
18:43:28.149,0.05
18:43:28.159,0.08
18:43:28.169,0.07
18:43:28.180,0.07
18:43:28.190,0.09
18:43:28.201,0.14
18:43:28.211,0.14
18:43:28.221,0.08
18:43:28.232,0.10
18:43:28.243,0.05
18:43:28.253,0.06
18:43:28.264,0.09
18:43:28.274,0.09
18:43:28.285,0.04
18:43:28.295,0.11
18:43:28.305,0.09
18:43:28.315,0.05
18:43:28.326,0.07
18:43:28.336,0.24
18:43:28.346,0.07
18:43:28.357,0.08
18:43:28.367,0.13
18:43:28.377,0.07
18:43:28.388,0.18
18:43:28.398,0.05
18:43:28.409,0.08
18:43:28.419,0.07
18:43:28.430,0.09
18:43:28.440,0.09
18:43:28.450,0.06
18:43:28.461,0.05
18:43:28.471,0.10
18:43:28.482,0.06
18:43:28.492,0.11
18:43:28.503,0.07
18:43:28.513,0.13
18:43:28.523,0.08
18:43:28.534,0.05
18:43:28.544,0.06
18:43:28.555,0.12
18:43:28.565,0.17
18:43:28.576,0.79
18:43:28.587,0.07
18:43:28.597,0.10
18:43:28.608,0.94
18:43:28.618,0.04
18:43:28.628,0.12
18:43:28.639,0.08
18:43:28.650,0.12
18:43:28.660,0.09
18:43:28.671,0.42
18:43:28.681,0.06
18:43:28.692,0.06
18:43:28.702,0.08
18:43:28.713,0.06
18:43:28.723,0.07
18:43:28.734,0.09
18:43:28.744,0.07
18:43:28.755,0.07
18:43:28.765,0.08
18:43:28.775,0.08
18:43:28.786,0.06
18:43:28.796,0.06
18:43:28.806,0.05
18:43:28.817,0.12
18:43:28.827,0.38
18:43:28.838,0.10
18:43:28.848,0.04
18:43:28.859,0.15
18:43:28.869,0.09
18:43:28.879,0.08
18:43:28.890,0.14
18:43:28.900,0.07
18:43:28.911,0.04
18:43:28.921,0.77
18:43:28.932,0.07
18:43:28.942,0.08
18:43:28.953,0.81
18:43:28.964,0.09
18:43:28.974,0.08
18:43:28.985,0.10
18:43:28.995,0.09
18:43:29.005,2.43
18:43:29.016,0.44
18:43:29.026,0.07
18:43:29.037,0.08
18:43:29.047,0.45
18:43:29.058,0.10
18:43:29.068,0.08
18:43:29.079,0.09
18:43:29.089,0.09
18:43:29.099,0.10
18:43:29.110,0.07
18:43:29.120,0.09
18:43:29.130,0.09
18:43:29.141,0.09
18:43:29.151,0.12
18:43:29.161,0.11
18:43:29.172,0.08
18:43:29.182,0.08
18:43:29.193,0.11
18:43:29.203,0.10
18:43:29.214,0.12
18:43:29.224,0.09
18:43:29.234,0.08
18:43:29.245,0.10
18:43:29.255,0.05
18:43:29.266,0.08
18:43:29.276,0.11
18:43:29.287,0.07
18:43:29.298,0.06
18:43:29.308,0.06
18:43:29.319,0.07
18:43:29.329,0.06
18:43:29.340,0.05
18:43:29.350,0.04
18:43:29.361,0.08
18:43:29.371,0.08
18:43:29.382,0.07
18:43:29.392,0.07
18:43:29.402,0.06
18:43:29.412,0.06
18:43:29.423,0.07
18:43:29.433,0.15
18:43:29.444,0.18
18:43:29.454,0.07
18:43:29.465,0.08
18:43:29.475,0.10
18:43:29.485,0.07
18:43:29.496,0.07
18:43:29.506,0.09
18:43:29.516,0.10
18:43:29.527,0.43
18:43:29.537,0.09
18:43:29.548,0.07
18:43:29.558,0.27
18:43:29.569,0.07
18:43:29.579,0.08
18:43:29.590,0.29
18:43:29.600,0.04
18:43:29.611,0.07
18:43:29.621,0.99
18:43:29.632,0.08
18:43:29.642,0.09
18:43:29.653,0.23
18:43:29.663,0.06
18:43:29.673,0.08
18:43:29.684,0.06
18:43:29.694,0.09
18:43:29.705,0.07
18:43:29.715,0.06
18:43:29.725,0.10
18:43:29.736,0.09
18:43:29.746,0.05
18:43:29.757,0.06
18:43:29.767,0.08
18:43:29.778,0.07
18:43:29.788,0.04
18:43:29.798,0.10
18:43:29.809,0.05
18:43:29.819,0.08
18:43:29.830,0.05
18:43:29.840,0.32
18:43:29.850,0.06
18:43:29.860,0.05
18:43:29.871,0.04
18:43:29.881,0.07
18:43:29.892,0.05
18:43:29.902,0.38
18:43:29.912,0.08
18:43:29.923,0.05
18:43:29.934,0.35
18:43:29.944,0.06
18:43:29.955,0.11
18:43:29.965,0.54
18:43:29.976,0.10
18:43:29.986,0.07
18:43:29.997,0.49
18:43:30.007,0.07
18:43:30.018,1.51
18:43:30.028,0.34
18:43:30.039,0.08
18:43:30.049,3.56
18:43:30.059,0.26
18:43:30.070,0.06
18:43:30.080,0.06
18:43:30.091,0.24
18:43:30.101,0.08
18:43:30.111,0.04
18:43:30.122,0.11
18:43:30.132,0.07
18:43:30.143,0.11
18:43:30.153,0.18
18:43:30.164,0.05
18:43:30.174,0.07
18:43:30.185,0.13
18:43:30.195,0.08
18:43:30.206,0.09
18:43:30.216,0.69
18:43:30.227,0.09
18:43:30.237,0.09
18:43:30.247,0.20
18:43:30.258,0.08
18:43:30.268,0.10
18:43:30.279,0.92
18:43:30.290,0.05
18:43:30.300,0.14
18:43:30.311,0.58
18:43:30.321,0.06
18:43:30.332,0.07
18:43:30.342,0.77
18:43:30.353,0.05
18:43:30.363,0.07
18:43:30.374,0.08
18:43:30.384,0.07
18:43:30.395,0.08
18:43:30.405,0.15
18:43:30.416,0.09
18:43:30.426,0.08
18:43:30.437,0.42
18:43:30.447,0.07
18:43:30.457,0.10
18:43:30.468,0.07
18:43:30.478,0.04
18:43:30.488,0.04
18:43:30.499,0.09
18:43:30.509,0.06
18:43:30.519,0.06
18:43:30.530,0.06
18:43:30.540,0.06
18:43:30.551,0.07
18:43:30.561,0.06
18:43:30.572,0.08
18:43:30.582,0.09
18:43:30.593,0.06
18:43:30.603,0.06
18:43:30.614,0.06
18:43:30.624,0.05
18:43:30.634,0.15
18:43:30.645,0.04
18:43:30.656,0.07
18:43:30.666,0.09
18:43:30.677,0.06
18:43:30.687,0.04
18:43:30.697,0.08
18:43:30.708,0.12
18:43:30.718,0.04
18:43:30.728,0.06
18:43:30.739,0.11
18:43:30.749,0.05
18:43:30.760,0.13
18:43:30.770,0.07
18:43:30.781,0.10
18:43:30.791,0.09
18:43:30.802,0.07
18:43:30.812,0.52
18:43:30.823,0.08
18:43:30.833,0.10
18:43:30.844,0.60
18:43:30.854,0.04
18:43:30.865,0.07
18:43:30.875,0.31
18:43:30.886,0.07
18:43:30.896,0.08
18:43:30.907,0.62
18:43:30.917,0.10
18:43:30.928,0.06
18:43:30.938,0.41
18:43:30.949,0.07
18:43:30.959,0.09
18:43:30.970,0.11
18:43:30.980,0.09
18:43:30.990,0.08
18:43:31.001,0.25
18:43:31.011,0.05
18:43:31.022,0.07
18:43:31.033,0.85
18:43:31.044,0.09
18:43:31.054,0.07
18:43:31.065,0.06
18:43:31.075,0.09
18:43:31.085,0.07
18:43:31.096,0.05
18:43:31.106,0.08
18:43:31.116,0.04
18:43:31.127,0.14
18:43:31.138,0.08
18:43:31.148,0.07
18:43:31.159,0.66
18:43:31.169,0.08
18:43:31.180,0.12
18:43:31.190,0.44
18:43:31.201,0.06
18:43:31.211,0.15
18:43:31.222,0.71
18:43:31.232,0.08
18:43:31.242,0.11
18:43:31.253,0.06
18:43:31.263,0.11
18:43:31.273,0.09
18:43:31.284,0.08
18:43:31.294,0.11
18:43:31.304,0.09
18:43:31.315,0.06
18:43:31.325,0.08
18:43:31.335,0.06
18:43:31.346,0.09
18:43:31.356,0.09
18:43:31.367,0.10
18:43:31.377,0.08
18:43:31.388,0.07
18:43:31.398,0.10
18:43:31.409,0.07
18:43:31.419,0.08
18:43:31.430,0.05
18:43:31.440,0.56
18:43:31.451,0.04
18:43:31.461,0.07
18:43:31.472,0.77
18:43:31.482,0.05
18:43:31.492,0.07
18:43:31.502,0.53
18:43:31.513,0.09
18:43:31.523,0.06
18:43:31.533,0.46
18:43:31.544,0.07
18:43:31.554,0.06
18:43:31.565,0.40
18:43:31.575,0.10
18:43:31.586,0.08
18:43:31.596,0.32
18:43:31.607,0.10
18:43:31.617,0.08
18:43:31.628,0.05
18:43:31.638,0.11
18:43:31.649,0.15
18:43:31.659,0.66
18:43:31.670,0.04
18:43:31.680,0.11
18:43:31.691,0.07
18:43:31.701,0.11
18:43:31.712,0.05
18:43:31.722,0.42
18:43:31.732,0.08
18:43:31.743,0.07
18:43:31.753,0.04
18:43:31.764,0.07
18:43:31.774,0.04
18:43:31.785,0.11
18:43:31.796,0.08
18:43:31.806,0.08
18:43:31.816,0.08
18:43:31.827,0.06
18:43:31.837,0.10
18:43:31.848,0.07
18:43:31.858,0.08
18:43:31.869,0.10
18:43:31.879,0.09
18:43:31.890,0.05
18:43:31.900,0.09
18:43:31.910,0.06
18:43:31.921,0.10
18:43:31.932,0.09
18:43:31.942,0.06
18:43:31.953,0.05
18:43:31.963,0.13
18:43:31.974,0.05
18:43:31.984,0.05
18:43:31.995,0.08
18:43:32.005,0.06
18:43:32.016,0.07
18:43:32.026,0.09
18:43:32.037,0.07
18:43:32.047,0.07
18:43:32.058,0.07
18:43:32.068,0.07
18:43:32.079,0.05
18:43:32.089,0.08
18:43:32.099,0.11
18:43:32.110,0.06
18:43:32.120,0.04
18:43:32.130,0.06
18:43:32.141,0.09
18:43:32.151,0.47
18:43:32.162,0.05
18:43:32.172,0.05
18:43:32.183,0.10
18:43:32.193,0.08
18:43:32.204,0.11
18:43:32.214,0.14
18:43:32.224,0.07
18:43:32.235,0.07
18:43:32.245,0.08
18:43:32.256,0.06
18:43:32.266,0.58
18:43:32.277,0.08
18:43:32.287,0.06
18:43:32.298,0.55
18:43:32.308,0.08
18:43:32.318,0.06
18:43:32.329,0.49
18:43:32.339,0.04
18:43:32.349,0.04
18:43:32.360,0.59
18:43:32.370,0.08
18:43:32.381,0.07
18:43:32.391,0.08
18:43:32.402,0.08
18:43:32.412,0.07
18:43:32.423,0.37
18:43:32.433,0.07
18:43:32.444,0.11
18:43:32.454,0.15
18:43:32.465,0.08
18:43:32.475,0.08
18:43:32.486,0.07
18:43:32.496,0.05
18:43:32.507,0.05
18:43:32.517,0.07
18:43:32.527,0.07
18:43:32.538,0.07
18:43:32.548,0.16
18:43:32.558,0.07
18:43:32.569,0.06
18:43:32.579,0.05
18:43:32.590,0.06
18:43:32.600,0.11
18:43:32.611,0.06
18:43:32.621,0.05
18:43:32.632,0.07
18:43:32.642,0.04
18:43:32.652,0.04
18:43:32.663,0.06
18:43:32.673,0.09
18:43:32.684,0.06
18:43:32.694,0.10
18:43:32.704,0.08
18:43:32.715,0.05
18:43:32.725,0.09
18:43:32.735,0.07
18:43:32.746,0.05
18:43:32.756,0.08
18:43:32.766,0.07
18:43:32.777,0.06
18:43:32.787,0.08
18:43:32.797,0.06
18:43:32.807,0.14
18:43:32.818,0.09
18:43:32.828,0.15
18:43:32.839,0.06
18:43:32.849,0.04
18:43:32.860,0.07
18:43:32.870,0.08
18:43:32.880,0.08
18:43:32.891,0.06
18:43:32.902,0.78
18:43:32.912,0.10
18:43:32.923,0.06
18:43:32.933,0.49
18:43:32.944,0.07
18:43:32.954,0.10
18:43:32.965,0.28
18:43:32.975,0.04
18:43:32.986,0.07
18:43:32.996,0.23
18:43:33.007,0.07
18:43:33.017,5.18
18:43:33.028,0.15
18:43:33.038,0.07
18:43:33.049,3.44
18:43:33.059,0.07
18:43:33.070,0.06
18:43:33.080,0.05
18:43:33.091,0.09
18:43:33.101,0.05
18:43:33.111,0.05
18:43:33.122,0.09
18:43:33.132,0.09
18:43:33.142,0.06
18:43:33.152,0.05
18:43:33.162,0.05
18:43:33.173,0.05
18:43:33.183,0.04
18:43:33.194,0.07
18:43:33.204,0.06
18:43:33.215,0.12
18:43:33.225,0.16
18:43:33.235,0.10
18:43:33.246,0.11
18:43:33.256,0.11
18:43:33.267,0.09
18:43:33.278,0.04
18:43:33.288,0.04
18:43:33.299,0.06
18:43:33.309,0.06
18:43:33.320,0.09
18:43:33.330,0.05
18:43:33.341,0.05
18:43:33.351,1.28
18:43:33.362,0.08
18:43:33.372,0.07
18:43:33.383,0.06
18:43:33.393,0.06
18:43:33.403,0.07
18:43:33.413,0.06
18:43:33.423,0.13
18:43:33.434,0.10
18:43:33.444,0.06
18:43:33.455,0.08
18:43:33.465,0.13
18:43:33.476,0.07
18:43:33.486,0.10
18:43:33.496,0.07
18:43:33.506,0.10
18:43:33.517,0.06
18:43:33.527,0.07
18:43:33.537,0.11
18:43:33.548,0.06
18:43:33.558,0.08
18:43:33.569,0.07
18:43:33.579,0.04
18:43:33.590,0.08
18:43:33.600,0.07
18:43:33.611,0.05
18:43:33.621,0.10
18:43:33.631,0.11
18:43:33.642,0.11
18:43:33.652,0.07
18:43:33.663,0.08
18:43:33.673,0.13
18:43:33.684,0.07
18:43:33.694,0.36
18:43:33.705,0.12
18:43:33.715,0.08
18:43:33.726,0.67
18:43:33.736,0.08
18:43:33.747,0.12
18:43:33.758,0.43
18:43:33.768,0.12
18:43:33.779,0.08
18:43:33.789,0.68
18:43:33.799,0.10
18:43:33.810,0.10
18:43:33.820,0.51
18:43:33.831,0.10
18:43:33.841,0.10
18:43:33.852,0.50
18:43:33.862,0.09
18:43:33.873,0.10
18:43:33.883,0.92
18:43:33.894,0.09
18:43:33.904,0.13
18:43:33.915,0.41
18:43:33.926,0.09
18:43:33.936,0.10
18:43:33.946,0.51
18:43:33.957,0.09
18:43:33.967,0.11
18:43:33.978,0.29
18:43:33.988,0.10
18:43:33.999,0.10
18:43:34.009,0.09
18:43:34.020,0.12
18:43:34.030,0.12
18:43:34.041,0.21
18:43:34.051,0.06
18:43:34.062,0.07
18:43:34.072,0.51
18:43:34.082,0.06
18:43:34.093,0.07
18:43:34.103,0.98
18:43:34.114,0.04
18:43:34.124,0.06
18:43:34.134,0.51
18:43:34.145,0.05
18:43:34.155,0.08
18:43:34.166,0.37
18:43:34.176,0.06
18:43:34.186,0.04
18:43:34.196,0.48
18:43:34.207,0.06
18:43:34.218,0.71
18:43:34.228,0.07
18:43:34.239,0.10
18:43:34.249,0.09
18:43:34.259,0.09
18:43:34.270,0.07
18:43:34.280,0.04
18:43:34.291,0.07
18:43:34.301,0.06
18:43:34.311,0.04
18:43:34.321,0.04
18:43:34.332,0.07
18:43:34.342,0.05
18:43:34.352,0.05
18:43:34.363,0.06
18:43:34.374,0.05
18:43:34.384,0.05
18:43:34.395,0.11
18:43:34.405,0.08
18:43:34.416,0.12
18:43:34.426,0.13
18:43:34.437,0.09
18:43:34.447,0.09
18:43:34.458,0.10
18:43:34.468,0.11
18:43:34.479,0.05
18:43:34.489,0.19
18:43:34.500,0.10
18:43:34.510,0.09
18:43:34.521,0.09
18:43:34.531,0.09
18:43:34.541,0.05
18:43:34.552,0.31
18:43:34.562,0.10
18:43:34.573,0.06
18:43:34.583,0.04
18:43:34.593,0.06
18:43:34.604,0.05
18:43:34.614,0.10
18:43:34.625,0.07
18:43:34.635,0.06
18:43:34.646,0.05
18:43:34.656,0.05
18:43:34.666,0.05
18:43:34.677,0.04
18:43:34.687,0.08
18:43:34.698,0.15
18:43:34.708,0.05
18:43:34.718,0.06
18:43:34.729,0.06
18:43:34.739,0.07
18:43:34.749,0.12
18:43:34.760,0.07
18:43:34.770,0.13
18:43:34.781,0.05
18:43:34.791,0.05
18:43:34.801,0.05
18:43:34.812,0.10
18:43:34.822,0.08
18:43:34.833,0.05
18:43:34.843,0.31
18:43:34.854,0.12
18:43:34.864,0.09
18:43:34.875,0.04
18:43:34.885,0.04
18:43:34.895,0.10
18:43:34.905,0.07
18:43:34.916,0.10
18:43:34.926,0.11
18:43:34.937,0.05
18:43:34.947,0.08
18:43:34.957,0.07
18:43:34.968,0.11
18:43:34.978,0.05
18:43:34.989,0.11
18:43:34.999,0.08
18:43:35.010,2.62
18:43:35.020,0.11
18:43:35.031,0.10
18:43:35.041,4.61
18:43:35.052,0.12
18:43:35.062,0.07
18:43:35.073,0.09
18:43:35.083,0.40
18:43:35.094,0.07
18:43:35.104,0.09
18:43:35.115,0.19
18:43:35.125,0.06
18:43:35.136,0.10
18:43:35.146,0.22
18:43:35.157,0.08
18:43:35.167,0.08
18:43:35.177,0.05
18:43:35.187,0.09
18:43:35.198,0.10
18:43:35.208,0.07
18:43:35.219,0.18
18:43:35.229,0.08
18:43:35.240,0.20
18:43:35.250,0.13
18:43:35.261,0.10
18:43:35.272,0.45
18:43:35.282,0.09
18:43:35.293,0.10
18:43:35.303,0.06
18:43:35.313,0.07
18:43:35.323,0.05
18:43:35.334,0.40
18:43:35.344,0.10
18:43:35.355,0.07
18:43:35.365,0.28
18:43:35.376,0.07
18:43:35.386,0.05
18:43:35.397,0.20
18:43:35.407,0.09
18:43:35.418,0.06
18:43:35.429,0.12
18:43:35.439,0.14
18:43:35.449,3.49
18:43:35.460,1.10
18:43:35.471,0.10
18:43:35.481,0.09
18:43:35.491,0.59
18:43:35.502,0.07
18:43:35.512,0.13
18:43:35.523,0.99
18:43:35.533,0.06
18:43:35.544,0.04
18:43:35.554,0.68
18:43:35.565,0.10
18:43:35.575,0.09
18:43:35.586,0.66
18:43:35.596,0.09
18:43:35.606,0.09
18:43:35.617,0.51
18:43:35.627,0.08
18:43:35.638,0.07
18:43:35.648,0.19
18:43:35.659,0.10
18:43:35.669,0.11
18:43:35.680,0.10
18:43:35.690,0.09
18:43:35.701,0.09
18:43:35.711,0.07
18:43:35.721,0.06
18:43:35.732,0.11
18:43:35.742,0.07
18:43:35.753,0.08
18:43:35.763,0.12
18:43:35.774,0.11
18:43:35.784,0.08
18:43:35.795,0.08
18:43:35.805,0.07
18:43:35.815,0.06
18:43:35.826,0.09
18:43:35.836,0.07
18:43:35.846,0.70
18:43:35.857,0.08
18:43:35.867,0.16
18:43:35.878,0.09
18:43:35.888,0.10
18:43:35.899,0.07
18:43:35.909,0.10
18:43:35.920,0.04
18:43:35.930,0.08
18:43:35.940,0.08
18:43:35.951,0.08
18:43:35.961,0.04
18:43:35.972,0.04
18:43:35.982,0.04
18:43:35.993,0.06
18:43:36.003,0.04
18:43:36.014,0.61
18:43:36.024,0.16
18:43:36.034,0.08
18:43:36.045,0.11
18:43:36.055,0.13
18:43:36.068,1.24
18:43:36.078,0.07
18:43:36.089,0.11
18:43:36.099,0.35
18:43:36.110,0.12
18:43:36.120,0.07
18:43:36.131,0.50
18:43:36.141,0.10
18:43:36.151,0.08
18:43:36.162,0.40
18:43:36.173,0.06
18:43:36.183,0.06
18:43:36.194,0.57
18:43:36.204,0.05
18:43:36.215,0.05
18:43:36.225,0.55
18:43:36.235,0.06
18:43:36.246,0.07
18:43:36.256,0.07
18:43:36.267,0.07
18:43:36.277,0.04
18:43:36.287,0.09
18:43:36.298,0.06
18:43:36.308,0.05
18:43:36.318,0.06
18:43:36.329,0.09
18:43:36.339,0.06
18:43:36.349,3.49
18:43:36.360,0.07
18:43:36.370,0.06
18:43:36.381,0.34
18:43:36.392,0.05
18:43:36.402,0.10
18:43:36.413,0.06
18:43:36.423,0.08
18:43:36.434,0.08
18:43:36.444,0.07
18:43:36.454,0.06
18:43:36.465,0.08
18:43:36.475,0.10
18:43:36.486,0.09
18:43:36.496,0.07
18:43:36.506,0.44
18:43:36.517,0.05
18:43:36.527,0.08
18:43:36.538,0.06
18:43:36.549,0.06
18:43:36.559,0.12
18:43:36.569,0.54
18:43:36.579,0.05
18:43:36.590,0.09
18:43:36.601,0.62
18:43:36.611,0.06
18:43:36.621,0.05
18:43:36.632,0.07
18:43:36.642,0.09
18:43:36.652,0.69
18:43:36.663,0.22
18:43:36.673,0.07
18:43:36.684,0.09
18:43:36.694,0.26
18:43:36.705,0.05
18:43:36.715,0.13
18:43:36.725,0.64
18:43:36.736,0.06
18:43:36.746,0.06
18:43:36.756,0.09
18:43:36.767,0.06
18:43:36.777,0.07
18:43:36.787,0.09
18:43:36.798,0.10
18:43:36.808,0.08
18:43:36.819,0.07
18:43:36.829,0.10
18:43:36.840,0.06
18:43:36.850,0.10
18:43:36.861,0.08
18:43:36.871,0.10
18:43:36.881,0.10
18:43:36.892,0.09
18:43:36.902,0.11
18:43:36.913,0.07
18:43:36.923,0.06
18:43:36.934,0.10
18:43:36.945,0.04
18:43:36.955,0.07
18:43:36.966,0.09
18:43:36.976,0.05
18:43:36.987,0.09
18:43:36.997,0.08
18:43:37.007,0.06
18:43:37.018,0.53
18:43:37.028,0.07
18:43:37.039,0.12
18:43:37.049,0.08
18:43:37.059,0.08
18:43:37.070,0.07
18:43:37.081,0.07
18:43:37.091,0.10
18:43:37.102,0.73
18:43:37.112,0.08
18:43:37.123,0.09
18:43:37.133,0.28
18:43:37.144,0.11
18:43:37.154,0.08
18:43:37.165,0.89
18:43:37.175,0.06
18:43:37.186,0.08
18:43:37.197,0.49
18:43:37.207,0.06
18:43:37.217,0.08
18:43:37.227,0.67
18:43:37.238,0.11
18:43:37.248,0.10
18:43:37.259,0.11
18:43:37.269,0.10
18:43:37.279,0.11
18:43:37.290,0.42
18:43:37.301,0.11
18:43:37.311,0.08
18:43:37.322,0.76
18:43:37.332,0.11
18:43:37.342,0.08
18:43:37.353,0.44
18:43:37.363,0.10
18:43:37.374,0.07
18:43:37.384,2.74
18:43:37.395,0.08
18:43:37.405,0.07
18:43:37.415,0.05
18:43:37.426,0.07
18:43:37.436,0.06
18:43:37.447,0.07
18:43:37.458,0.08
18:43:37.468,0.08
18:43:37.479,0.07
18:43:37.489,0.09
18:43:37.499,0.08
18:43:37.510,0.08
18:43:37.520,0.11
18:43:37.531,0.08
18:43:37.541,0.06
18:43:37.551,1.41
18:43:37.562,0.07
18:43:37.572,0.07
18:43:37.583,0.09
18:43:37.593,0.10
18:43:37.603,0.25
18:43:37.614,0.08
18:43:37.624,0.07
18:43:37.634,0.32
18:43:37.645,0.05
18:43:37.655,0.08
18:43:37.665,0.55
18:43:37.675,0.07
18:43:37.686,0.09
18:43:37.696,0.45
18:43:37.707,0.08
18:43:37.717,0.07
18:43:37.727,0.47
18:43:37.738,0.08
18:43:37.748,0.09
18:43:37.758,0.44
18:43:37.769,0.09
18:43:37.779,0.06
18:43:37.790,0.41
18:43:37.801,0.09
18:43:37.811,0.11
18:43:37.822,0.14
18:43:37.832,0.10
18:43:37.842,0.09
18:43:37.853,0.09
18:43:37.863,0.10
18:43:37.873,0.10
18:43:37.884,0.08
18:43:37.894,0.10
18:43:37.904,0.08
18:43:37.915,0.07
18:43:37.925,0.07
18:43:37.936,0.09
18:43:37.946,0.07
18:43:37.957,0.07
18:43:37.967,0.06
18:43:37.978,0.05
18:43:37.988,0.07
18:43:37.999,0.10
18:43:38.009,3.89
18:43:38.020,0.05
18:43:38.030,0.09
18:43:38.041,0.07
18:43:38.051,0.07
18:43:38.062,0.08
18:43:38.073,0.10
18:43:38.083,0.05
18:43:38.094,0.08
18:43:38.104,0.07
18:43:38.115,0.05
18:43:38.125,0.07
18:43:38.136,0.08
18:43:38.146,0.04
18:43:38.156,0.14
18:43:38.167,0.07
18:43:38.177,0.06
18:43:38.188,0.06
18:43:38.198,0.06
18:43:38.208,0.06
18:43:38.218,0.07
18:43:38.229,0.11
18:43:38.239,0.09
18:43:38.249,0.11
18:43:38.260,0.12
18:43:38.270,0.12
18:43:38.281,0.12
18:43:38.291,0.11
18:43:38.302,0.85
18:43:38.312,0.10
18:43:38.323,0.20
18:43:38.333,0.13
18:43:38.344,0.14
18:43:38.354,0.10
18:43:38.365,0.11
18:43:38.375,0.13
18:43:38.386,0.17
18:43:38.396,0.08
18:43:38.407,0.13
18:43:38.417,0.12
18:43:38.428,0.06
18:43:38.439,0.08
18:43:38.449,3.43
18:43:38.460,0.11
18:43:38.470,0.09
18:43:38.481,0.08
18:43:38.491,0.08
18:43:38.502,0.11
18:43:38.512,0.14
18:43:38.523,0.13
18:43:38.533,0.29
18:43:38.543,0.11
18:43:38.553,0.09
18:43:38.564,0.40
18:43:38.574,0.06
18:43:38.585,0.10
18:43:38.596,0.63
18:43:38.606,0.07
18:43:38.617,0.07
18:43:38.627,0.51
18:43:38.637,0.07
18:43:38.648,0.04
18:43:38.658,0.45
18:43:38.669,0.08
18:43:38.679,0.08
18:43:38.690,1.00
18:43:38.700,0.08
18:43:38.710,0.08
18:43:38.721,0.28
18:43:38.731,0.09
18:43:38.741,0.07
18:43:38.751,0.87
18:43:38.762,0.11
18:43:38.772,0.07
18:43:38.783,0.08
18:43:38.793,0.09
18:43:38.804,0.06
18:43:38.814,0.11
18:43:38.824,0.07
18:43:38.835,0.06
18:43:38.845,0.53
18:43:38.856,0.09
18:43:38.867,0.07
18:43:38.877,0.06
18:43:38.887,0.19
18:43:38.898,0.15
18:43:38.908,0.47
18:43:38.918,0.06
18:43:38.929,0.12
18:43:38.939,0.05
18:43:38.950,0.06
18:43:38.960,0.07
18:43:38.971,0.07
18:43:38.981,0.07
18:43:38.992,0.06
18:43:39.002,5.76
18:43:39.013,4.39
18:43:39.023,0.12
18:43:39.034,0.07
18:43:39.044,0.05
18:43:39.055,0.06
18:43:39.065,0.08
18:43:39.076,0.09
18:43:39.086,0.06
18:43:39.097,0.08
18:43:39.107,0.08
18:43:39.117,0.09
18:43:39.128,0.06
18:43:39.138,0.07
18:43:39.148,0.08
18:43:39.159,0.07
18:43:39.169,0.06
18:43:39.179,0.04
18:43:39.190,0.10
18:43:39.200,0.08
18:43:39.210,0.14
18:43:39.221,0.06
18:43:39.231,0.09
18:43:39.241,0.09
18:43:39.252,0.05
18:43:39.262,0.06
18:43:39.273,0.09
18:43:39.283,0.25
18:43:39.294,0.07
18:43:39.304,0.07
18:43:39.315,0.06
18:43:39.325,0.07
18:43:39.335,0.11
18:43:39.346,0.06
18:43:39.356,0.09
18:43:39.367,0.07
18:43:39.378,0.05
18:43:39.388,0.07
18:43:39.399,0.12
18:43:39.409,0.06
18:43:39.420,0.09
18:43:39.430,0.09
18:43:39.441,0.06
18:43:39.451,0.07
18:43:39.461,0.07
18:43:39.471,0.06
18:43:39.482,0.07
18:43:39.492,0.09
18:43:39.503,0.07
18:43:39.513,0.07
18:43:39.523,0.11
18:43:39.534,0.07
18:43:39.544,0.07
18:43:39.554,0.07
18:43:39.564,1.96
18:43:39.575,0.06
18:43:39.585,0.07
18:43:39.595,0.07
18:43:39.606,0.10
18:43:39.616,0.09
18:43:39.626,0.09
18:43:39.637,0.13
18:43:39.647,0.10
18:43:39.657,0.13
18:43:39.668,0.11
18:43:39.678,0.09
18:43:39.689,0.05
18:43:39.699,0.07
18:43:39.710,0.05
18:43:39.720,0.08
18:43:39.731,0.07
18:43:39.741,0.09
18:43:39.751,0.06
18:43:39.761,0.08
18:43:39.772,0.04
18:43:39.782,0.25
18:43:39.792,0.06
18:43:39.802,0.06
18:43:39.812,0.23
18:43:39.823,0.08
18:43:39.833,0.07
18:43:39.844,0.52
18:43:39.854,0.04
18:43:39.865,0.10
18:43:39.875,0.63
18:43:39.886,0.07
18:43:39.896,0.06
18:43:39.907,0.57
18:43:39.917,0.10
18:43:39.927,0.11
18:43:39.938,0.67
18:43:39.948,0.08
18:43:39.959,0.06
18:43:39.969,0.52
18:43:39.980,0.07
18:43:39.990,0.07
18:43:40.000,1.27
18:43:40.011,0.34
18:43:40.021,0.08
18:43:40.032,0.09
18:43:40.042,0.07
18:43:40.052,0.06
18:43:40.063,0.10
18:43:40.073,0.12
18:43:40.083,0.05
18:43:40.094,0.07
18:43:40.104,0.05
18:43:40.115,0.06
18:43:40.125,0.10
18:43:40.136,0.08
18:43:40.148,0.12
18:43:40.158,0.07
18:43:40.169,0.06
18:43:40.179,0.10
18:43:40.189,0.11
18:43:40.201,0.11
18:43:40.211,0.08
18:43:40.222,0.06
18:43:40.232,0.06
18:43:40.243,0.10
18:43:40.253,0.07
18:43:40.263,0.09
18:43:40.274,0.09
18:43:40.284,0.07
18:43:40.295,0.14
18:43:40.305,0.06
18:43:40.316,0.07
18:43:40.326,0.08
18:43:40.337,0.11
18:43:40.347,0.12
18:43:40.358,0.17
18:43:40.368,0.10
18:43:40.378,0.04
18:43:40.389,0.26
18:43:40.399,0.08
18:43:40.410,0.05
18:43:40.420,0.06
18:43:40.431,0.08
18:43:40.442,0.05
18:43:40.452,0.04
18:43:40.462,0.06
18:43:40.472,0.09
18:43:40.483,0.11
18:43:40.493,0.09
18:43:40.504,0.07
18:43:40.514,0.12
18:43:40.525,0.09
18:43:40.535,0.11
18:43:40.545,0.06
18:43:40.556,0.11
18:43:40.566,0.07
18:43:40.577,0.07
18:43:40.587,0.07
18:43:40.598,0.13
18:43:40.608,0.63
18:43:40.619,0.07
18:43:40.629,0.10
18:43:40.640,0.43
18:43:40.650,0.17
18:43:40.661,0.11
18:43:40.671,0.61
18:43:40.682,0.09
18:43:40.692,0.08
18:43:40.703,0.09
18:43:40.713,0.09
18:43:40.723,0.08
18:43:40.734,0.06
18:43:40.744,0.12
18:43:40.755,0.07
18:43:40.766,0.10
18:43:40.776,0.10
18:43:40.787,0.09
18:43:40.797,0.11
18:43:40.808,0.07
18:43:40.818,0.09
18:43:40.829,0.05
18:43:40.839,0.08
18:43:40.849,3.58
18:43:40.860,0.08
18:43:40.870,0.06
18:43:40.881,0.09
18:43:40.891,0.10
18:43:40.901,0.10
18:43:40.911,0.09
18:43:40.922,0.13
18:43:40.933,0.11
18:43:40.943,0.09
18:43:40.953,0.07
18:43:40.964,0.09
18:43:40.974,0.11
18:43:40.984,0.06
18:43:40.995,0.06
18:43:41.005,0.06
18:43:41.016,6.15
18:43:41.026,4.77
18:43:41.036,0.24
18:43:41.046,0.06
18:43:41.057,0.08
18:43:41.067,0.09
18:43:41.078,0.11
18:43:41.088,0.09
18:43:41.099,0.11
18:43:41.109,0.06
18:43:41.120,0.11
18:43:41.130,0.07
18:43:41.141,0.09
18:43:41.151,0.51
18:43:41.162,0.09
18:43:41.172,0.08
18:43:41.183,0.08
18:43:41.193,0.07
18:43:41.204,0.07
18:43:41.214,0.11
18:43:41.225,0.14
18:43:41.235,0.25
18:43:41.246,0.09
18:43:41.256,0.08
18:43:41.266,0.07
18:43:41.277,0.08
18:43:41.287,0.06
18:43:41.297,0.06
18:43:41.307,0.07
18:43:41.318,0.09
18:43:41.328,0.30
18:43:41.339,0.11
18:43:41.349,0.07
18:43:41.360,0.09
18:43:41.370,0.09
18:43:41.381,0.07
18:43:41.391,0.06
18:43:41.401,0.06
18:43:41.412,0.05
18:43:41.422,0.05
18:43:41.432,0.08
18:43:41.443,0.13
18:43:41.453,0.06
18:43:41.464,0.08
18:43:41.474,0.06
18:43:41.485,0.06
18:43:41.495,0.12
18:43:41.506,0.08
18:43:41.516,0.06
18:43:41.527,0.08
18:43:41.537,0.08
18:43:41.548,0.07
18:43:41.558,0.07
18:43:41.569,0.08
18:43:41.579,0.07
18:43:41.589,0.07
18:43:41.600,0.06
18:43:41.610,0.08
18:43:41.620,0.04
18:43:41.631,0.11
18:43:41.641,0.07
18:43:41.652,0.07
18:43:41.662,0.10
18:43:41.672,0.10
18:43:41.683,0.04
18:43:41.693,0.09
18:43:41.703,0.07
18:43:41.714,0.09
18:43:41.724,0.07
18:43:41.734,0.20
18:43:41.745,0.08
18:43:41.755,0.11
18:43:41.766,0.08
18:43:41.776,0.12
18:43:41.787,0.07
18:43:41.797,0.08
18:43:41.808,0.06
18:43:41.818,0.07
18:43:41.828,0.07
18:43:41.839,0.07
18:43:41.849,0.04
18:43:41.859,0.05
18:43:41.869,0.04
18:43:41.880,0.06
18:43:41.890,0.04
18:43:41.900,0.10
18:43:41.910,0.04
18:43:41.920,0.07
18:43:41.931,0.07
18:43:41.941,0.05
18:43:41.951,0.08
18:43:41.962,0.06
18:43:41.972,0.10
18:43:41.982,0.12
18:43:41.993,0.07
18:43:42.003,0.10
18:43:42.013,0.09
18:43:42.023,0.04
18:43:42.034,0.12
18:43:42.044,0.13
18:43:42.055,0.10
18:43:42.065,0.10
18:43:42.076,0.05
18:43:42.086,0.08
18:43:42.097,0.07
18:43:42.107,0.05
18:43:42.117,0.08
18:43:42.128,0.10
18:43:42.138,0.08
18:43:42.149,0.07
18:43:42.159,0.08
18:43:42.170,0.25
18:43:42.180,0.30
18:43:42.191,0.11
18:43:42.201,0.07
18:43:42.212,0.45
18:43:42.222,0.07
18:43:42.232,0.09
18:43:42.242,0.47
18:43:42.253,0.09
18:43:42.263,0.12
18:43:42.274,0.51
18:43:42.284,0.09
18:43:42.295,0.09
18:43:42.305,0.19
18:43:42.315,0.05
18:43:42.325,0.09
18:43:42.336,0.06
18:43:42.346,0.03
18:43:42.357,0.09
18:43:42.367,0.09
18:43:42.378,0.10
18:43:42.388,0.06
18:43:42.398,0.06
18:43:42.408,0.05
18:43:42.419,0.05
18:43:42.429,0.07
18:43:42.440,0.09
18:43:42.450,0.05
18:43:42.461,0.07
18:43:42.472,0.09
18:43:42.482,0.08
18:43:42.492,0.05
18:43:42.503,0.09
18:43:42.513,0.08
18:43:42.523,0.18
18:43:42.534,0.08
18:43:42.545,0.07
18:43:42.555,0.82
18:43:42.566,0.24
18:43:42.576,0.08
18:43:42.587,0.08
18:43:42.597,0.07
18:43:42.607,0.05
18:43:42.618,0.07
18:43:42.629,0.08
18:43:42.639,0.07
18:43:42.649,2.56
18:43:42.660,0.08
18:43:42.670,0.09
18:43:42.680,0.04
18:43:42.691,0.09
18:43:42.701,0.07
18:43:42.711,0.54
18:43:42.722,0.04
18:43:42.732,0.07
18:43:42.743,0.41
18:43:42.753,0.05
18:43:42.763,0.06
18:43:42.774,0.49
18:43:42.784,0.10
18:43:42.794,0.08
18:43:42.805,0.44
18:43:42.815,0.06
18:43:42.826,0.07
18:43:42.836,0.18
18:43:42.846,0.05
18:43:42.857,0.06
18:43:42.867,0.19
18:43:42.878,0.08
18:43:42.888,0.09
18:43:42.899,0.14
18:43:42.909,0.06
18:43:42.920,0.07
18:43:42.930,0.53
18:43:42.941,0.07
18:43:42.951,2.51
18:43:42.961,0.78
18:43:42.972,0.06
18:43:42.982,0.09
18:43:42.992,0.80
18:43:43.003,0.08
18:43:43.013,1.32
18:43:43.024,1.01
18:43:43.034,0.08
18:43:43.044,0.09
18:43:43.054,0.32
18:43:43.065,0.07
18:43:43.075,0.08
18:43:43.086,0.37
18:43:43.096,0.07
18:43:43.107,0.05
18:43:43.117,0.28
18:43:43.128,0.06
18:43:43.138,0.05
18:43:43.149,0.37
18:43:43.160,0.09
18:43:43.170,0.09
18:43:43.180,0.77
18:43:43.191,0.09
18:43:43.201,0.09
18:43:43.212,0.09
18:43:43.222,0.16
18:43:43.232,0.11
18:43:43.243,0.09
18:43:43.253,2.12
18:43:43.263,0.12
18:43:43.274,0.24
18:43:43.284,0.11
18:43:43.295,0.10
18:43:43.305,0.54
18:43:43.316,0.06
18:43:43.326,0.13
18:43:43.337,0.79
18:43:43.347,0.08
18:43:43.358,0.07
18:43:43.368,0.07
18:43:43.378,0.07
18:43:43.389,0.06
18:43:43.399,0.09
18:43:43.410,0.12
18:43:43.420,0.07
18:43:43.431,0.06
18:43:43.441,0.08
18:43:43.451,0.05
18:43:43.461,0.07
18:43:43.472,0.05
18:43:43.482,0.07
18:43:43.493,0.10
18:43:43.503,0.09
18:43:43.514,0.07
18:43:43.525,0.13
18:43:43.535,0.11
18:43:43.545,0.06
18:43:43.556,0.09
18:43:43.566,0.14
18:43:43.577,0.09
18:43:43.587,0.08
18:43:43.598,0.10
18:43:43.608,0.09
18:43:43.619,0.04
18:43:43.629,0.10
18:43:43.640,0.05
18:43:43.650,0.23
18:43:43.661,0.09
18:43:43.671,0.05
18:43:43.682,0.07
18:43:43.692,0.08
18:43:43.703,0.09
18:43:43.714,0.18
18:43:43.724,0.09
18:43:43.735,0.15
18:43:43.745,0.59
18:43:43.756,0.12
18:43:43.766,0.11
18:43:43.777,0.65
18:43:43.787,0.66
18:43:43.798,0.07
18:43:43.808,0.34
18:43:43.819,0.10
18:43:43.829,0.07
18:43:43.840,0.09
18:43:43.850,2.09
18:43:43.861,0.12
18:43:43.871,0.05
18:43:43.882,0.08
18:43:43.892,0.12
18:43:43.903,0.08
18:43:43.913,0.09
18:43:43.924,0.08
18:43:43.934,0.09
18:43:43.945,0.08
18:43:43.955,0.08
18:43:43.965,0.13
18:43:43.976,0.09
18:43:43.986,0.09
18:43:43.997,0.12
18:43:44.007,0.05
18:43:44.018,0.06
18:43:44.028,0.26
18:43:44.038,0.16
18:43:44.049,0.08
18:43:44.059,0.05
18:43:44.070,0.06
18:43:44.080,0.07
18:43:44.091,0.07
18:43:44.101,0.07
18:43:44.111,0.12
18:43:44.122,0.11
18:43:44.133,0.13
18:43:44.143,0.24
18:43:44.154,0.08
18:43:44.164,1.32
18:43:44.175,0.13
18:43:44.185,0.12
18:43:44.196,0.08
18:43:44.206,0.11
18:43:44.216,0.16
18:43:44.227,0.11
18:43:44.237,0.10
18:43:44.247,0.12
18:43:44.258,0.62
18:43:44.268,0.16
18:43:44.279,0.09
18:43:44.289,0.75
18:43:44.300,0.12
18:43:44.310,0.06
18:43:44.320,0.35
18:43:44.331,0.10
18:43:44.342,0.11
18:43:44.352,0.06
18:43:44.363,0.10
18:43:44.373,0.13
18:43:44.384,0.69
18:43:44.394,0.35
18:43:44.405,0.11
18:43:44.415,0.07
18:43:44.426,0.10
18:43:44.436,0.08
18:43:44.446,0.07
18:43:44.457,0.07
18:43:44.467,0.11
18:43:44.478,0.06
18:43:44.488,0.06
18:43:44.498,0.08
18:43:44.509,0.04
18:43:44.519,0.08
18:43:44.530,0.09
18:43:44.541,0.06
18:43:44.551,0.07
18:43:44.562,0.07
18:43:44.572,0.05
18:43:44.583,0.06
18:43:44.593,0.08
18:43:44.604,0.12
18:43:44.614,0.07
18:43:44.625,0.09
18:43:44.635,0.06
18:43:44.645,0.04
18:43:44.656,0.06
18:43:44.666,0.08
18:43:44.677,0.15
18:43:44.687,0.07
18:43:44.698,0.08
18:43:44.708,0.04
18:43:44.719,0.08
18:43:44.729,0.06
18:43:44.739,0.08
18:43:44.750,2.01
18:43:44.760,0.10
18:43:44.771,0.06
18:43:44.781,0.11
18:43:44.791,0.07
18:43:44.802,0.07
18:43:44.812,0.09
18:43:44.822,0.79
18:43:44.833,0.10
18:43:44.843,0.08
18:43:44.854,0.37
18:43:44.864,0.13
18:43:44.874,0.07
18:43:44.885,0.33
18:43:44.895,0.07
18:43:44.905,0.07
18:43:44.916,0.52
18:43:44.926,0.08
18:43:44.937,0.08
18:43:44.947,0.32
18:43:44.958,0.08
18:43:44.968,0.06
18:43:44.979,0.38
18:43:44.989,0.09
18:43:44.999,0.10
18:43:45.010,6.19
18:43:45.020,0.05
18:43:45.031,0.64
18:43:45.041,0.11
18:43:45.052,0.06
18:43:45.062,0.08
18:43:45.073,0.64
18:43:45.083,0.07
18:43:45.094,0.08
18:43:45.104,0.51
18:43:45.115,0.10
18:43:45.125,0.06
18:43:45.136,0.05
18:43:45.146,0.05
18:43:45.156,0.22
18:43:45.167,0.06
18:43:45.177,0.13
18:43:45.188,0.06
18:43:45.198,0.05
18:43:45.208,0.13
18:43:45.219,0.09
18:43:45.229,0.09
18:43:45.240,0.09
18:43:45.250,0.07
18:43:45.260,0.06
18:43:45.270,0.06
18:43:45.281,0.05
18:43:45.291,0.11
18:43:45.302,0.08
18:43:45.313,0.05
18:43:45.323,0.06
18:43:45.334,0.11
18:43:45.344,0.05
18:43:45.354,0.05
18:43:45.364,0.11
18:43:45.375,0.05
18:43:45.386,0.06
18:43:45.396,0.06
18:43:45.406,0.10
18:43:45.417,0.06
18:43:45.427,0.13
18:43:45.438,0.09
18:43:45.448,0.06
18:43:45.458,0.11
18:43:45.469,0.09
18:43:45.479,0.07
18:43:45.490,0.06
18:43:45.500,0.07
18:43:45.511,0.07
18:43:45.521,0.04
18:43:45.531,0.06
18:43:45.542,0.08
18:43:45.552,0.10
18:43:45.563,0.10
18:43:45.573,0.07
18:43:45.583,0.10
18:43:45.594,0.07
18:43:45.604,0.13
18:43:45.615,0.08
18:43:45.626,0.09
18:43:45.636,0.08
18:43:45.647,0.04
18:43:45.657,0.10
18:43:45.668,0.11
18:43:45.678,0.08
18:43:45.688,0.07
18:43:45.699,0.06
18:43:45.710,0.09
18:43:45.720,0.07
18:43:45.730,0.05
18:43:45.740,0.06
18:43:45.751,0.07
18:43:45.762,0.10
18:43:45.772,0.11
18:43:45.782,0.06
18:43:45.792,0.06
18:43:45.803,0.11
18:43:45.814,0.05
18:43:45.824,0.13
18:43:45.834,0.14
18:43:45.845,0.10
18:43:45.855,0.61
18:43:45.866,0.12
18:43:45.876,0.05
18:43:45.887,0.43
18:43:45.897,0.06
18:43:45.908,0.07
18:43:45.918,0.73
18:43:45.929,0.08
18:43:45.939,0.10
18:43:45.950,2.22
18:43:45.960,0.08
18:43:45.971,0.08
18:43:45.981,0.34
18:43:45.991,0.06
18:43:46.001,0.12
18:43:46.012,0.43
18:43:46.022,0.10
18:43:46.033,2.22
18:43:46.043,0.14
18:43:46.054,0.09
18:43:46.064,0.09
18:43:46.075,0.58
18:43:46.085,0.09
18:43:46.095,0.10
18:43:46.106,0.59
18:43:46.116,0.11
18:43:46.126,0.07
18:43:46.136,0.12
18:43:46.147,0.09
18:43:46.157,0.10
18:43:46.168,0.10
18:43:46.178,0.07
18:43:46.189,0.15
18:43:46.199,0.07
18:43:46.210,0.08
18:43:46.220,0.10
18:43:46.231,0.72
18:43:46.241,0.07
18:43:46.251,2.59
18:43:46.262,0.57
18:43:46.272,0.10
18:43:46.283,0.07
18:43:46.293,0.77
18:43:46.304,0.13
18:43:46.314,0.09
18:43:46.325,0.27
18:43:46.335,0.09
18:43:46.346,0.08
18:43:46.356,1.18
18:43:46.367,0.09
18:43:46.377,0.08
18:43:46.388,0.40
18:43:46.399,0.13
18:43:46.409,0.07
18:43:46.420,0.06
18:43:46.430,0.30
18:43:46.440,0.08
18:43:46.451,0.06
18:43:46.461,0.06
18:43:46.472,0.07
18:43:46.482,0.05
18:43:46.493,0.11
18:43:46.503,0.09
18:43:46.513,0.09
18:43:46.524,0.08
18:43:46.534,0.08
18:43:46.544,0.10
18:43:46.555,0.10
18:43:46.565,0.09
18:43:46.576,0.13
18:43:46.586,0.08
18:43:46.596,0.08
18:43:46.607,0.07
18:43:46.617,0.08
18:43:46.627,0.10
18:43:46.637,1.83
18:43:46.648,0.08
18:43:46.658,22.87
18:43:46.680,0.04
18:43:46.692,23.90
18:43:46.715,0.06
18:43:46.726,21.86
18:43:46.747,0.05
18:43:46.758,22.97
18:43:46.780,0.04
18:43:46.791,22.94
18:43:46.814,0.03
18:43:46.825,22.77
18:43:46.847,0.36
18:43:46.858,22.80
18:43:46.880,0.08
18:43:46.891,0.06
18:43:46.902,1.10
18:43:46.913,0.09
18:43:46.923,0.08
18:43:46.934,0.07
18:43:46.946,0.12
18:43:46.957,0.12
18:43:46.968,0.09
18:43:46.978,0.10
18:43:46.989,0.06
18:43:46.999,0.08
18:43:47.010,0.27
18:43:47.020,0.07
18:43:47.031,0.09
18:43:47.041,0.08
18:43:47.052,0.06
18:43:47.062,0.12
18:43:47.072,0.10
18:43:47.083,0.07
18:43:47.093,0.11
18:43:47.104,0.05
18:43:47.114,0.09
18:43:47.126,0.12
18:43:47.136,0.06
18:43:47.146,0.04
18:43:47.157,0.07
18:43:47.167,0.05
18:43:47.177,0.09
18:43:47.187,0.05
18:43:47.197,0.07
18:43:47.208,0.13
18:43:47.219,0.07
18:43:47.229,0.10
18:43:47.240,0.07
18:43:47.250,0.06
18:43:47.261,0.20
18:43:47.271,0.09
18:43:47.282,0.06
18:43:47.292,0.05
18:43:47.303,0.08
18:43:47.313,0.06
18:43:47.324,0.05
18:43:47.334,0.07
18:43:47.345,0.27
18:43:47.355,0.04
18:43:47.366,0.07
18:43:47.376,0.07
18:43:47.386,0.04
18:43:47.397,0.11
18:43:47.407,0.05
18:43:47.418,0.12
18:43:47.428,0.08
18:43:47.439,0.05
18:43:47.449,3.55
18:43:47.460,0.10
18:43:47.470,0.06
18:43:47.481,0.06
18:43:47.491,0.07
18:43:47.502,0.09
18:43:47.512,0.04
18:43:47.523,0.08
18:43:47.533,0.05
18:43:47.543,0.04
18:43:47.554,0.11
18:43:47.564,0.11
18:43:47.575,0.09
18:43:47.585,0.09
18:43:47.596,0.07
18:43:47.606,0.06
18:43:47.617,0.07
18:43:47.627,0.08
18:43:47.638,0.09
18:43:47.648,0.04
18:43:47.659,0.07
18:43:47.669,0.66
18:43:47.679,0.07
18:43:47.690,0.09
18:43:47.700,0.38
18:43:47.711,0.06
18:43:47.722,0.10
18:43:47.732,0.11
18:43:47.742,0.06
18:43:47.752,0.06
18:43:47.762,0.66
18:43:47.773,0.07
18:43:47.783,0.05
18:43:47.794,0.08
18:43:47.804,0.05
18:43:47.814,0.06
18:43:47.825,0.07
18:43:47.835,0.08
18:43:47.846,0.07
18:43:47.856,0.10
18:43:47.867,0.11
18:43:47.877,0.06
18:43:47.888,0.53
18:43:47.898,0.08
18:43:47.909,0.04
18:43:47.919,0.68
18:43:47.930,0.05
18:43:47.940,0.07
18:43:47.951,0.04
18:43:47.962,0.12
18:43:47.972,0.05
18:43:47.982,0.06
18:43:47.992,0.12
18:43:48.003,0.04
18:43:48.014,5.05
18:43:48.024,4.11
18:43:48.034,0.05
18:43:48.044,0.03
18:43:48.055,0.05
18:43:48.066,0.08
18:43:48.076,0.09
18:43:48.087,0.09
18:43:48.097,0.10
18:43:48.108,0.09
18:43:48.118,0.09
18:43:48.129,0.08
18:43:48.139,0.06
18:43:48.149,0.08
18:43:48.160,0.08
18:43:48.170,0.07
18:43:48.180,0.05
18:43:48.191,0.06
18:43:48.201,0.05
18:43:48.211,0.06
18:43:48.222,0.16
18:43:48.232,0.06
18:43:48.243,0.07
18:43:48.253,0.11
18:43:48.264,0.11
18:43:48.274,0.12
18:43:48.285,0.10
18:43:48.295,0.09
18:43:48.305,0.05
18:43:48.316,0.10
18:43:48.326,0.06
18:43:48.337,0.06
18:43:48.348,0.05
18:43:48.358,0.10
18:43:48.368,0.64
18:43:48.379,0.04
18:43:48.389,0.07
18:43:48.400,0.25
18:43:48.410,0.07
18:43:48.421,0.06
18:43:48.431,0.30
18:43:48.442,0.07
18:43:48.452,0.04
18:43:48.463,0.25
18:43:48.473,0.07
18:43:48.484,0.07
18:43:48.494,0.33
18:43:48.505,0.11
18:43:48.515,0.06
18:43:48.526,0.24
18:43:48.536,0.04
18:43:48.547,0.09
18:43:48.557,1.06
18:43:48.568,0.05
18:43:48.578,0.05
18:43:48.588,0.22
18:43:48.599,0.09
18:43:48.609,0.08
18:43:48.619,0.49
18:43:48.630,0.08
18:43:48.640,0.11
18:43:48.650,2.71
18:43:48.661,0.08
18:43:48.671,0.08
18:43:48.681,0.45
18:43:48.692,0.08
18:43:48.702,0.06
18:43:48.713,0.31
18:43:48.723,0.09
18:43:48.733,0.05
18:43:48.744,0.46
18:43:48.754,0.16
18:43:48.764,0.11
18:43:48.775,0.10
18:43:48.785,0.07
18:43:48.795,0.08
18:43:48.806,0.08
18:43:48.816,0.08
18:43:48.826,0.09
18:43:48.837,0.60
18:43:48.847,0.04
18:43:48.858,0.06
18:43:48.868,0.10
18:43:48.879,0.12
18:43:48.889,0.08
18:43:48.899,0.34
18:43:48.910,0.06
18:43:48.920,0.07
18:43:48.931,0.10
18:43:48.941,0.06
18:43:48.952,2.39
18:43:48.962,0.06
18:43:48.973,0.04
18:43:48.983,0.10
18:43:48.994,0.14
18:43:49.004,0.04
18:43:49.014,2.95
18:43:49.025,1.21
18:43:49.035,0.08
18:43:49.046,0.12
18:43:49.056,0.07
18:43:49.067,0.13
18:43:49.077,0.09
18:43:49.088,0.70
18:43:49.098,0.10
18:43:49.109,0.05
18:43:49.119,0.19
18:43:49.129,0.05
18:43:49.140,0.10
18:43:49.150,0.37
18:43:49.161,0.07
18:43:49.171,0.07
18:43:49.182,0.34
18:43:49.192,0.09
18:43:49.203,0.11
18:43:49.214,1.11
18:43:49.224,0.11
18:43:49.234,0.08
18:43:49.245,0.10
18:43:49.255,0.08
18:43:49.266,0.12
18:43:49.276,0.07
18:43:49.286,0.06
18:43:49.297,0.13
18:43:49.307,0.07
18:43:49.318,0.04
18:43:49.328,0.10
18:43:49.339,0.05
18:43:49.349,0.11
18:43:49.359,0.08
18:43:49.370,0.07
18:43:49.380,0.13
18:43:49.391,0.05
18:43:49.402,0.08
18:43:49.412,0.06
18:43:49.423,0.05
18:43:49.433,0.05
18:43:49.443,0.06
18:43:49.454,0.04
18:43:49.464,0.12
18:43:49.475,0.06
18:43:49.485,0.07
18:43:49.496,0.11
18:43:49.507,0.10
18:43:49.517,0.07
18:43:49.527,0.11
18:43:49.538,0.04
18:43:49.548,0.08
18:43:49.558,0.09
18:43:49.569,0.07
18:43:49.579,0.10
18:43:49.589,0.07
18:43:49.600,0.07
18:43:49.610,0.05
18:43:49.620,0.05
18:43:49.631,0.06
18:43:49.641,0.05
18:43:49.651,0.06
18:43:49.662,0.09
18:43:49.672,0.07
18:43:49.682,0.11
18:43:49.693,0.11
18:43:49.703,0.09
18:43:49.713,0.09
18:43:49.724,0.11
18:43:49.734,0.10
18:43:49.744,0.04
18:43:49.754,0.04
18:43:49.765,0.06
18:43:49.775,0.05
18:43:49.785,0.11
18:43:49.796,0.07
18:43:49.806,0.06
18:43:49.816,0.04
18:43:49.827,0.06
18:43:49.837,0.05
18:43:49.848,3.56
18:43:49.858,0.08
18:43:49.869,0.10
18:43:49.879,0.05
18:43:49.890,0.08
18:43:49.900,0.08
18:43:49.911,0.10
18:43:49.921,0.07
18:43:49.932,0.07
18:43:49.942,0.04
18:43:49.953,0.08
18:43:49.963,0.10
18:43:49.974,0.10
18:43:49.984,0.05
18:43:49.995,0.57
18:43:50.005,0.10
18:43:50.016,1.62
18:43:50.026,0.28
18:43:50.037,0.05
18:43:50.047,0.07
18:43:50.057,0.08
18:43:50.068,0.07
18:43:50.078,0.11
18:43:50.089,0.45
18:43:50.099,0.10
18:43:50.110,0.09
18:43:50.120,0.30
18:43:50.131,0.08
18:43:50.142,0.10
18:43:50.152,0.07
18:43:50.162,0.07
18:43:50.173,0.06
18:43:50.184,0.32
18:43:50.194,0.09
18:43:50.204,0.09
18:43:50.215,0.85
18:43:50.226,0.16
18:43:50.236,0.11
18:43:50.246,0.49
18:43:50.257,0.10
18:43:50.267,0.11
18:43:50.278,0.07
18:43:50.289,0.08
18:43:50.299,0.07
18:43:50.310,0.07
18:43:50.320,0.10
18:43:50.330,0.09
18:43:50.341,0.06
18:43:50.351,0.05
18:43:50.361,0.12
18:43:50.372,0.05
18:43:50.382,0.07
18:43:50.393,0.09
18:43:50.403,0.08
18:43:50.414,0.06
18:43:50.424,0.06
18:43:50.435,0.07
18:43:50.445,0.03
18:43:50.456,0.06
18:43:50.466,0.07
18:43:50.477,0.08
18:43:50.487,0.06
18:43:50.498,0.08
18:43:50.508,0.07
18:43:50.519,0.08
18:43:50.529,0.23
18:43:50.539,0.05
18:43:50.550,0.05
18:43:50.560,0.06
18:43:50.570,0.16
18:43:50.581,0.08
18:43:50.591,0.06
18:43:50.601,0.07
18:43:50.612,0.07
18:43:50.622,0.06
18:43:50.633,0.11
18:43:50.643,0.07
18:43:50.654,0.06
18:43:50.664,0.08
18:43:50.674,0.05
18:43:50.684,0.06
18:43:50.695,0.11
18:43:50.705,0.11
18:43:50.716,0.05
18:43:50.727,0.09
18:43:50.737,0.13
18:43:50.748,0.07
18:43:50.758,0.10
18:43:50.769,0.10
18:43:50.779,0.10
18:43:50.790,0.07
18:43:50.801,0.12
18:43:50.811,0.05
18:43:50.822,0.07
18:43:50.832,0.08
18:43:50.842,0.04
18:43:50.853,0.04
18:43:50.863,0.13
18:43:50.873,0.10
18:43:50.884,0.05
18:43:50.894,0.08
18:43:50.905,0.06
18:43:50.915,0.06
18:43:50.925,0.10
18:43:50.936,0.08
18:43:50.946,0.09
18:43:50.957,0.09
18:43:50.967,0.72
18:43:50.978,0.06
18:43:50.988,0.08
18:43:50.998,0.08
18:43:51.009,0.07
18:43:51.019,0.58
18:43:51.030,0.08
18:43:51.040,0.07
18:43:51.051,2.36
18:43:51.061,0.09
18:43:51.072,0.80
18:43:51.082,0.10
18:43:51.093,0.13
18:43:51.103,0.34
18:43:51.114,0.10
18:43:51.124,0.08
18:43:51.135,0.27
18:43:51.145,0.05
18:43:51.156,0.07
18:43:51.166,0.44
18:43:51.177,0.12
18:43:51.187,0.06
18:43:51.197,0.72
18:43:51.208,0.10
18:43:51.218,0.14
18:43:51.229,0.61
18:43:51.239,0.06
18:43:51.250,0.09
18:43:51.260,0.41
18:43:51.270,0.13
18:43:51.280,0.08
18:43:51.291,0.95
18:43:51.301,0.05
18:43:51.312,0.08
18:43:51.322,0.32
18:43:51.333,0.09
18:43:51.343,0.07
18:43:51.353,0.05
18:43:51.364,0.08
18:43:51.374,0.08
18:43:51.384,0.43
18:43:51.395,0.09
18:43:51.405,0.08
18:43:51.416,0.54
18:43:51.426,0.10
18:43:51.437,0.09
18:43:51.447,0.05
18:43:51.457,0.06
18:43:51.468,0.08
18:43:51.478,0.05
18:43:51.489,0.05
18:43:51.499,0.07
18:43:51.510,0.05
18:43:51.520,0.05
18:43:51.531,0.14
18:43:51.541,0.09
18:43:51.552,0.09
18:43:51.562,0.10
18:43:51.574,0.07
18:43:51.585,0.06
18:43:51.595,0.07
18:43:51.605,0.06
18:43:51.616,0.05
18:43:51.626,0.11
18:43:51.636,0.06
18:43:51.647,0.03
18:43:51.658,0.06
18:43:51.668,0.06
18:43:51.678,0.09
18:43:51.689,0.11
18:43:51.699,0.08
18:43:51.709,0.07
18:43:51.720,0.07
18:43:51.731,0.08
18:43:51.741,0.07
18:43:51.754,0.10
18:43:51.764,0.07
18:43:51.774,0.91
18:43:51.785,0.07
18:43:51.795,0.08
18:43:51.805,0.37
18:43:51.816,0.07
18:43:51.827,0.09
18:43:51.837,0.69
18:43:51.848,0.08
18:43:51.858,0.06
18:43:51.868,0.34
18:43:51.879,0.04
18:43:51.889,0.07
18:43:51.899,0.42
18:43:51.910,0.07
18:43:51.920,0.07
18:43:51.931,0.27
18:43:51.941,0.10
18:43:51.952,0.06
18:43:51.962,0.53
18:43:51.972,0.08
18:43:51.983,0.04
18:43:51.993,0.30
18:43:52.003,0.08
18:43:52.014,1.38
18:43:52.024,0.78
18:43:52.035,0.08
18:43:52.045,0.08
18:43:52.056,0.80
18:43:52.066,0.07
18:43:52.077,0.06
18:43:52.087,0.59
18:43:52.097,0.08
18:43:52.107,0.07
18:43:52.118,0.06
18:43:52.128,0.12
18:43:52.139,0.08
18:43:52.149,0.33
18:43:52.160,0.07
18:43:52.170,0.06
18:43:52.181,0.40
18:43:52.191,0.06
18:43:52.201,0.07
18:43:52.212,0.15
18:43:52.222,0.08
18:43:52.233,0.09
18:43:52.243,0.45
18:43:52.253,0.04
18:43:52.264,0.07
18:43:52.274,0.34
18:43:52.285,0.05
18:43:52.295,0.10
18:43:52.306,0.07
18:43:52.316,0.07
18:43:52.327,0.07
18:43:52.337,0.10
18:43:52.348,0.06
18:43:52.358,0.08
18:43:52.368,0.08
18:43:52.379,0.08
18:43:52.390,0.07
18:43:52.400,0.05
18:43:52.411,0.04
18:43:52.421,0.05
18:43:52.432,0.08
18:43:52.442,0.07
18:43:52.452,0.10
18:43:52.463,0.06
18:43:52.473,0.09
18:43:52.483,0.09
18:43:52.493,0.12
18:43:52.504,0.05
18:43:52.514,0.06
18:43:52.525,0.07
18:43:52.535,0.06
18:43:52.546,0.11
18:43:52.556,0.07
18:43:52.566,0.16
18:43:52.577,0.06
18:43:52.587,0.07
18:43:52.598,0.07
18:43:52.608,0.07
18:43:52.619,0.10
18:43:52.629,0.09
18:43:52.639,0.06
18:43:52.650,0.07
18:43:52.660,0.08
18:43:52.671,0.07
18:43:52.681,0.08
18:43:52.692,0.08
18:43:52.702,0.09
18:43:52.713,0.11
18:43:52.723,0.07
18:43:52.734,0.12
18:43:52.744,0.08
18:43:52.754,0.11
18:43:52.765,0.13
18:43:52.775,0.09
18:43:52.786,0.07
18:43:52.796,0.08
18:43:52.807,0.10
18:43:52.817,0.06
18:43:52.828,0.08
18:43:52.839,0.06
18:43:52.849,0.07
18:43:52.859,0.07
18:43:52.870,0.15
18:43:52.880,0.09
18:43:52.891,0.08
18:43:52.901,0.08
18:43:52.912,0.06
18:43:52.922,0.08
18:43:52.933,0.08
18:43:52.943,0.09
18:43:52.954,0.07
18:43:52.965,0.10
18:43:52.975,0.08
18:43:52.985,0.04
18:43:52.996,0.07
18:43:53.006,0.10
18:43:53.016,0.78
18:43:53.026,0.10
18:43:53.037,0.09
18:43:53.047,0.06
18:43:53.058,0.07
18:43:53.068,0.09
18:43:53.079,0.09
18:43:53.089,0.07
18:43:53.100,0.11
18:43:53.110,0.07
18:43:53.120,0.07
18:43:53.131,0.08
18:43:53.142,0.11
18:43:53.152,0.63
18:43:53.162,1.08
18:43:53.173,0.08
18:43:53.183,0.09
18:43:53.194,0.07
18:43:53.205,0.10
18:43:53.215,0.51
18:43:53.225,0.07
18:43:53.236,0.09
18:43:53.246,0.11
18:43:53.257,0.28
18:43:53.267,0.07
18:43:53.277,0.07
18:43:53.288,0.33
18:43:53.298,0.11
18:43:53.309,0.06
18:43:53.319,0.35
18:43:53.330,0.10
18:43:53.340,0.08
18:43:53.350,0.48
18:43:53.361,0.06
18:43:53.371,0.10
18:43:53.381,0.50
18:43:53.391,0.07
18:43:53.402,0.08
18:43:53.413,0.68
18:43:53.423,0.08
18:43:53.433,0.09
18:43:53.444,0.34
18:43:53.454,0.07
18:43:53.465,0.09
18:43:53.475,0.88
18:43:53.486,0.07
18:43:53.496,0.09
18:43:53.507,0.44
18:43:53.517,0.05
18:43:53.528,0.07
18:43:53.538,0.06
18:43:53.549,0.09
18:43:53.559,0.09
18:43:53.570,0.06
18:43:53.581,0.06
18:43:53.591,0.07
18:43:53.601,0.04
18:43:53.612,0.04
18:43:53.622,0.07
18:43:53.633,0.06
18:43:53.643,0.32
18:43:53.653,0.05
18:43:53.663,0.08
18:43:53.674,0.10
18:43:53.684,0.08
18:43:53.695,0.09
18:43:53.705,0.07
18:43:53.715,0.16
18:43:53.726,0.06
18:43:53.736,0.33
18:43:53.747,0.09
18:43:53.758,0.08
18:43:53.768,0.05
18:43:53.778,0.08
18:43:53.789,0.06
18:43:53.799,0.06
18:43:53.809,0.06
18:43:53.820,0.07
18:43:53.830,0.07
18:43:53.840,0.09
18:43:53.851,0.09
18:43:53.861,0.07
18:43:53.872,0.13
18:43:53.882,0.34
18:43:53.893,0.09
18:43:53.903,0.05
18:43:53.914,0.82
18:43:53.924,0.12
18:43:53.935,0.11
18:43:53.945,0.31
18:43:53.956,0.09
18:43:53.966,0.11
18:43:53.977,0.05
18:43:53.987,0.04
18:43:53.998,0.07
18:43:54.008,6.43
18:43:54.018,4.97
18:43:54.028,0.15
18:43:54.039,0.09
18:43:54.049,3.56
18:43:54.060,0.07
18:43:54.070,0.08
18:43:54.081,0.05
18:43:54.091,0.06
18:43:54.102,0.08
18:43:54.113,0.06
18:43:54.123,0.07
18:43:54.134,0.07
18:43:54.144,0.10
18:43:54.154,0.09
18:43:54.165,0.07
18:43:54.175,0.04
18:43:54.186,0.07
18:43:54.196,0.07
18:43:54.207,0.08
18:43:54.217,0.19
18:43:54.227,0.08
18:43:54.238,0.06
18:43:54.248,0.06
18:43:54.258,0.07
18:43:54.269,0.11
18:43:54.279,0.08
18:43:54.290,0.07
18:43:54.300,0.08
18:43:54.310,0.07
18:43:54.320,0.07
18:43:54.331,0.11
18:43:54.341,0.09
18:43:54.352,1.99
18:43:54.362,0.11
18:43:54.373,0.09
18:43:54.383,0.06
18:43:54.394,0.05
18:43:54.404,0.09
18:43:54.415,0.12
18:43:54.425,0.05
18:43:54.436,0.08
18:43:54.446,0.07
18:43:54.456,0.05
18:43:54.467,0.11
18:43:54.477,0.05
18:43:54.488,0.04
18:43:54.498,0.10
18:43:54.508,0.06
18:43:54.518,0.09
18:43:54.529,0.09
18:43:54.539,0.07
18:43:54.550,0.07
18:43:54.560,0.10
18:43:54.570,0.07
18:43:54.581,0.08
18:43:54.591,0.10
18:43:54.601,0.11
18:43:54.612,0.12
18:43:54.623,0.10
18:43:54.633,0.11
18:43:54.643,0.34
18:43:54.654,0.07
18:43:54.664,0.08
18:43:54.675,0.08
18:43:54.685,0.13
18:43:54.696,0.09
18:43:54.706,0.10
18:43:54.717,0.09
18:43:54.727,0.12
18:43:54.738,1.13
18:43:54.748,0.12
18:43:54.759,0.11
18:43:54.769,0.10
18:43:54.780,0.14
18:43:54.790,0.12
18:43:54.801,0.11
18:43:54.811,0.12
18:43:54.822,0.12
18:43:54.832,0.52
18:43:54.843,0.07
18:43:54.853,0.11
18:43:54.864,0.10
18:43:54.874,0.11
18:43:54.884,0.10
18:43:54.895,1.12
18:43:54.905,0.11
18:43:54.916,0.07
18:43:54.926,0.08
18:43:54.936,0.09
18:43:54.947,0.08
18:43:54.957,0.10
18:43:54.968,0.11
18:43:54.978,0.10
18:43:54.988,0.65
18:43:54.999,0.07
18:43:55.009,0.11
18:43:55.020,0.05
18:43:55.030,0.08
18:43:55.041,0.07
18:43:55.051,0.33
18:43:55.062,0.08
18:43:55.072,0.08
18:43:55.082,0.16
18:43:55.093,0.09
18:43:55.103,0.11
18:43:55.114,0.68
18:43:55.124,0.05
18:43:55.135,0.09
18:43:55.145,0.12
18:43:55.156,0.09
18:43:55.166,0.08
18:43:55.176,0.06
18:43:55.187,0.19
18:43:55.197,0.50
18:43:55.207,1.23
18:43:55.218,0.18
18:43:55.228,0.09
18:43:55.239,0.18
18:43:55.249,0.08
18:43:55.260,0.10
18:43:55.270,0.49
18:43:55.281,0.08
18:43:55.291,0.09
18:43:55.302,0.81
18:43:55.313,0.06
18:43:55.323,0.08
18:43:55.333,1.24
18:43:55.344,0.10
18:43:55.355,0.07
18:43:55.365,0.08
18:43:55.375,0.13
18:43:55.386,0.12
18:43:55.396,0.06
18:43:55.406,0.12
18:43:55.416,0.06
18:43:55.427,0.05
18:43:55.437,0.05
18:43:55.447,0.08
18:43:55.458,0.54
18:43:55.468,0.14
18:43:55.479,0.10
18:43:55.489,0.29
18:43:55.500,0.07
18:43:55.510,0.07
18:43:55.520,0.65
18:43:55.530,0.08
18:43:55.541,0.04
18:43:55.551,0.93
18:43:55.562,0.08
18:43:55.572,0.09
18:43:55.583,0.43
18:43:55.593,0.12
18:43:55.604,0.12
18:43:55.614,0.33
18:43:55.625,0.07
18:43:55.635,0.07
18:43:55.645,0.05
18:43:55.656,0.05
18:43:55.667,0.11
18:43:55.677,0.05
18:43:55.688,0.05
18:43:55.698,0.08
18:43:55.708,0.05
18:43:55.719,0.08
18:43:55.729,0.09
18:43:55.740,0.08
18:43:55.750,0.08
18:43:55.760,0.25
18:43:55.771,0.06
18:43:55.781,0.08
18:43:55.792,0.08
18:43:55.802,0.10
18:43:55.812,0.05
18:43:55.823,0.07
18:43:55.833,0.08
18:43:55.844,0.31
18:43:55.855,0.07
18:43:55.865,0.06
18:43:55.876,0.08
18:43:55.886,0.05
18:43:55.897,0.10
18:43:55.907,0.06
18:43:55.918,0.04
18:43:55.928,0.13
18:43:55.939,0.09
18:43:55.949,0.07
18:43:55.960,0.20
18:43:55.971,0.05
18:43:55.981,0.08
18:43:55.992,0.14
18:43:56.002,0.10
18:43:56.013,0.92
18:43:56.024,2.02
18:43:56.034,0.09
18:43:56.045,0.04
18:43:56.055,0.06
18:43:56.065,0.07
18:43:56.076,0.05
18:43:56.086,0.09
18:43:56.097,0.05
18:43:56.107,0.06
18:43:56.117,0.29
18:43:56.128,0.05
18:43:56.139,0.10
18:43:56.149,3.80
18:43:56.160,0.09
18:43:56.170,0.11
18:43:56.181,0.62
18:43:56.191,0.11
18:43:56.202,0.11
18:43:56.212,0.83
18:43:56.223,0.20
18:43:56.233,0.07
18:43:56.244,0.79
18:43:56.254,0.08
18:43:56.264,0.05
18:43:56.275,0.39
18:43:56.286,0.05
18:43:56.296,0.06
18:43:56.306,0.14
18:43:56.317,0.05
18:43:56.327,0.07
18:43:56.337,0.18
18:43:56.348,0.05
18:43:56.358,0.13
18:43:56.368,0.07
18:43:56.378,0.07
18:43:56.389,0.07
18:43:56.399,0.34
18:43:56.410,0.06
18:43:56.420,0.09
18:43:56.431,0.05
18:43:56.441,0.03
18:43:56.451,1.43
18:43:56.461,0.50
18:43:56.472,0.08
18:43:56.482,0.07
18:43:56.492,0.14
18:43:56.503,0.09
18:43:56.513,0.08
18:43:56.524,0.41
18:43:56.534,0.05
18:43:56.545,0.09
18:43:56.556,0.54
18:43:56.566,0.12
18:43:56.577,0.05
18:43:56.587,0.07
18:43:56.598,0.10
18:43:56.608,0.08
18:43:56.619,0.66
18:43:56.629,0.15
18:43:56.640,0.08
18:43:56.650,0.05
18:43:56.660,0.12
18:43:56.671,0.08
18:43:56.681,0.16
18:43:56.692,0.06
18:43:56.703,0.08
18:43:56.713,0.12
18:43:56.724,0.05
18:43:56.734,0.07
18:43:56.744,0.40
18:43:56.755,0.05
18:43:56.765,0.11
18:43:56.776,0.93
18:43:56.787,0.09
18:43:56.797,0.08
18:43:56.807,0.55
18:43:56.818,0.05
18:43:56.828,0.05
18:43:56.839,0.36
18:43:56.849,0.07
18:43:56.860,0.06
18:43:56.870,0.04
18:43:56.880,0.09
18:43:56.891,0.07
18:43:56.901,0.04
18:43:56.912,0.08
18:43:56.922,0.06
18:43:56.933,0.05
18:43:56.943,0.07
18:43:56.954,0.04
18:43:56.964,0.07
18:43:56.974,0.05
18:43:56.985,0.05
18:43:56.995,0.07
18:43:57.006,0.13
18:43:57.016,0.51
18:43:57.026,0.10
18:43:57.037,0.08
18:43:57.047,0.11
18:43:57.058,0.08
18:43:57.068,0.79
18:43:57.079,0.06
18:43:57.089,0.06
18:43:57.100,0.33
18:43:57.110,0.10
18:43:57.120,0.08
18:43:57.131,0.32
18:43:57.141,0.05
18:43:57.152,0.07
18:43:57.162,0.31
18:43:57.172,0.07
18:43:57.183,0.10
18:43:57.193,0.53
18:43:57.204,0.07
18:43:57.214,0.10
18:43:57.224,0.65
18:43:57.235,0.12
18:43:57.245,0.08
18:43:57.255,0.05
18:43:57.266,0.12
18:43:57.276,0.09
18:43:57.287,0.05
18:43:57.297,0.06
18:43:57.308,0.14
18:43:57.318,0.04
18:43:57.329,0.09
18:43:57.339,0.10
18:43:57.350,3.42
18:43:57.360,0.06
18:43:57.371,0.07
18:43:57.381,0.07
18:43:57.392,0.06
18:43:57.402,0.11
18:43:57.413,0.07
18:43:57.423,0.11
18:43:57.434,0.09
18:43:57.444,0.12
18:43:57.455,0.05
18:43:57.465,0.07
18:43:57.475,0.07
18:43:57.486,0.09
18:43:57.496,0.06
18:43:57.507,0.05
18:43:57.517,0.06
18:43:57.528,0.09
18:43:57.538,0.09
18:43:57.548,0.07
18:43:57.559,0.10
18:43:57.569,0.10
18:43:57.579,0.09
18:43:57.589,0.10
18:43:57.600,0.55
18:43:57.611,0.06
18:43:57.621,0.11
18:43:57.631,0.10
18:43:57.641,0.08
18:43:57.652,1.11
18:43:57.662,0.09
18:43:57.672,0.07
18:43:57.682,0.07
18:43:57.692,0.11
18:43:57.703,0.09
18:43:57.713,0.06
18:43:57.723,0.08
18:43:57.733,0.09
18:43:57.744,0.60
18:43:57.754,0.11
18:43:57.765,0.10
18:43:57.776,0.35
18:43:57.786,0.07
18:43:57.797,0.10
18:43:57.807,0.22
18:43:57.818,0.11
18:43:57.828,0.16
18:43:57.839,0.22
18:43:57.849,0.07
18:43:57.860,0.11
18:43:57.870,0.46
18:43:57.880,0.07
18:43:57.891,0.11
18:43:57.901,0.09
18:43:57.912,0.10
18:43:57.923,0.07
18:43:57.933,0.83
18:43:57.944,0.32
18:43:57.954,0.05
18:43:57.965,0.67
18:43:57.976,0.04
18:43:57.986,0.09
18:43:57.997,0.50
18:43:58.007,0.47
18:43:58.017,0.07
18:43:58.028,0.49
18:43:58.038,0.25
18:43:58.049,0.05
18:43:58.059,0.22
18:43:58.070,0.10
18:43:58.080,0.16
18:43:58.091,0.59
18:43:58.101,0.04
18:43:58.112,0.05
18:43:58.122,0.52
18:43:58.132,0.07
18:43:58.143,0.06
18:43:58.154,0.35
18:43:58.164,0.07
18:43:58.174,0.08
18:43:58.185,0.11
18:43:58.195,0.09
18:43:58.206,0.11
18:43:58.216,0.17
18:43:58.227,0.11
18:43:58.237,0.06
18:43:58.248,0.11
18:43:58.258,0.13
18:43:58.268,0.20
18:43:58.279,0.06
18:43:58.289,0.06
18:43:58.300,0.08
18:43:58.310,0.11
18:43:58.321,0.16
18:43:58.331,0.06
18:43:58.342,0.08
18:43:58.352,0.08
18:43:58.363,0.10
18:43:58.373,0.15
18:43:58.384,0.07
18:43:58.394,0.06
18:43:58.405,0.09
18:43:58.415,0.07
18:43:58.426,0.08
18:43:58.436,0.09
18:43:58.447,0.11
18:43:58.457,0.11
18:43:58.468,0.05
18:43:58.478,0.07
18:43:58.489,0.11
18:43:58.499,0.06
18:43:58.509,0.07
18:43:58.520,0.08
18:43:58.530,0.06
18:43:58.541,0.07
18:43:58.551,0.92
18:43:58.562,0.08
18:43:58.572,0.06
18:43:58.583,0.08
18:43:58.593,0.58
18:43:58.604,0.09
18:43:58.614,0.08
18:43:58.624,0.32
18:43:58.635,0.05
18:43:58.646,0.11
18:43:58.656,0.08
18:43:58.666,0.07
18:43:58.677,0.04
18:43:58.687,0.06
18:43:58.697,0.09
18:43:58.708,0.10
18:43:58.718,0.05
18:43:58.729,0.05
18:43:58.739,0.11
18:43:58.749,0.08
18:43:58.760,0.06
18:43:58.770,0.05
18:43:58.780,0.04
18:43:58.791,0.05
18:43:58.801,0.08
18:43:58.811,0.08
18:43:58.822,0.10
18:43:58.832,0.05
18:43:58.843,0.06
18:43:58.853,0.06
18:43:58.864,0.08
18:43:58.874,0.10
18:43:58.885,0.13
18:43:58.895,0.08
18:43:58.906,0.05
18:43:58.916,0.42
18:43:58.926,0.11
18:43:58.937,0.08
18:43:58.947,0.75
18:43:58.958,0.07
18:43:58.968,0.06
18:43:58.979,0.20
18:43:58.989,0.05
18:43:59.000,0.06
18:43:59.010,0.44
18:43:59.021,0.05
18:43:59.031,0.10
18:43:59.042,0.12
18:43:59.053,0.06
18:43:59.063,0.10
18:43:59.074,0.06
18:43:59.084,0.05
18:43:59.095,0.07
18:43:59.105,0.08
18:43:59.115,0.04
18:43:59.125,0.11
18:43:59.136,0.05
18:43:59.146,0.04
18:43:59.156,0.07
18:43:59.167,0.11
18:43:59.177,0.12
18:43:59.187,0.09
18:43:59.198,0.11
18:43:59.208,0.12
18:43:59.219,0.11
18:43:59.229,0.10
18:43:59.239,0.08
18:43:59.250,0.09
18:43:59.260,0.07
18:43:59.270,0.09
18:43:59.281,0.08
18:43:59.291,0.06
18:43:59.302,0.05
18:43:59.312,0.10
18:43:59.323,0.05
18:43:59.333,0.06
18:43:59.344,0.05
18:43:59.354,0.09
18:43:59.364,0.07
18:43:59.375,0.07
18:43:59.386,0.27
18:43:59.396,0.10
18:43:59.406,0.05
18:43:59.416,0.05
18:43:59.427,0.07
18:43:59.437,0.07
18:43:59.448,0.06
18:43:59.458,0.09
18:43:59.469,0.10
18:43:59.479,0.09
18:43:59.489,0.07
18:43:59.500,0.08
18:43:59.510,0.05
18:43:59.520,0.05
18:43:59.530,0.09
18:43:59.541,0.08
18:43:59.551,0.08
18:43:59.562,0.08
18:43:59.572,0.04
18:43:59.582,0.07
18:43:59.593,0.10
18:43:59.603,0.07
18:43:59.613,0.08
18:43:59.624,0.06
18:43:59.634,0.06
18:43:59.645,0.06
18:43:59.655,0.09
18:43:59.666,0.10
18:43:59.676,0.07
18:43:59.687,0.06
18:43:59.697,0.10
18:43:59.708,0.11
18:43:59.718,0.05
18:43:59.729,0.10
18:43:59.739,0.08
18:43:59.750,1.91
18:43:59.760,0.06
18:43:59.771,0.09
18:43:59.781,0.05
18:43:59.792,0.09
18:43:59.802,0.07
18:43:59.812,0.07
18:43:59.823,0.08
18:43:59.833,0.05
18:43:59.843,0.08
18:43:59.854,0.06
18:43:59.864,0.14
18:43:59.874,0.08
18:43:59.885,0.07
18:43:59.895,0.11
18:43:59.906,0.08
18:43:59.916,0.06
18:43:59.926,0.08
18:43:59.937,0.05
18:43:59.947,0.11
18:43:59.958,0.08
18:43:59.968,0.08
18:43:59.979,0.06
18:43:59.989,0.04
18:44:00.000,0.06
18:44:00.010,4.36
18:44:00.021,0.11
18:44:00.031,0.12
18:44:00.042,4.58
18:44:00.052,3.71
18:44:00.063,0.05
18:44:00.074,0.08
18:44:00.084,0.08
18:44:00.095,0.06
18:44:00.105,0.12
18:44:00.116,0.06
18:44:00.126,0.09
18:44:00.137,0.09
18:44:00.147,0.06
18:44:00.157,0.10
18:44:00.168,0.11
18:44:00.178,0.09
18:44:00.189,0.05
18:44:00.199,0.07
18:44:00.210,0.07
18:44:00.220,0.17
18:44:00.230,0.11
18:44:00.241,0.05
18:44:00.251,0.09
18:44:00.262,0.07
18:44:00.272,0.11
18:44:00.283,0.11
18:44:00.293,0.09
18:44:00.304,0.06
18:44:00.314,0.10
18:44:00.324,0.05
18:44:00.334,0.04
18:44:00.344,0.09
18:44:00.355,0.06
18:44:00.365,0.09
18:44:00.376,0.13
18:44:00.386,0.05
18:44:00.397,0.06
18:44:00.407,0.11
18:44:00.418,0.06
18:44:00.428,0.05
18:44:00.439,0.06
18:44:00.449,0.06
18:44:00.460,0.10
18:44:00.470,0.09
18:44:00.480,0.05
18:44:00.491,0.49
18:44:00.501,0.08
18:44:00.512,0.06
18:44:00.522,0.69
18:44:00.533,0.09
18:44:00.543,0.07
18:44:00.554,0.07
18:44:00.565,0.09
18:44:00.575,0.05
18:44:00.585,0.07
18:44:00.596,0.07
18:44:00.607,0.08
18:44:00.617,0.05
18:44:00.628,0.07
18:44:00.638,0.08
18:44:00.648,3.53
18:44:00.659,0.09
18:44:00.670,0.09
18:44:00.680,0.14
18:44:00.691,0.10
18:44:00.701,0.09
18:44:00.711,0.06
18:44:00.721,0.05
18:44:00.732,0.09
18:44:00.742,0.07
18:44:00.753,0.10
18:44:00.763,0.09
18:44:00.773,0.14
18:44:00.783,0.04
18:44:00.794,0.15
18:44:00.804,0.11
18:44:00.815,0.07
18:44:00.825,0.10
18:44:00.836,0.08
18:44:00.846,0.06
18:44:00.856,0.08
18:44:00.867,0.08
18:44:00.877,0.13
18:44:00.888,0.10
18:44:00.898,0.07
18:44:00.909,0.04
18:44:00.919,0.06
18:44:00.930,0.17
18:44:00.940,0.07
18:44:00.951,2.10
18:44:00.961,0.08
18:44:00.971,0.10
18:44:00.982,0.06
18:44:00.993,0.06
18:44:01.004,0.45
18:44:01.014,0.05
18:44:01.024,0.10
18:44:01.035,0.36
18:44:01.045,0.05
18:44:01.056,0.09
18:44:01.066,0.46
18:44:01.076,0.09
18:44:01.087,0.07
18:44:01.097,0.07
18:44:01.108,0.06
18:44:01.118,0.05
18:44:01.128,0.07
18:44:01.139,0.05
18:44:01.149,0.08
18:44:01.160,0.12
18:44:01.170,0.07
18:44:01.181,0.04
18:44:01.191,0.07
18:44:01.202,0.11
18:44:01.212,0.15
18:44:01.222,0.11
18:44:01.233,0.12
18:44:01.243,0.07
18:44:01.254,0.05
18:44:01.264,0.11
18:44:01.275,0.07
18:44:01.285,0.15
18:44:01.296,0.08
18:44:01.306,0.04
18:44:01.317,0.36
18:44:01.327,0.12
18:44:01.338,0.07
18:44:01.348,1.00
18:44:01.359,0.08
18:44:01.369,0.07
18:44:01.379,0.69
18:44:01.390,0.09
18:44:01.400,0.09
18:44:01.411,0.65
18:44:01.421,0.08
18:44:01.431,0.05
18:44:01.442,0.29
18:44:01.452,0.09
18:44:01.463,0.07
18:44:01.473,0.28
18:44:01.483,0.10
18:44:01.494,0.10
18:44:01.504,0.45
18:44:01.515,0.05
18:44:01.526,0.07
18:44:01.536,0.09
18:44:01.547,0.10
18:44:01.557,0.09
18:44:01.568,0.05
18:44:01.578,0.07
18:44:01.588,0.04
18:44:01.599,0.10
18:44:01.609,0.04
18:44:01.620,0.06
18:44:01.630,0.06
18:44:01.641,0.07
18:44:01.651,0.05
18:44:01.661,0.12
18:44:01.672,0.08
18:44:01.682,0.09
18:44:01.693,0.06
18:44:01.703,0.07
18:44:01.714,0.08
18:44:01.724,0.08
18:44:01.734,0.10
18:44:01.745,0.06
18:44:01.755,0.05
18:44:01.766,0.09
18:44:01.776,0.08
18:44:01.786,0.05
18:44:01.797,0.07
18:44:01.807,0.09
18:44:01.818,0.57
18:44:01.828,0.08
18:44:01.839,0.05
18:44:01.849,3.42
18:44:01.860,0.06
18:44:01.870,0.10
18:44:01.881,0.40
18:44:01.891,0.12
18:44:01.901,0.09
18:44:01.912,0.50
18:44:01.922,0.08
18:44:01.933,0.07
18:44:01.943,0.07
18:44:01.954,0.07
18:44:01.964,0.09
18:44:01.974,0.06
18:44:01.985,0.04
18:44:01.995,0.08
18:44:02.005,6.92
18:44:02.016,6.59
18:44:02.027,0.08
18:44:02.037,0.09
18:44:02.047,0.09
18:44:02.058,0.07
18:44:02.069,0.09
18:44:02.079,0.58
18:44:02.089,0.08
18:44:02.100,0.06
18:44:02.111,0.79
18:44:02.121,0.05
18:44:02.132,0.08
18:44:02.142,0.35
18:44:02.153,0.04
18:44:02.163,0.10
18:44:02.174,0.57
18:44:02.184,0.04
18:44:02.195,0.11
18:44:02.205,0.43
18:44:02.215,0.17
18:44:02.226,0.13
18:44:02.236,0.87
18:44:02.246,0.14
18:44:02.257,0.07
18:44:02.267,0.39
18:44:02.278,0.09
18:44:02.288,0.06
18:44:02.298,0.14
18:44:02.309,0.11
18:44:02.320,0.09
18:44:02.330,0.06
18:44:02.340,0.08
18:44:02.350,0.04
18:44:02.361,0.08
18:44:02.371,0.10
18:44:02.382,0.09
18:44:02.392,0.12
18:44:02.403,0.10
18:44:02.413,0.07
18:44:02.423,0.59
18:44:02.434,0.11
18:44:02.444,0.11
18:44:02.455,0.18
18:44:02.465,0.09
18:44:02.476,0.07
18:44:02.486,0.08
18:44:02.496,0.09
18:44:02.507,0.06
18:44:02.517,0.08
18:44:02.528,0.09
18:44:02.538,0.07
18:44:02.548,0.06
18:44:02.559,0.07
18:44:02.569,0.07
18:44:02.580,0.12
18:44:02.590,0.08
18:44:02.601,0.12
18:44:02.611,0.08
18:44:02.621,0.06
18:44:02.632,0.09
18:44:02.642,0.05
18:44:02.652,0.06
18:44:02.663,0.11
18:44:02.673,0.08
18:44:02.684,0.09
18:44:02.694,0.10
18:44:02.704,0.07
18:44:02.715,0.71
18:44:02.725,0.08
18:44:02.736,0.07
18:44:02.747,0.06
18:44:02.757,0.07
18:44:02.768,0.10
18:44:02.778,0.90
18:44:02.789,0.17
18:44:02.799,0.08
18:44:02.809,0.05
18:44:02.819,0.07
18:44:02.830,0.11
18:44:02.840,0.53
18:44:02.851,0.06
18:44:02.861,0.08
18:44:02.872,0.38
18:44:02.882,0.67
18:44:02.893,0.11
18:44:02.903,0.09
18:44:02.914,0.07
18:44:02.925,0.08
18:44:02.935,0.05
18:44:02.945,0.04
18:44:02.956,0.08
18:44:02.966,0.06
18:44:02.977,0.13
18:44:02.987,0.12
18:44:02.998,0.07
18:44:03.008,0.11
18:44:03.019,1.52
18:44:03.029,2.11
18:44:03.042,0.05
18:44:03.053,0.05
18:44:03.063,0.10
18:44:03.073,0.08
18:44:03.084,0.09
18:44:03.094,0.15
18:44:03.105,0.07
18:44:03.115,0.07
18:44:03.126,0.05
18:44:03.136,0.06
18:44:03.146,0.08
18:44:03.156,0.10
18:44:03.167,0.12
18:44:03.177,0.08
18:44:03.188,0.04
18:44:03.198,0.06
18:44:03.209,0.06
18:44:03.219,0.07
18:44:03.229,0.07
18:44:03.240,0.11
18:44:03.250,0.07
18:44:03.261,0.11
18:44:03.272,0.10
18:44:03.282,0.10
18:44:03.293,0.08
18:44:03.303,0.10
18:44:03.314,0.11
18:44:03.324,0.09
18:44:03.334,0.10
18:44:03.345,0.06
18:44:03.355,0.21
18:44:03.366,0.10
18:44:03.376,0.05
18:44:03.387,0.07
18:44:03.397,0.07
18:44:03.408,0.11
18:44:03.418,0.07
18:44:03.429,0.10
18:44:03.439,0.23
18:44:03.450,0.09
18:44:03.460,0.08
18:44:03.471,0.11
18:44:03.481,0.09
18:44:03.492,0.09
18:44:03.502,0.09
18:44:03.513,0.10
18:44:03.523,0.06
18:44:03.534,0.10
18:44:03.544,0.07
18:44:03.555,0.07
18:44:03.565,0.07
18:44:03.576,0.05
18:44:03.586,0.05
18:44:03.596,0.11
18:44:03.607,0.07
18:44:03.617,0.10
18:44:03.628,0.10
18:44:03.639,0.05
18:44:03.649,3.36
18:44:03.660,0.07
18:44:03.670,0.09
18:44:03.681,0.50
18:44:03.691,0.36
18:44:03.702,0.33
18:44:03.712,0.28
18:44:03.723,0.09
18:44:03.733,0.06
18:44:03.744,0.37
18:44:03.754,0.61
18:44:03.765,0.10
18:44:03.775,0.61
18:44:03.786,0.07
18:44:03.796,0.09
18:44:03.806,0.77
18:44:03.817,0.12
18:44:03.828,0.08
18:44:03.838,0.35
18:44:03.848,0.08
18:44:03.859,0.11
18:44:03.869,1.23
18:44:03.880,0.04
18:44:03.890,0.08
18:44:03.901,0.11
18:44:03.911,0.13
18:44:03.922,0.14
18:44:03.932,0.56
18:44:03.943,0.09
18:44:03.953,0.10
18:44:03.964,0.74
18:44:03.974,0.06
18:44:03.985,0.07
18:44:03.995,0.54
18:44:04.005,0.04
18:44:04.016,2.01
18:44:04.026,0.10
18:44:04.037,0.15
18:44:04.047,0.08
18:44:04.058,0.39
18:44:04.068,0.07
18:44:04.079,0.09
18:44:04.089,0.99
18:44:04.100,0.11
18:44:04.110,0.10
18:44:04.121,0.66
18:44:04.131,0.08
18:44:04.141,0.07
18:44:04.152,0.11
18:44:04.162,0.07
18:44:04.172,0.06
18:44:04.183,0.42
18:44:04.193,0.07
18:44:04.203,0.10
18:44:04.214,0.74
18:44:04.224,0.15
18:44:04.235,0.24
18:44:04.245,0.52
18:44:04.256,0.04
18:44:04.266,0.09
18:44:04.277,0.81
18:44:04.287,0.07
18:44:04.298,0.10
18:44:04.308,0.56
18:44:04.318,0.05
18:44:04.329,0.07
18:44:04.340,0.36
18:44:04.350,0.07
18:44:04.360,0.07
18:44:04.371,0.40
18:44:04.381,0.08
18:44:04.392,0.10
18:44:04.402,0.07
18:44:04.413,0.05
18:44:04.423,0.06
18:44:04.433,0.07
18:44:04.444,0.04
18:44:04.454,0.04
18:44:04.464,0.08
18:44:04.474,0.08
18:44:04.485,0.05
18:44:04.496,0.08
18:44:04.506,0.08
18:44:04.517,0.13
18:44:04.527,0.10
18:44:04.538,0.08
18:44:04.548,0.10
18:44:04.559,0.13
18:44:04.569,0.10
18:44:04.580,0.11
18:44:04.590,0.10
18:44:04.600,0.06
18:44:04.611,0.05
18:44:04.621,0.05
18:44:04.632,0.10
18:44:04.642,0.09
18:44:04.653,0.08
18:44:04.663,0.07
18:44:04.673,0.04
18:44:04.684,0.04
18:44:04.694,0.07
18:44:04.705,0.07
18:44:04.715,0.11
18:44:04.726,0.11
18:44:04.736,0.11
18:44:04.747,0.07
18:44:04.757,0.11
18:44:04.768,0.12
18:44:04.778,0.05
18:44:04.789,0.06
18:44:04.799,0.10
18:44:04.809,0.10
18:44:04.820,0.12
18:44:04.830,0.14
18:44:04.840,0.08
18:44:04.851,1.44
18:44:04.862,0.11
18:44:04.872,0.09
18:44:04.883,0.05
18:44:04.893,0.10
18:44:04.903,0.07
18:44:04.914,0.09
18:44:04.924,0.08
18:44:04.934,0.06
18:44:04.945,0.73
18:44:04.955,0.07
18:44:04.966,0.08
18:44:04.976,0.76
18:44:04.987,0.09
18:44:04.997,0.08
18:44:05.008,0.55
18:44:05.018,0.09
18:44:05.029,0.08
18:44:05.039,0.13
18:44:05.050,0.07
18:44:05.060,0.11
18:44:05.071,0.90
18:44:05.081,0.09
18:44:05.092,0.11
18:44:05.102,0.52
18:44:05.112,0.15
18:44:05.123,0.10
18:44:05.133,0.45
18:44:05.144,0.36
18:44:05.154,0.06
18:44:05.165,0.56
18:44:05.175,0.14
18:44:05.186,0.10
18:44:05.196,0.08
18:44:05.207,0.10
18:44:05.217,0.19
18:44:05.228,0.08
18:44:05.238,0.12
18:44:05.249,0.10
18:44:05.259,0.11
18:44:05.270,0.11
18:44:05.280,0.12
18:44:05.291,0.36
18:44:05.301,0.12
18:44:05.311,0.08
18:44:05.322,0.10
18:44:05.332,0.12
18:44:05.343,0.10
18:44:05.354,0.10
18:44:05.364,0.11
18:44:05.374,0.12
18:44:05.385,0.09
18:44:05.395,0.07
18:44:05.406,0.08
18:44:05.416,0.09
18:44:05.427,0.11
18:44:05.437,0.10
18:44:05.448,0.08
18:44:05.458,0.05
18:44:05.468,0.07
18:44:05.479,0.06
18:44:05.489,0.06
18:44:05.500,0.06
18:44:05.510,0.09
18:44:05.521,0.08
18:44:05.531,0.10
18:44:05.542,0.09
18:44:05.553,0.10
18:44:05.563,0.12
18:44:05.573,0.08
18:44:05.584,0.06
18:44:05.594,0.11
18:44:05.605,0.07
18:44:05.615,0.05
18:44:05.626,0.12
18:44:05.636,0.08
18:44:05.646,0.05
18:44:05.657,0.10
18:44:05.667,0.16
18:44:05.678,0.45
18:44:05.689,0.07
18:44:05.699,0.09
18:44:05.709,0.27
18:44:05.720,0.09
18:44:05.730,0.12
18:44:05.740,0.51
18:44:05.751,1.88
18:44:05.761,0.07
18:44:05.771,0.58
18:44:05.782,0.10
18:44:05.793,0.11
18:44:05.803,0.09
18:44:05.814,0.05
18:44:05.824,0.10
18:44:05.834,0.37
18:44:05.845,0.08
18:44:05.855,0.06
18:44:05.866,0.07
18:44:05.876,0.08
18:44:05.887,0.07
18:44:05.897,0.10
18:44:05.907,0.06
18:44:05.918,0.05
18:44:05.928,0.09
18:44:05.939,0.08
18:44:05.950,0.09
18:44:05.960,0.09
18:44:05.970,0.08
18:44:05.980,0.05
18:44:05.991,0.05
18:44:06.001,0.08
18:44:06.012,0.19
18:44:06.022,0.14
18:44:06.033,0.07
18:44:06.043,0.17
18:44:06.054,0.09
18:44:06.064,0.08
18:44:06.075,0.07
18:44:06.085,0.08
18:44:06.095,0.08
18:44:06.106,0.10
18:44:06.116,0.06
18:44:06.127,0.06
18:44:06.137,0.12
18:44:06.148,0.09
18:44:06.159,0.05
18:44:06.169,0.06
18:44:06.179,0.06
18:44:06.190,0.05
18:44:06.200,0.07
18:44:06.211,0.15
18:44:06.221,0.09
18:44:06.232,0.08
18:44:06.242,0.10
18:44:06.253,0.08
18:44:06.263,0.11
18:44:06.274,0.07
18:44:06.284,0.11
18:44:06.294,0.08
18:44:06.305,0.05
18:44:06.315,0.07
18:44:06.325,0.12
18:44:06.336,0.10
18:44:06.346,0.07
18:44:06.356,0.09
18:44:06.366,0.07
18:44:06.377,0.07
18:44:06.387,0.10
18:44:06.397,0.08
18:44:06.408,0.12
18:44:06.418,0.13
18:44:06.429,0.09
18:44:06.440,0.08
18:44:06.450,0.05
18:44:06.460,0.07
18:44:06.470,0.07
18:44:06.481,0.06
18:44:06.491,0.09
18:44:06.502,0.06
18:44:06.512,0.15
18:44:06.523,0.08
18:44:06.533,0.09
18:44:06.544,0.10
18:44:06.554,0.07
18:44:06.565,0.09
18:44:06.575,0.11
18:44:06.586,0.05
18:44:06.596,0.07
18:44:06.607,0.07
18:44:06.617,0.14
18:44:06.628,0.08
18:44:06.638,0.06
18:44:06.648,0.05
18:44:06.659,0.07
18:44:06.669,0.06
18:44:06.680,0.06
18:44:06.690,0.12
18:44:06.700,0.07
18:44:06.711,0.11
18:44:06.721,0.08
18:44:06.731,0.08
18:44:06.742,0.06
18:44:06.752,0.09
18:44:06.763,0.08
18:44:06.773,0.08
18:44:06.784,0.04
18:44:06.794,0.12
18:44:06.805,0.13
18:44:06.815,0.07
18:44:06.825,0.09
18:44:06.836,0.07
18:44:06.846,0.04
18:44:06.857,0.07
18:44:06.867,0.08
18:44:06.878,0.11
18:44:06.888,0.10
18:44:06.899,0.06
18:44:06.909,0.09
18:44:06.920,0.05
18:44:06.930,0.08
18:44:06.940,0.09
18:44:06.951,2.49
18:44:06.961,0.09
18:44:06.972,0.08
18:44:06.982,0.05
18:44:06.992,0.12
18:44:07.003,0.11
18:44:07.013,0.40
18:44:07.024,0.08
18:44:07.034,0.09
18:44:07.045,0.05
18:44:07.055,0.06
18:44:07.066,0.07
18:44:07.076,0.06
18:44:07.086,0.09
18:44:07.097,0.07
18:44:07.107,0.08
18:44:07.117,0.04
18:44:07.128,0.05
18:44:07.138,0.07
18:44:07.149,0.09
18:44:07.160,0.07
18:44:07.170,0.06
18:44:07.181,0.06
18:44:07.191,0.59
18:44:07.202,0.05
18:44:07.212,0.22
18:44:07.223,0.13
18:44:07.233,0.06
18:44:07.243,0.09
18:44:07.254,0.82
18:44:07.264,0.13
18:44:07.275,0.08
18:44:07.285,0.35
18:44:07.296,0.08
18:44:07.306,0.11
18:44:07.316,0.38
18:44:07.327,0.12
18:44:07.337,0.11
18:44:07.348,0.19
18:44:07.358,0.08
18:44:07.369,0.08
18:44:07.379,0.19
18:44:07.390,0.08
18:44:07.400,0.09
18:44:07.411,0.58
18:44:07.421,0.08
18:44:07.431,0.07
18:44:07.442,0.36
18:44:07.453,0.13
18:44:07.463,0.08
18:44:07.474,0.75
18:44:07.484,0.07
18:44:07.495,0.08
18:44:07.506,0.04
18:44:07.516,0.07
18:44:07.527,0.09
18:44:07.537,0.05
18:44:07.548,0.11
18:44:07.558,0.11
18:44:07.569,0.13
18:44:07.579,0.06
18:44:07.589,0.09
18:44:07.600,0.08
18:44:07.610,0.06
18:44:07.621,0.08
18:44:07.631,0.37
18:44:07.641,0.05
18:44:07.652,0.06
18:44:07.662,0.19
18:44:07.672,0.11
18:44:07.683,0.07
18:44:07.694,0.88
18:44:07.704,0.09
18:44:07.714,0.08
18:44:07.725,0.07
18:44:07.735,0.12
18:44:07.746,0.06
18:44:07.756,0.08
18:44:07.767,0.07
18:44:07.777,0.10
18:44:07.787,0.24
18:44:07.798,0.07
18:44:07.808,0.10
18:44:07.818,0.07
18:44:07.829,0.13
18:44:07.839,0.07
18:44:07.850,2.69
18:44:07.860,0.08
18:44:07.871,0.05
18:44:07.881,0.07
18:44:07.891,0.08
18:44:07.902,0.08
18:44:07.913,0.04
18:44:07.923,0.07
18:44:07.933,0.12
18:44:07.944,0.07
18:44:07.954,0.07
18:44:07.965,0.08
18:44:07.975,0.10
18:44:07.985,0.10
18:44:07.996,0.09
18:44:08.006,4.41
18:44:08.017,0.78
18:44:08.027,0.19
18:44:08.038,0.09
18:44:08.048,0.08
18:44:08.059,0.12
18:44:08.069,0.08
18:44:08.079,0.05
18:44:08.090,0.08
18:44:08.100,0.10
18:44:08.111,0.05
18:44:08.122,0.16
18:44:08.132,0.06
18:44:08.143,0.09
18:44:08.153,0.05
18:44:08.164,0.10
18:44:08.174,0.08
18:44:08.185,0.07
18:44:08.195,0.09
18:44:08.206,0.07
18:44:08.216,0.09
18:44:08.226,0.07
18:44:08.237,0.10
18:44:08.247,0.06
18:44:08.257,0.07
18:44:08.268,0.06
18:44:08.278,0.06
18:44:08.289,0.10
18:44:08.300,0.05
18:44:08.310,0.07
18:44:08.321,0.04
18:44:08.331,0.06
18:44:08.341,0.06
18:44:08.352,0.05
18:44:08.362,0.05
18:44:08.372,0.08
18:44:08.383,0.06
18:44:08.393,0.62
18:44:08.403,0.09
18:44:08.414,0.06
18:44:08.424,0.71
18:44:08.435,0.06
18:44:08.445,0.04
18:44:08.456,0.86
18:44:08.466,0.09
18:44:08.476,0.06
18:44:08.487,0.10
18:44:08.497,0.09
18:44:08.508,0.07
18:44:08.518,0.09
18:44:08.528,0.09
18:44:08.539,0.11
18:44:08.549,0.83
18:44:08.560,0.10
18:44:08.571,0.09
18:44:08.581,0.17
18:44:08.591,0.10
18:44:08.602,0.10
18:44:08.612,0.54
18:44:08.623,0.07
18:44:08.633,0.07
18:44:08.644,0.56
18:44:08.654,0.40
18:44:08.665,0.08
18:44:08.675,1.21
18:44:08.686,0.08
18:44:08.696,0.09
18:44:08.707,0.44
18:44:08.717,0.10
18:44:08.728,0.09
18:44:08.738,0.07
18:44:08.749,3.41
18:44:08.759,0.11
18:44:08.769,0.08
18:44:08.780,0.10
18:44:08.791,0.13
18:44:08.801,0.07
18:44:08.812,0.11
18:44:08.822,0.09
18:44:08.833,0.11
18:44:08.843,0.07
18:44:08.854,0.07
18:44:08.864,0.07
18:44:08.875,0.04
18:44:08.885,0.10
18:44:08.895,0.07
18:44:08.906,0.06
18:44:08.916,0.10
18:44:08.927,0.08
18:44:08.937,0.07
18:44:08.948,0.07
18:44:08.958,0.07
18:44:08.968,0.06
18:44:08.979,0.09
18:44:08.989,0.06
18:44:09.000,0.05
18:44:09.010,0.18
18:44:09.021,0.09
18:44:09.031,0.08
18:44:09.041,0.07
18:44:09.051,1.52
18:44:09.062,0.10
18:44:09.072,0.08
18:44:09.083,0.05
18:44:09.093,0.08
18:44:09.104,0.08
18:44:09.114,0.05
18:44:09.124,0.07
18:44:09.135,0.08
18:44:09.145,0.04
18:44:09.156,0.06
18:44:09.166,0.13
18:44:09.177,0.06
18:44:09.187,0.06
18:44:09.198,0.13
18:44:09.208,0.15
18:44:09.218,0.08
18:44:09.228,0.08
18:44:09.239,0.07
18:44:09.249,0.08
18:44:09.259,0.11
18:44:09.270,0.05
18:44:09.280,0.06
18:44:09.291,0.06
18:44:09.301,0.07
18:44:09.312,0.09
18:44:09.322,0.07
18:44:09.333,0.06
18:44:09.343,0.11
18:44:09.354,0.07
18:44:09.364,0.08
18:44:09.375,0.10
18:44:09.385,0.11
18:44:09.396,0.06
18:44:09.406,0.06
18:44:09.417,0.10
18:44:09.427,0.05
18:44:09.437,0.07
18:44:09.447,0.07
18:44:09.458,0.07
18:44:09.468,0.10
18:44:09.479,0.07
18:44:09.489,0.06
18:44:09.499,0.09
18:44:09.510,0.11
18:44:09.520,0.06
18:44:09.530,0.17
18:44:09.541,0.07
18:44:09.551,0.08
18:44:09.562,0.98
18:44:09.573,0.12
18:44:09.583,0.05
18:44:09.593,0.69
18:44:09.604,0.06
18:44:09.614,0.07
18:44:09.625,0.54
18:44:09.635,0.09
18:44:09.646,0.05
18:44:09.656,1.12
18:44:09.667,0.13
18:44:09.677,0.08
18:44:09.687,0.55
18:44:09.698,0.10
18:44:09.708,0.12
18:44:09.719,0.39
18:44:09.729,0.10
18:44:09.740,0.12
18:44:09.750,0.06
18:44:09.761,0.14
18:44:09.771,0.09
18:44:09.782,0.07
18:44:09.792,0.08
18:44:09.802,0.08
18:44:09.813,0.07
18:44:09.824,0.14
18:44:09.834,0.08
18:44:09.845,0.05
18:44:09.855,0.17
18:44:09.865,0.08
18:44:09.876,0.06
18:44:09.886,0.06
18:44:09.897,0.11
18:44:09.907,0.05
18:44:09.918,0.08
18:44:09.928,0.08
18:44:09.938,0.09
18:44:09.949,0.10
18:44:09.959,0.09
18:44:09.969,0.06
18:44:09.980,0.09
18:44:09.990,0.08
18:44:10.001,0.10
18:44:10.011,0.39
18:44:10.021,0.15
18:44:10.032,0.11
18:44:10.043,0.76
18:44:10.053,0.12
18:44:10.063,0.08
18:44:10.074,0.07
18:44:10.084,0.08
18:44:10.094,0.06
18:44:10.105,0.07
18:44:10.115,0.05
18:44:10.126,0.07
18:44:10.137,0.09
18:44:10.147,0.07
18:44:10.157,0.05
18:44:10.167,0.09
18:44:10.178,0.12
18:44:10.188,0.07
18:44:10.199,0.06
18:44:10.209,0.10
18:44:10.220,0.06
18:44:10.230,0.11
18:44:10.240,0.13
18:44:10.251,2.02
18:44:10.261,0.07
18:44:10.272,0.09
18:44:10.282,0.07
18:44:10.293,0.12
18:44:10.303,0.06
18:44:10.314,0.09
18:44:10.324,0.07
18:44:10.335,0.06
18:44:10.346,0.05
18:44:10.356,0.05
18:44:10.367,0.13
18:44:10.377,0.08
18:44:10.388,0.09
18:44:10.398,0.06
18:44:10.409,0.07
18:44:10.419,0.26
18:44:10.430,0.12
18:44:10.440,0.10
18:44:10.451,0.49
18:44:10.462,0.07
18:44:10.472,0.05
18:44:10.482,0.28
18:44:10.493,0.07
18:44:10.503,0.17
18:44:10.514,0.50
18:44:10.524,0.05
18:44:10.534,0.07
18:44:10.545,0.06
18:44:10.555,0.07
18:44:10.566,0.13
18:44:10.577,0.28
18:44:10.587,0.07
18:44:10.597,0.10
18:44:10.608,0.09
18:44:10.619,0.06
18:44:10.629,0.07
18:44:10.640,0.11
18:44:10.651,0.07
18:44:10.661,0.09
18:44:10.671,0.83
18:44:10.682,0.07
18:44:10.692,0.09
18:44:10.703,0.46
18:44:10.713,0.09
18:44:10.723,0.10
18:44:10.734,0.79
18:44:10.744,0.07
18:44:10.754,0.09
18:44:10.765,0.76
18:44:10.775,0.11
18:44:10.786,0.12
18:44:10.796,0.38
18:44:10.807,0.14
18:44:10.820,0.09
18:44:10.830,0.09
18:44:10.841,0.08
18:44:10.851,2.76
18:44:10.862,0.10
18:44:10.872,0.07
18:44:10.883,0.10
18:44:10.893,0.09
18:44:10.904,0.07
18:44:10.915,0.10
18:44:10.926,0.11
18:44:10.936,0.50
18:44:10.947,0.08
18:44:10.957,0.08
18:44:10.968,0.06
18:44:10.978,0.13
18:44:10.988,0.18
18:44:10.999,0.06
18:44:11.009,0.05
18:44:11.020,1.51
18:44:11.030,3.60
18:44:11.040,0.05
18:44:11.051,0.07
18:44:11.062,0.47
18:44:11.072,0.18
18:44:11.082,0.07
18:44:11.093,0.89
18:44:11.103,0.08
18:44:11.114,0.10
18:44:11.124,0.58
18:44:11.135,0.07
18:44:11.145,0.07
18:44:11.156,0.05
18:44:11.166,0.09
18:44:11.177,0.09
18:44:11.187,0.04
18:44:11.197,0.11
18:44:11.208,0.07
18:44:11.218,0.15
18:44:11.229,0.09
18:44:11.239,0.09
18:44:11.250,0.12
18:44:11.260,0.08
18:44:11.270,0.06
18:44:11.281,0.08
18:44:11.291,0.07
18:44:11.302,0.10
18:44:11.312,0.93
18:44:11.323,0.08
18:44:11.333,0.11
18:44:11.343,0.47
18:44:11.354,0.12
18:44:11.364,0.07
18:44:11.375,0.27
18:44:11.385,0.12
18:44:11.396,0.08
18:44:11.406,0.82
18:44:11.417,0.22
18:44:11.427,0.07
18:44:11.438,0.44
18:44:11.448,0.09
18:44:11.459,0.07
18:44:11.469,0.97
18:44:11.480,0.06
18:44:11.490,0.09
18:44:11.501,0.51
18:44:11.511,0.05
18:44:11.522,0.07
18:44:11.532,0.52
18:44:11.543,0.07
18:44:11.553,0.05
18:44:11.563,0.20
18:44:11.574,0.04
18:44:11.584,0.06
18:44:11.594,0.28
18:44:11.605,0.08
18:44:11.615,0.06
18:44:11.626,1.32
18:44:11.636,0.07
18:44:11.647,0.09
18:44:11.657,0.53
18:44:11.668,0.09
18:44:11.678,0.05
18:44:11.688,0.57
18:44:11.698,0.06
18:44:11.709,0.10
18:44:11.719,0.27
18:44:11.730,0.06
18:44:11.740,0.12
18:44:11.751,2.01
18:44:11.761,0.08
18:44:11.772,0.09
18:44:11.782,0.81
18:44:11.792,0.13
18:44:11.803,0.10
18:44:11.813,0.27
18:44:11.824,0.10
18:44:11.834,0.10
18:44:11.844,0.87
18:44:11.855,0.08
18:44:11.865,0.10
18:44:11.875,0.48
18:44:11.886,0.04
18:44:11.896,0.07
18:44:11.906,0.52
18:44:11.917,0.05
18:44:11.927,0.08
18:44:11.937,0.28
18:44:11.948,0.08
18:44:11.958,0.06
18:44:11.969,0.30
18:44:11.979,0.09
18:44:11.990,0.07
18:44:12.001,0.11
18:44:12.011,0.05
18:44:12.022,0.06
18:44:12.032,2.13
18:44:12.043,0.06
18:44:12.053,0.99
18:44:12.063,0.79
18:44:12.074,0.12
18:44:12.084,0.07
18:44:12.095,0.64
18:44:12.105,0.09
18:44:12.116,0.09
18:44:12.127,0.16
18:44:12.137,0.10
18:44:12.147,0.11
18:44:12.158,0.49
18:44:12.168,0.07
18:44:12.179,0.07
18:44:12.189,0.62
18:44:12.199,0.11
18:44:12.210,0.08
18:44:12.220,0.80
18:44:12.231,0.10
18:44:12.241,0.07
18:44:12.251,0.31
18:44:12.262,0.08
18:44:12.273,0.08
18:44:12.283,0.91
18:44:12.294,0.03
18:44:12.304,0.06
18:44:12.315,0.28
18:44:12.326,0.05
18:44:12.336,0.08
18:44:12.346,0.04
18:44:12.357,0.07
18:44:12.367,0.11
18:44:12.377,0.07
18:44:12.388,0.05
18:44:12.398,0.10
18:44:12.409,0.94
18:44:12.419,0.06
18:44:12.430,0.06
18:44:12.440,0.45
18:44:12.451,0.09
18:44:12.461,0.17
18:44:12.472,0.13
18:44:12.482,0.14
18:44:12.493,0.08
18:44:12.503,0.53
18:44:12.513,0.12
18:44:12.524,0.08
18:44:12.534,0.24
18:44:12.545,0.08
18:44:12.555,0.09
18:44:12.566,0.35
18:44:12.576,0.07
18:44:12.587,0.06
18:44:12.597,0.08
18:44:12.608,0.06
18:44:12.618,0.08
18:44:12.629,0.11
18:44:12.639,0.09
18:44:12.650,3.78
18:44:12.660,0.09
18:44:12.671,0.05
18:44:12.681,0.10
18:44:12.691,0.10
18:44:12.702,0.09
18:44:12.713,0.07
18:44:12.723,0.06
18:44:12.733,0.10
18:44:12.743,0.05
18:44:12.754,0.09
18:44:12.764,0.07
18:44:12.775,0.06
18:44:12.785,0.05
18:44:12.795,0.09
18:44:12.806,0.08
18:44:12.816,0.12
18:44:12.827,0.09
18:44:12.837,0.07
18:44:12.848,0.08
18:44:12.858,0.16
18:44:12.868,0.10
18:44:12.878,0.10
18:44:12.889,0.07
18:44:12.900,0.10
18:44:12.910,0.06
18:44:12.920,0.10
18:44:12.931,0.07
18:44:12.941,0.08
18:44:12.951,0.84
18:44:12.961,0.13
18:44:12.972,0.08
18:44:12.982,0.12
18:44:12.993,0.08
18:44:13.003,0.90
18:44:13.014,0.17
18:44:13.024,0.10
18:44:13.034,0.07
18:44:13.045,0.06
18:44:13.055,0.13
18:44:13.066,0.10
18:44:13.076,0.10
18:44:13.087,0.07
18:44:13.097,0.08
18:44:13.108,0.07
18:44:13.118,0.14
18:44:13.129,0.09
18:44:13.140,0.06
18:44:13.150,0.09
18:44:13.160,0.07
18:44:13.170,0.08
18:44:13.181,0.08
18:44:13.191,0.09
18:44:13.202,0.10
18:44:13.212,0.13
18:44:13.223,0.07
18:44:13.233,0.10
18:44:13.243,0.08
18:44:13.254,0.07
18:44:13.264,0.15
18:44:13.274,0.11
18:44:13.285,0.09
18:44:13.295,0.08
18:44:13.306,0.06
18:44:13.317,0.06
18:44:13.327,0.09
18:44:13.338,0.12
18:44:13.348,0.08
18:44:13.358,0.09
18:44:13.368,0.07
18:44:13.378,0.05
18:44:13.389,0.08
18:44:13.399,0.13
18:44:13.409,0.10
18:44:13.420,0.07
18:44:13.430,0.10
18:44:13.440,0.05
18:44:13.451,0.07
18:44:13.461,0.09
18:44:13.471,0.05
18:44:13.482,0.09
18:44:13.492,0.11
18:44:13.502,0.09
18:44:13.513,0.06
18:44:13.523,0.05
18:44:13.534,0.35
18:44:13.544,0.16
18:44:13.555,0.09
18:44:13.565,0.08
18:44:13.576,0.06
18:44:13.586,0.07
18:44:13.596,0.69
18:44:13.607,0.04
18:44:13.617,0.08
18:44:13.627,0.09
18:44:13.638,0.05
18:44:13.648,0.14
18:44:13.659,0.08
18:44:13.669,0.08
18:44:13.680,0.10
18:44:13.690,0.05
18:44:13.701,0.07
18:44:13.711,0.07
18:44:13.722,0.06
18:44:13.732,0.06
18:44:13.743,0.09
18:44:13.753,0.08
18:44:13.763,0.09
18:44:13.774,0.09
18:44:13.784,0.06
18:44:13.794,0.08
18:44:13.805,0.08
18:44:13.815,0.06
18:44:13.826,0.07
18:44:13.836,0.13
18:44:13.847,0.07
18:44:13.857,0.08
18:44:13.868,0.11
18:44:13.878,0.07
18:44:13.888,0.05
18:44:13.899,0.12
18:44:13.909,0.06
18:44:13.920,0.09
18:44:13.930,0.07
18:44:13.940,0.06
18:44:13.951,0.04
18:44:13.961,0.08
18:44:13.972,0.06
18:44:13.982,0.13
18:44:13.993,0.09
18:44:14.003,0.07
18:44:14.014,0.60
18:44:14.024,6.43
18:44:14.034,0.08
18:44:14.045,0.12
18:44:14.055,0.05
18:44:14.066,0.08
18:44:14.076,0.18
18:44:14.087,0.09
18:44:14.097,0.08
18:44:14.108,0.08
18:44:14.119,0.08
18:44:14.129,0.07
18:44:14.140,0.07
18:44:14.150,2.84
18:44:14.161,0.07
18:44:14.171,0.06
18:44:14.182,0.05
18:44:14.192,0.06
18:44:14.202,0.04
18:44:14.213,0.07
18:44:14.223,0.11
18:44:14.233,0.07
18:44:14.244,0.07
18:44:14.254,0.08
18:44:14.264,0.10
18:44:14.274,0.08
18:44:14.285,0.08
18:44:14.295,0.11
18:44:14.305,0.13
18:44:14.316,0.06
18:44:14.326,0.08
18:44:14.336,0.05
18:44:14.347,0.09
18:44:14.357,0.05
18:44:14.367,0.08
18:44:14.378,0.09
18:44:14.389,0.07
18:44:14.399,0.07
18:44:14.410,0.07
18:44:14.420,0.07
18:44:14.431,0.05
18:44:14.441,0.05
18:44:14.452,0.09
18:44:14.462,0.10
18:44:14.473,0.07
18:44:14.483,0.09
18:44:14.493,0.10
18:44:14.503,0.09
18:44:14.514,0.10
18:44:14.524,0.27
18:44:14.535,0.10
18:44:14.545,0.07
18:44:14.555,0.04
18:44:14.566,0.11
18:44:14.576,0.10
18:44:14.586,0.07
18:44:14.596,0.09
18:44:14.607,0.08
18:44:14.617,0.08
18:44:14.628,0.10
18:44:14.638,0.08
18:44:14.649,0.25
18:44:14.659,0.09
18:44:14.669,0.08
18:44:14.680,0.09
18:44:14.690,0.09
18:44:14.701,0.09
18:44:14.711,0.04
18:44:14.722,0.05
18:44:14.732,0.08
18:44:14.743,0.32
18:44:14.753,0.10
18:44:14.763,0.08
18:44:14.774,0.59
18:44:14.784,0.09
18:44:14.795,0.12
18:44:14.806,0.60
18:44:14.816,0.08
18:44:14.826,0.12
18:44:14.837,0.06
18:44:14.847,0.09
18:44:14.858,0.09
18:44:14.868,0.06
18:44:14.878,0.07
18:44:14.889,0.10
18:44:14.899,0.07
18:44:14.909,0.07
18:44:14.919,0.07
18:44:14.930,0.05
18:44:14.940,0.08
18:44:14.951,0.11
18:44:14.961,0.09
18:44:14.971,0.11
18:44:14.982,0.05
18:44:14.992,0.32
18:44:15.003,0.10
18:44:15.013,2.33
18:44:15.024,0.71
18:44:15.034,0.05
18:44:15.044,0.05
18:44:15.054,0.07
18:44:15.065,0.13
18:44:15.075,0.08
18:44:15.086,0.23
18:44:15.096,0.09
18:44:15.106,0.11
18:44:15.117,0.19
18:44:15.127,0.21
18:44:15.138,0.11
18:44:15.149,0.17
18:44:15.159,0.13
18:44:15.169,0.09
18:44:15.180,0.61
18:44:15.190,0.07
18:44:15.200,0.11
18:44:15.211,0.44
18:44:15.221,0.13
18:44:15.231,0.08
18:44:15.242,0.09
18:44:15.252,0.10
18:44:15.263,0.13
18:44:15.273,0.08
18:44:15.284,0.28
18:44:15.294,0.08
18:44:15.304,0.25
18:44:15.315,0.12
18:44:15.325,0.07
18:44:15.336,0.41
18:44:15.347,0.04
18:44:15.357,0.08
18:44:15.368,0.09
18:44:15.378,0.08
18:44:15.388,0.05
18:44:15.399,0.06
18:44:15.409,0.08
18:44:15.420,0.07
18:44:15.430,0.07
18:44:15.441,0.08
18:44:15.451,0.08
18:44:15.462,0.06
18:44:15.472,0.12
18:44:15.483,0.09
18:44:15.493,0.07
18:44:15.503,0.12
18:44:15.514,0.12
18:44:15.524,0.12
18:44:15.535,0.16
18:44:15.545,0.10
18:44:15.556,0.08
18:44:15.566,0.11
18:44:15.577,0.12
18:44:15.587,0.13
18:44:15.598,0.12
18:44:15.608,0.16
18:44:15.619,0.10
18:44:15.629,0.11
18:44:15.640,0.09
18:44:15.650,1.86
18:44:15.661,0.11
18:44:15.671,0.13
18:44:15.682,0.14
18:44:15.692,0.12
18:44:15.703,0.09
18:44:15.713,0.14
18:44:15.723,0.12
18:44:15.734,0.12
18:44:15.744,0.08
18:44:15.754,0.09
18:44:15.764,0.11
18:44:15.775,0.06
18:44:15.785,0.15
18:44:15.796,0.10
18:44:15.806,0.43
18:44:15.817,0.10
18:44:15.827,0.07
18:44:15.837,0.84
18:44:15.848,0.08
18:44:15.859,0.12
18:44:15.869,0.08
18:44:15.879,0.08
18:44:15.890,0.12
18:44:15.900,0.08
18:44:15.911,0.05
18:44:15.921,0.15
18:44:15.932,0.07
18:44:15.942,0.07
18:44:15.952,0.37
18:44:15.963,0.06
18:44:15.973,0.10
18:44:15.984,0.14
18:44:15.994,0.08
18:44:16.005,0.08
18:44:16.015,0.18
18:44:16.026,0.07
18:44:16.036,0.07
18:44:16.047,0.06
18:44:16.057,0.06
18:44:16.067,0.08
18:44:16.078,0.08
18:44:16.088,0.19
18:44:16.098,0.06
18:44:16.109,0.10
18:44:16.119,0.09
18:44:16.130,0.14
18:44:16.141,0.11
18:44:16.151,0.07
18:44:16.162,0.09
18:44:16.172,0.09
18:44:16.183,0.06
18:44:16.193,0.06
18:44:16.203,0.09
18:44:16.214,0.12
18:44:16.224,0.10
18:44:16.234,0.07
18:44:16.245,0.09
18:44:16.255,0.07
18:44:16.266,0.05
18:44:16.276,0.09
18:44:16.286,0.48
18:44:16.297,0.08
18:44:16.307,0.06
18:44:16.318,0.36
18:44:16.328,0.10
18:44:16.339,0.08
18:44:16.349,0.63
18:44:16.359,0.08
18:44:16.370,0.07
18:44:16.381,0.38
18:44:16.391,0.06
18:44:16.401,0.07
18:44:16.412,0.50
18:44:16.422,0.05
18:44:16.433,0.11
18:44:16.443,0.80
18:44:16.454,0.07
18:44:16.464,0.07
18:44:16.475,0.86
18:44:16.485,0.04
18:44:16.496,0.13
18:44:16.507,0.06
18:44:16.517,0.06
18:44:16.528,0.12
18:44:16.538,0.52
18:44:16.549,3.45
18:44:16.559,0.11
18:44:16.570,0.33
18:44:16.580,0.08
18:44:16.591,0.11
18:44:16.601,0.06
18:44:16.612,0.07
18:44:16.622,0.08
18:44:16.632,0.08
18:44:16.643,0.08
18:44:16.653,0.06
18:44:16.664,0.07
18:44:16.675,0.07
18:44:16.685,0.06
18:44:16.695,0.07
18:44:16.706,0.06
18:44:16.716,0.13
18:44:16.726,0.08
18:44:16.737,0.07
18:44:16.747,0.10
18:44:16.758,0.05
18:44:16.768,0.07
18:44:16.778,0.09
18:44:16.789,0.72
18:44:16.799,0.12
18:44:16.810,0.05
18:44:16.821,0.55
18:44:16.831,0.08
18:44:16.841,0.12
18:44:16.852,0.17
18:44:16.862,0.08
18:44:16.873,0.05
18:44:16.883,0.13
18:44:16.894,0.09
18:44:16.904,0.09
18:44:16.915,0.10
18:44:16.925,0.14
18:44:16.936,0.09
18:44:16.946,0.07
18:44:16.957,0.06
18:44:16.967,0.06
18:44:16.978,0.05
18:44:16.988,0.08
18:44:16.998,0.09
18:44:17.008,4.21
18:44:17.018,3.20
18:44:17.029,0.06
18:44:17.039,0.05
18:44:17.050,0.05
18:44:17.060,0.10
18:44:17.071,0.07
18:44:17.081,0.30
18:44:17.091,0.10
18:44:17.101,0.05
18:44:17.112,0.11
18:44:17.122,0.16
18:44:17.132,0.06
18:44:17.143,0.10
18:44:17.153,0.06
18:44:17.163,0.06
18:44:17.174,0.06
18:44:17.184,0.07
18:44:17.195,0.10
18:44:17.205,0.13
18:44:17.216,0.15
18:44:17.226,0.07
18:44:17.237,0.08
18:44:17.247,0.09
18:44:17.258,0.09
18:44:17.268,0.10
18:44:17.278,0.07
18:44:17.289,0.07
18:44:17.299,0.06
18:44:17.309,0.08
18:44:17.320,0.06
18:44:17.330,0.07
18:44:17.341,0.09
18:44:17.351,0.07
18:44:17.362,0.06
18:44:17.372,0.11
18:44:17.382,0.07
18:44:17.393,0.06
18:44:17.403,0.07
18:44:17.414,0.07
18:44:17.424,0.08
18:44:17.435,0.12
18:44:17.445,0.04
18:44:17.456,0.06
18:44:17.466,0.13
18:44:17.477,0.06
18:44:17.487,0.09
18:44:17.498,0.16
18:44:17.508,0.07
18:44:17.519,0.06
18:44:17.529,0.15
18:44:17.540,0.06
18:44:17.550,0.07
18:44:17.561,0.11
18:44:17.571,0.08
18:44:17.582,0.04
18:44:17.592,0.07
18:44:17.603,0.06
18:44:17.613,0.05
18:44:17.624,0.06
18:44:17.634,0.08
18:44:17.645,0.07
18:44:17.655,0.06
18:44:17.666,0.10
18:44:17.676,0.10
18:44:17.687,0.08
18:44:17.697,0.08
18:44:17.708,0.08
18:44:17.718,0.11
18:44:17.728,0.10
18:44:17.739,0.06
18:44:17.749,0.06
18:44:17.759,0.09
18:44:17.770,0.06
18:44:17.780,0.10
18:44:17.790,0.07
18:44:17.801,0.07
18:44:17.811,0.05
18:44:17.822,0.05
18:44:17.832,0.11
18:44:17.842,0.05
18:44:17.853,0.07
18:44:17.864,0.09
18:44:17.874,0.08
18:44:17.885,0.06
18:44:17.895,0.08
18:44:17.905,0.07
18:44:17.916,0.10
18:44:17.927,0.08
18:44:17.937,0.08
18:44:17.947,0.08
18:44:17.957,0.37
18:44:17.968,0.07
18:44:17.978,0.06
18:44:17.989,0.33
18:44:17.999,0.06
18:44:18.010,2.12
18:44:18.020,0.90
18:44:18.031,0.07
18:44:18.041,0.05
18:44:18.052,0.07
18:44:18.062,0.09
18:44:18.073,0.07
18:44:18.083,0.35
18:44:18.094,0.07
18:44:18.104,0.13
18:44:18.114,0.22
18:44:18.125,0.11
18:44:18.135,0.07
18:44:18.146,0.08
18:44:18.156,0.06
18:44:18.166,0.05
18:44:18.177,0.07
18:44:18.187,0.09
18:44:18.198,0.09
18:44:18.208,0.06
18:44:18.219,0.14
18:44:18.229,0.07
18:44:18.239,0.07
18:44:18.250,0.15
18:44:18.260,0.07
18:44:18.271,0.07
18:44:18.281,0.05
18:44:18.292,0.06
18:44:18.302,0.51
18:44:18.313,0.10
18:44:18.323,0.10
18:44:18.333,0.08
18:44:18.343,0.36
18:44:18.354,0.06
18:44:18.364,0.10
18:44:18.374,0.07
18:44:18.384,0.11
18:44:18.395,0.10
18:44:18.405,0.08
18:44:18.416,0.06
18:44:18.426,0.06
18:44:18.437,0.09
18:44:18.447,0.05
18:44:18.458,0.08
18:44:18.468,0.13
18:44:18.479,0.05
18:44:18.489,0.04
18:44:18.500,0.08
18:44:18.510,0.06
18:44:18.521,0.05
18:44:18.531,0.08
18:44:18.541,0.10
18:44:18.552,0.51
18:44:18.563,0.13
18:44:18.573,0.10
18:44:18.583,0.14
18:44:18.594,0.09
18:44:18.604,0.08
18:44:18.615,0.08
18:44:18.625,0.10
18:44:18.636,0.10
18:44:18.646,0.07
18:44:18.657,0.19
18:44:18.667,0.14
18:44:18.677,0.07
18:44:18.688,0.12
18:44:18.698,0.12
18:44:18.708,0.07
18:44:18.719,0.09
18:44:18.729,0.10
18:44:18.740,0.48
18:44:18.750,0.07
18:44:18.761,0.23
18:44:18.771,0.28
18:44:18.782,0.09
18:44:18.792,0.07
18:44:18.803,0.34
18:44:18.813,0.09
18:44:18.823,0.07
18:44:18.834,0.51
18:44:18.844,0.08
18:44:18.855,0.09
18:44:18.866,0.08
18:44:18.876,0.11
18:44:18.887,0.07
18:44:18.897,0.06
18:44:18.908,0.07
18:44:18.918,0.08
18:44:18.929,0.08
18:44:18.939,0.30
18:44:18.949,0.09
18:44:18.959,0.07
18:44:18.970,0.10
18:44:18.980,0.14
18:44:18.990,0.08
18:44:19.001,0.14
18:44:19.011,1.39
18:44:19.022,0.07
18:44:19.032,0.09
18:44:19.042,0.12
18:44:19.053,0.06
18:44:19.063,0.08
18:44:19.073,0.09
18:44:19.083,0.07
18:44:19.093,0.08
18:44:19.104,0.08
18:44:19.114,0.06
18:44:19.124,0.09
18:44:19.134,0.10
18:44:19.145,0.08
18:44:19.156,0.08
18:44:19.166,0.10
18:44:19.176,0.32
18:44:19.187,0.06
18:44:19.197,0.07
18:44:19.207,0.81
18:44:19.218,0.08
18:44:19.228,0.09
18:44:19.238,0.32
18:44:19.249,3.38
18:44:19.259,0.08
18:44:19.270,0.38
18:44:19.280,0.07
18:44:19.291,0.07
18:44:19.301,0.18
18:44:19.311,0.10
18:44:19.322,0.10
18:44:19.332,0.19
18:44:19.343,0.09
18:44:19.353,0.09
18:44:19.363,0.43
18:44:19.374,0.07
18:44:19.384,0.12
18:44:19.394,0.59
18:44:19.405,0.05
18:44:19.415,0.10
18:44:19.426,0.38
18:44:19.436,0.09
18:44:19.447,0.11
18:44:19.457,0.29
18:44:19.468,0.07
18:44:19.478,0.07
18:44:19.488,0.17
18:44:19.499,0.13
18:44:19.509,0.14
18:44:19.520,0.10
18:44:19.530,0.14
18:44:19.541,0.11
18:44:19.551,0.86
18:44:19.562,0.07
18:44:19.572,0.05
18:44:19.582,0.06
18:44:19.592,0.08
18:44:19.603,0.07
18:44:19.613,0.06
18:44:19.623,0.08
18:44:19.634,0.06
18:44:19.644,0.12
18:44:19.655,0.09
18:44:19.665,0.09
18:44:19.676,0.04
18:44:19.687,0.04
18:44:19.697,0.10
18:44:19.707,0.07
18:44:19.718,0.04
18:44:19.728,0.10
18:44:19.739,0.06
18:44:19.750,0.06
18:44:19.760,0.12
18:44:19.771,0.10
18:44:19.781,0.08
18:44:19.791,0.09
18:44:19.802,0.06
18:44:19.813,0.07
18:44:19.823,0.05
18:44:19.834,0.11
18:44:19.844,0.07
18:44:19.855,0.05
18:44:19.865,0.08
18:44:19.876,0.13
18:44:19.886,0.05
18:44:19.897,0.07
18:44:19.907,0.08
18:44:19.918,0.05
18:44:19.928,0.09
18:44:19.939,0.07
18:44:19.949,0.08
18:44:19.959,0.11
18:44:19.970,0.11
18:44:19.980,0.10
18:44:19.991,0.06
18:44:20.001,0.08
18:44:20.012,1.18
18:44:20.022,0.07
18:44:20.033,0.09
18:44:20.043,0.09
18:44:20.053,0.07
18:44:20.063,0.08
18:44:20.074,0.13
18:44:20.084,0.05
18:44:20.095,0.10
18:44:20.105,0.11
18:44:20.116,0.07
18:44:20.126,0.08
18:44:20.136,0.11
18:44:20.147,0.06
18:44:20.157,0.91
18:44:20.168,0.07
18:44:20.178,0.09
18:44:20.188,0.13
18:44:20.199,0.09
18:44:20.209,0.06
18:44:20.219,0.94
18:44:20.230,0.11
18:44:20.240,0.06
18:44:20.251,0.04
18:44:20.261,0.07
18:44:20.272,0.05
18:44:20.283,0.11
18:44:20.293,0.07
18:44:20.304,0.11
18:44:20.314,0.11
18:44:20.325,0.12
18:44:20.335,0.11
18:44:20.345,0.32
18:44:20.356,0.09
18:44:20.366,0.15
18:44:20.376,0.08
18:44:20.387,0.07
18:44:20.397,0.09
18:44:20.408,0.10
18:44:20.418,0.09
18:44:20.429,0.10
18:44:20.439,0.10
18:44:20.450,2.40
18:44:20.460,0.08
18:44:20.471,0.06
18:44:20.481,1.00
18:44:20.491,0.09
18:44:20.502,0.57
18:44:20.513,0.09
18:44:20.523,0.11
18:44:20.533,1.35
18:44:20.544,0.12
18:44:20.554,0.11
18:44:20.564,0.11
18:44:20.575,0.06
18:44:20.585,0.07
18:44:20.595,0.07
18:44:20.606,0.08
18:44:20.616,0.09
18:44:20.626,0.12
18:44:20.637,0.09
18:44:20.647,0.06
18:44:20.658,0.37
18:44:20.669,0.08
18:44:20.679,0.05
18:44:20.689,0.49
18:44:20.700,0.06
18:44:20.710,0.07
18:44:20.720,0.08
18:44:20.731,0.08
18:44:20.741,0.06
18:44:20.751,1.04
18:44:20.761,0.08
18:44:20.772,0.06
18:44:20.783,0.09
18:44:20.793,0.13
18:44:20.803,0.08
18:44:20.814,0.04
18:44:20.824,0.07
18:44:20.834,0.23
18:44:20.845,0.08
18:44:20.855,0.08
18:44:20.866,0.11
18:44:20.877,0.07
18:44:20.887,0.05
18:44:20.898,0.09
18:44:20.908,0.58
18:44:20.918,0.11
18:44:20.928,0.07
18:44:20.939,0.46
18:44:20.949,0.08
18:44:20.959,0.07
18:44:20.970,0.78
18:44:20.980,0.10
18:44:20.991,0.08
18:44:21.001,0.45
18:44:21.012,0.05
18:44:21.022,0.09
18:44:21.033,1.27
18:44:21.043,0.10
18:44:21.054,0.08
18:44:21.064,0.20
18:44:21.075,0.15
18:44:21.085,0.05
18:44:21.096,0.52
18:44:21.106,0.07
18:44:21.117,0.09
18:44:21.127,0.30
18:44:21.138,0.04
18:44:21.148,0.13
18:44:21.159,0.72
18:44:21.169,0.09
18:44:21.180,0.10
18:44:21.190,0.09
18:44:21.201,0.10
18:44:21.211,0.14
18:44:21.221,0.15
18:44:21.232,0.11
18:44:21.242,0.11
18:44:21.253,1.00
18:44:21.263,0.09
18:44:21.274,0.10
18:44:21.284,0.44
18:44:21.295,0.08
18:44:21.305,0.12
18:44:21.316,0.05
18:44:21.326,0.10
18:44:21.337,0.06
18:44:21.347,0.05
18:44:21.357,0.10
18:44:21.368,0.04
18:44:21.378,0.08
18:44:21.388,0.24
18:44:21.399,0.11
18:44:21.409,0.60
18:44:21.420,0.09
18:44:21.430,0.10
18:44:21.441,0.26
18:44:21.451,0.07
18:44:21.462,0.10
18:44:21.472,0.99
18:44:21.483,0.05
18:44:21.493,0.08
18:44:21.503,0.44
18:44:21.514,0.09
18:44:21.524,0.09
18:44:21.535,0.80
18:44:21.545,0.08
18:44:21.556,0.10
18:44:21.566,0.43
18:44:21.577,0.11
18:44:21.588,0.12
18:44:21.598,0.09
18:44:21.609,0.09
18:44:21.619,0.06
18:44:21.630,0.08
18:44:21.640,0.08
18:44:21.651,1.95
18:44:21.661,0.08
18:44:21.671,0.09
18:44:21.682,0.11
18:44:21.692,0.09
18:44:21.703,0.10
18:44:21.713,0.04
18:44:21.723,0.10
18:44:21.734,0.10
18:44:21.744,0.08
18:44:21.754,0.11
18:44:21.765,0.08
18:44:21.775,0.10
18:44:21.786,0.06
18:44:21.796,0.09
18:44:21.807,0.09
18:44:21.817,0.10
18:44:21.828,0.12
18:44:21.838,0.05
18:44:21.849,0.10
18:44:21.859,0.09
18:44:21.869,0.05
18:44:21.880,0.09
18:44:21.890,0.08
18:44:21.901,0.08
18:44:21.912,0.09
18:44:21.922,0.08
18:44:21.932,0.07
18:44:21.943,0.06
18:44:21.953,4.66
18:44:21.963,0.09
18:44:21.974,0.05
18:44:21.984,0.06
18:44:21.995,0.07
18:44:22.005,0.06
18:44:22.016,0.07
18:44:22.026,0.10
18:44:22.037,0.08
18:44:22.047,0.07
18:44:22.058,0.06
18:44:22.068,0.08
18:44:22.079,0.10
18:44:22.089,0.09
18:44:22.100,0.08
18:44:22.110,0.19
18:44:22.120,0.07
18:44:22.131,0.09
18:44:22.141,0.16
18:44:22.152,0.09
18:44:22.162,0.09
18:44:22.173,0.05
18:44:22.183,0.07
18:44:22.193,0.10
18:44:22.204,0.06
18:44:22.214,0.25
18:44:22.224,0.16
18:44:22.235,0.10
18:44:22.245,0.05
18:44:22.256,0.52
18:44:22.266,0.12
18:44:22.277,0.07
18:44:22.287,0.06
18:44:22.297,0.77
18:44:22.307,0.10
18:44:22.318,0.06
18:44:22.328,0.36
18:44:22.339,0.06
18:44:22.350,0.09
18:44:22.360,0.58
18:44:22.371,0.10
18:44:22.381,0.07
18:44:22.392,0.15
18:44:22.402,0.07
18:44:22.413,0.08
18:44:22.423,0.08
18:44:22.433,0.13
18:44:22.444,0.06
18:44:22.454,0.05
18:44:22.465,0.08
18:44:22.475,0.05
18:44:22.486,0.05
18:44:22.496,0.08
18:44:22.506,0.07
18:44:22.517,0.05
18:44:22.527,0.10
18:44:22.537,0.15
18:44:22.548,0.10
18:44:22.558,0.11
18:44:22.569,0.09
18:44:22.579,0.08
18:44:22.589,0.12
18:44:22.600,0.10
18:44:22.610,0.59
18:44:22.621,0.11
18:44:22.631,0.13
18:44:22.642,0.05
18:44:22.652,0.09
18:44:22.663,0.08
18:44:22.673,0.09
18:44:22.684,0.05
18:44:22.695,0.08
18:44:22.705,0.06
18:44:22.716,0.04
18:44:22.726,0.08
18:44:22.736,0.09
18:44:22.747,0.06
18:44:22.757,0.07
18:44:22.767,0.07
18:44:22.777,0.05
18:44:22.788,0.07
18:44:22.798,0.32
18:44:22.809,0.05
18:44:22.819,0.07
18:44:22.829,0.79
18:44:22.840,0.07
18:44:22.850,1.90
18:44:22.861,0.55
18:44:22.871,0.06
18:44:22.882,0.09
18:44:22.892,0.82
18:44:22.903,0.11
18:44:22.913,0.13
18:44:22.924,0.22
18:44:22.934,0.06
18:44:22.945,0.11
18:44:22.955,0.34
18:44:22.966,0.10
18:44:22.976,0.08
18:44:22.986,0.60
18:44:22.997,0.13
18:44:23.007,0.06
18:44:23.018,0.35
18:44:23.028,1.49
18:44:23.039,0.06
18:44:23.049,0.47
18:44:23.060,0.07
18:44:23.070,0.07
18:44:23.080,0.24
18:44:23.091,0.08
18:44:23.101,0.08
18:44:23.112,1.06
18:44:23.123,0.08
18:44:23.133,0.09
18:44:23.143,0.37
18:44:23.154,0.06
18:44:23.165,0.09
18:44:23.175,0.05
18:44:23.185,0.05
18:44:23.196,0.08
18:44:23.206,0.09
18:44:23.216,0.11
18:44:23.226,0.10
18:44:23.236,0.07
18:44:23.246,0.08
18:44:23.257,0.08
18:44:23.267,0.08
18:44:23.278,0.09
18:44:23.288,0.07
18:44:23.299,0.10
18:44:23.309,0.04
18:44:23.320,0.17
18:44:23.331,0.07
18:44:23.341,0.09
18:44:23.351,0.06
18:44:23.361,0.07
18:44:23.372,0.05
18:44:23.382,0.05
18:44:23.393,0.05
18:44:23.403,0.05
18:44:23.413,0.08
18:44:23.424,0.08
18:44:23.434,0.05
18:44:23.445,0.14
18:44:23.455,0.07
18:44:23.466,0.09
18:44:23.476,0.06
18:44:23.487,0.06
18:44:23.498,0.08
18:44:23.508,0.12
18:44:23.518,0.05
18:44:23.529,0.08
18:44:23.539,0.08
18:44:23.549,0.09
18:44:23.560,0.12
18:44:23.570,0.09
18:44:23.581,0.08
18:44:23.591,0.09
18:44:23.602,0.07
18:44:23.612,0.43
18:44:23.623,0.08
18:44:23.633,0.09
18:44:23.644,0.55
18:44:23.654,0.06
18:44:23.665,0.12
18:44:23.675,0.27
18:44:23.686,0.13
18:44:23.697,0.11
18:44:23.707,0.32
18:44:23.718,0.09
18:44:23.728,0.11
18:44:23.739,0.63
18:44:23.749,3.44
18:44:23.760,0.09
18:44:23.770,0.89
18:44:23.781,0.08
18:44:23.791,0.07
18:44:23.801,0.36
18:44:23.812,0.07
18:44:23.822,0.09
18:44:23.833,1.33
18:44:23.843,0.08
18:44:23.853,0.11
18:44:23.864,0.57
18:44:23.874,0.07
18:44:23.885,0.06
18:44:23.895,0.07
18:44:23.906,0.06
18:44:23.916,0.08
18:44:23.927,0.06
18:44:23.937,0.07
18:44:23.947,0.05
18:44:23.958,0.08
18:44:23.968,0.07
18:44:23.979,0.06
18:44:23.989,0.07
18:44:23.999,0.09
18:44:24.009,0.09
18:44:24.020,0.07
18:44:24.031,0.07
18:44:24.041,0.09
18:44:24.051,0.68
18:44:24.062,0.07
18:44:24.072,0.10
18:44:24.083,0.07
18:44:24.093,0.10
18:44:24.104,0.07
18:44:24.114,0.06
18:44:24.124,0.06
18:44:24.135,0.05
18:44:24.145,0.05
18:44:24.155,0.06
18:44:24.166,0.08
18:44:24.176,0.05
18:44:24.187,0.07
18:44:24.197,0.12
18:44:24.208,0.60
18:44:24.218,0.08
18:44:24.229,0.10
18:44:24.239,0.07
18:44:24.249,0.10
18:44:24.260,0.09
18:44:24.270,0.08
18:44:24.281,0.08
18:44:24.291,0.07
18:44:24.301,0.07
18:44:24.311,0.06
18:44:24.322,0.06
18:44:24.332,0.06
18:44:24.342,0.06
18:44:24.353,0.09
18:44:24.364,0.10
18:44:24.374,0.05
18:44:24.385,0.06
18:44:24.395,0.09
18:44:24.406,0.08
18:44:24.416,0.08
18:44:24.427,0.08
18:44:24.437,0.06
18:44:24.447,0.07
18:44:24.458,0.16
18:44:24.468,0.06
18:44:24.479,0.15
18:44:24.489,0.08
18:44:24.500,0.07
18:44:24.510,0.04
18:44:24.521,0.14
18:44:24.531,0.07
18:44:24.542,0.09
18:44:24.552,0.08
18:44:24.562,0.08
18:44:24.573,0.07
18:44:24.583,0.04
18:44:24.594,0.08
18:44:24.604,0.12
18:44:24.614,0.08
18:44:24.625,0.09
18:44:24.635,0.10
18:44:24.646,0.06
18:44:24.656,0.09
18:44:24.666,0.11
18:44:24.677,0.07
18:44:24.687,0.05
18:44:24.698,0.12
18:44:24.708,0.06
18:44:24.719,0.05
18:44:24.729,0.08
18:44:24.740,0.09
18:44:24.750,0.08
18:44:24.760,0.08
18:44:24.771,0.06
18:44:24.781,0.04
18:44:24.791,0.09
18:44:24.802,0.10
18:44:24.812,0.08
18:44:24.823,0.07
18:44:24.833,0.12
18:44:24.844,0.09
18:44:24.855,0.39
18:44:24.865,0.19
18:44:24.875,0.06
18:44:24.886,0.11
18:44:24.896,0.11
18:44:24.906,0.07
18:44:24.917,0.11
18:44:24.927,0.10
18:44:24.938,0.07
18:44:24.948,0.04
18:44:24.959,0.08
18:44:24.969,0.11
18:44:24.980,0.06
18:44:24.990,0.12
18:44:25.000,0.06
18:44:25.011,0.09
18:44:25.021,0.06
18:44:25.032,0.10
18:44:25.042,3.95
18:44:25.052,0.07
18:44:25.063,0.09
18:44:25.073,0.42
18:44:25.084,0.07
18:44:25.094,0.07
18:44:25.104,0.16
18:44:25.115,0.06
18:44:25.125,0.09
18:44:25.135,0.14
18:44:25.145,0.07
18:44:25.155,0.07
18:44:25.166,0.30
18:44:25.176,0.05
18:44:25.186,0.06
18:44:25.197,0.93
18:44:25.207,0.09
18:44:25.218,0.10
18:44:25.228,0.63
18:44:25.238,0.10
18:44:25.249,3.55
18:44:25.259,0.37
18:44:25.270,0.08
18:44:25.280,0.09
18:44:25.291,0.42
18:44:25.301,0.07
18:44:25.312,0.06
18:44:25.322,0.23
18:44:25.333,0.08
18:44:25.343,0.08
18:44:25.353,0.08
18:44:25.364,0.07
18:44:25.374,0.06
18:44:25.385,0.44
18:44:25.396,0.11
18:44:25.406,0.06
18:44:25.416,0.74
18:44:25.427,0.06
18:44:25.437,0.09
18:44:25.448,0.05
18:44:25.458,0.10
18:44:25.469,0.07
18:44:25.479,0.40
18:44:25.489,0.08
18:44:25.500,0.07
18:44:25.510,0.33
18:44:25.521,0.10
18:44:25.531,0.08
18:44:25.541,0.52
18:44:25.552,0.06
18:44:25.563,0.12
18:44:25.573,0.06
18:44:25.584,0.10
18:44:25.594,0.09
18:44:25.605,0.06
18:44:25.615,0.09
18:44:25.626,0.11
18:44:25.636,0.08
18:44:25.646,0.06
18:44:25.657,0.08
18:44:25.667,0.09
18:44:25.677,0.09
18:44:25.688,0.10
18:44:25.698,0.10
18:44:25.708,0.08
18:44:25.719,0.09
18:44:25.729,0.08
18:44:25.739,0.09
18:44:25.749,0.09
18:44:25.760,0.09
18:44:25.770,0.09
18:44:25.781,0.07
18:44:25.792,0.06
18:44:25.802,0.09
18:44:25.812,0.05
18:44:25.822,0.05
18:44:25.833,0.07
18:44:25.844,0.79
18:44:25.854,0.05
18:44:25.864,0.18
18:44:25.875,0.07
18:44:25.885,0.08
18:44:25.896,0.09
18:44:25.906,0.09
18:44:25.917,0.08
18:44:25.927,0.09
18:44:25.937,0.07
18:44:25.948,0.07
18:44:25.958,0.08
18:44:25.969,0.06
18:44:25.979,0.06
18:44:25.990,0.15
18:44:26.001,0.09
18:44:26.011,0.10
18:44:26.021,0.08
18:44:26.032,0.12
18:44:26.042,0.09
18:44:26.052,0.11
18:44:26.062,0.11
18:44:26.073,0.11
18:44:26.083,0.13
18:44:26.094,0.11
18:44:26.104,0.08
18:44:26.115,0.06
18:44:26.125,0.10
18:44:26.136,0.12
18:44:26.147,0.18
18:44:26.157,0.11
18:44:26.167,0.09
18:44:26.178,0.09
18:44:26.188,0.12
18:44:26.199,0.09
18:44:26.209,0.15
18:44:26.220,0.10
18:44:26.230,0.19
18:44:26.240,0.08
18:44:26.251,0.13
18:44:26.261,0.10
18:44:26.271,0.09
18:44:26.282,0.11
18:44:26.292,0.08
18:44:26.303,0.11
18:44:26.313,0.06
18:44:26.323,0.08
18:44:26.334,0.10
18:44:26.344,0.09
18:44:26.355,0.06
18:44:26.365,0.06
18:44:26.376,0.05
18:44:26.387,0.05
18:44:26.397,0.07
18:44:26.407,0.09
18:44:26.418,0.28
18:44:26.428,0.09
18:44:26.439,0.12
18:44:26.449,1.97
18:44:26.460,0.10
18:44:26.470,0.09
18:44:26.481,0.08
18:44:26.491,0.11
18:44:26.502,0.10
18:44:26.512,0.07
18:44:26.523,0.10
18:44:26.533,0.06
18:44:26.544,0.05
18:44:26.554,0.06
18:44:26.564,0.10
18:44:26.575,0.13
18:44:26.585,0.05
18:44:26.596,0.13
18:44:26.606,0.05
18:44:26.616,0.06
18:44:26.626,0.09
18:44:26.637,0.07
18:44:26.647,0.06
18:44:26.658,0.11
18:44:26.668,0.08
18:44:26.679,0.07
18:44:26.689,0.08
18:44:26.699,0.07
18:44:26.710,0.06
18:44:26.720,0.07
18:44:26.731,0.12
18:44:26.742,0.71
18:44:26.752,0.06
18:44:26.763,0.10
18:44:26.773,0.46
18:44:26.784,0.11
18:44:26.794,0.09
18:44:26.805,0.07
18:44:26.815,0.08
18:44:26.825,0.07
18:44:26.835,1.18
18:44:26.846,0.06
18:44:26.856,0.08
18:44:26.867,0.08
18:44:26.877,0.11
18:44:26.888,0.07
18:44:26.898,0.11
18:44:26.909,0.07
18:44:26.919,0.11
18:44:26.929,0.09
18:44:26.940,0.06
18:44:26.950,0.06
18:44:26.961,0.06
18:44:26.971,0.09
18:44:26.981,0.10
18:44:26.992,0.08
18:44:27.002,0.06
18:44:27.013,1.36
18:44:27.023,0.07
18:44:27.034,0.05
18:44:27.044,0.10
18:44:27.055,0.06
18:44:27.065,0.08
18:44:27.076,0.08
18:44:27.086,0.07
18:44:27.096,0.09
18:44:27.107,0.12
18:44:27.117,0.05
18:44:27.128,0.11
18:44:27.138,0.04
18:44:27.149,0.05
18:44:27.159,0.06
18:44:27.169,0.10
18:44:27.180,0.06
18:44:27.190,0.07
18:44:27.201,0.09
18:44:27.212,0.07
18:44:27.222,0.08
18:44:27.232,0.08
18:44:27.242,0.06
18:44:27.253,0.05
18:44:27.263,0.09
18:44:27.274,0.06
18:44:27.285,0.07
18:44:27.295,0.12
18:44:27.305,0.09
18:44:27.316,0.06
18:44:27.326,0.11
18:44:27.337,0.05
18:44:27.347,0.09
18:44:27.358,0.06
18:44:27.369,0.07
18:44:27.379,0.05
18:44:27.390,0.07
18:44:27.400,0.06
18:44:27.411,0.09
18:44:27.421,0.07
18:44:27.431,0.07
18:44:27.442,0.05
18:44:27.452,0.07
18:44:27.463,0.08
18:44:27.473,0.11
18:44:27.484,0.08
18:44:27.494,0.08
18:44:27.504,0.06
18:44:27.515,0.06
18:44:27.525,0.11
18:44:27.536,0.11
18:44:27.547,0.06
18:44:27.557,0.08
18:44:27.568,0.52
18:44:27.578,0.04
18:44:27.588,0.07
18:44:27.599,1.00
18:44:27.609,0.05
18:44:27.619,0.10
18:44:27.630,0.41
18:44:27.640,0.10
18:44:27.651,2.82
18:44:27.661,0.36
18:44:27.672,0.08
18:44:27.682,0.10
18:44:27.693,0.55
18:44:27.703,0.08
18:44:27.714,0.07
18:44:27.724,0.60
18:44:27.734,0.10
18:44:27.745,0.10
18:44:27.755,0.22
18:44:27.766,0.12
18:44:27.776,0.07
18:44:27.786,0.04
18:44:27.796,0.09
18:44:27.807,0.06
18:44:27.817,0.06
18:44:27.827,0.07
18:44:27.837,0.08
18:44:27.848,0.06
18:44:27.858,0.08
18:44:27.869,0.07
18:44:27.879,0.38
18:44:27.890,0.08
18:44:27.900,0.12
18:44:27.911,0.07
18:44:27.921,0.07
18:44:27.932,0.11
18:44:27.943,0.34
18:44:27.953,0.40
18:44:27.964,0.07
18:44:27.974,0.32
18:44:27.985,0.05
18:44:27.995,0.07
18:44:28.005,0.49
18:44:28.015,0.05
18:44:28.025,0.09
18:44:28.036,1.02
18:44:28.046,0.04
18:44:28.057,0.08
18:44:28.067,0.09
18:44:28.078,0.08
18:44:28.089,0.08
18:44:28.099,0.31
18:44:28.110,0.09
18:44:28.120,0.22
18:44:28.131,0.11
18:44:28.141,0.09
18:44:28.152,0.26
18:44:28.162,0.10
18:44:28.172,0.10
18:44:28.183,0.08
18:44:28.193,0.10
18:44:28.204,0.09
18:44:28.215,0.23
18:44:28.225,0.16
18:44:28.236,0.10
18:44:28.246,0.07
18:44:28.256,0.08
18:44:28.267,0.10
18:44:28.277,0.06
18:44:28.288,0.06
18:44:28.298,0.07
18:44:28.309,0.10
18:44:28.319,0.08
18:44:28.330,0.11
18:44:28.340,0.09
18:44:28.351,0.08
18:44:28.361,0.08
18:44:28.371,0.11
18:44:28.382,0.07
18:44:28.392,0.13
18:44:28.403,0.08
18:44:28.413,0.05
18:44:28.423,0.07
18:44:28.434,0.08
18:44:28.444,0.05
18:44:28.455,0.08
18:44:28.465,0.11
18:44:28.476,0.05
18:44:28.486,0.06
18:44:28.497,0.10
18:44:28.507,0.08
18:44:28.517,0.10
18:44:28.528,0.10
18:44:28.538,0.10
18:44:28.549,0.06
18:44:28.559,0.10
18:44:28.570,0.09
18:44:28.580,0.09
18:44:28.591,0.10
18:44:28.601,0.08
18:44:28.612,0.09
18:44:28.622,0.09
18:44:28.633,0.19
18:44:28.643,0.32
18:44:28.654,0.09
18:44:28.664,0.11
18:44:28.674,0.12
18:44:28.685,0.11
18:44:28.695,0.11
18:44:28.706,0.09
18:44:28.717,0.11
18:44:28.727,0.07
18:44:28.738,0.11
18:44:28.748,0.13
18:44:28.758,0.10
18:44:28.769,0.12
18:44:28.779,0.07
18:44:28.790,0.07
18:44:28.800,0.07
18:44:28.810,0.05
18:44:28.821,0.10
18:44:28.831,0.05
18:44:28.842,0.09
18:44:28.852,0.88
18:44:28.862,0.10
18:44:28.873,0.10
18:44:28.883,0.09
18:44:28.894,0.07
18:44:28.904,0.08
18:44:28.915,0.09
18:44:28.925,0.10
18:44:28.935,0.08
18:44:28.946,0.16
18:44:28.956,0.10
18:44:28.967,0.10
18:44:28.977,0.06
18:44:28.988,0.08
18:44:28.999,0.11
18:44:29.009,0.06
18:44:29.019,0.32
18:44:29.030,0.12
18:44:29.040,0.06
18:44:29.051,0.10
18:44:29.061,0.10
18:44:29.072,0.07
18:44:29.083,0.07
18:44:29.093,0.08
18:44:29.104,0.09
18:44:29.114,0.06
18:44:29.125,0.12
18:44:29.135,0.07
18:44:29.145,0.05
18:44:29.156,0.24
18:44:29.167,0.09
18:44:29.177,0.41
18:44:29.188,0.07
18:44:29.198,0.07
18:44:29.209,0.52
18:44:29.219,0.14
18:44:29.229,0.10
18:44:29.240,0.93
18:44:29.250,0.05
18:44:29.260,0.06
18:44:29.271,0.64
18:44:29.281,0.11
18:44:29.292,0.11
18:44:29.302,0.05
18:44:29.313,0.10
18:44:29.323,0.08
18:44:29.334,0.07
18:44:29.344,0.13
18:44:29.355,0.07
18:44:29.365,0.07
18:44:29.376,36.54
18:44:29.412,0.20
18:44:29.422,23.02
18:44:29.445,0.07
18:44:29.456,22.58
18:44:29.479,0.03
18:44:29.489,22.86
18:44:29.512,0.07
18:44:29.523,22.56
18:44:29.544,0.05
18:44:29.556,0.09
18:44:29.566,0.07
18:44:29.576,0.04
18:44:29.586,0.04
18:44:29.596,0.05
18:44:29.607,0.09
18:44:29.618,0.04
18:44:29.628,0.05
18:44:29.638,0.08
18:44:29.648,0.14
18:44:29.659,0.08
18:44:29.669,0.09
18:44:29.680,0.07
18:44:29.690,0.13
18:44:29.701,0.10
18:44:29.711,0.07
18:44:29.722,0.08
18:44:29.732,0.08
18:44:29.743,0.06
18:44:29.753,0.09
18:44:29.763,0.07
18:44:29.774,0.04
18:44:29.784,0.07
18:44:29.794,0.12
18:44:29.805,0.07
18:44:29.816,0.12
18:44:29.826,0.09
18:44:29.837,0.08
18:44:29.847,0.09
18:44:29.857,0.06
18:44:29.868,0.07
18:44:29.878,0.04
18:44:29.888,0.08
18:44:29.899,0.07
18:44:29.909,0.09
18:44:29.920,0.07
18:44:29.930,0.08
18:44:29.941,0.09
18:44:29.951,0.09
18:44:29.961,0.11
18:44:29.972,0.09
18:44:29.982,0.11
18:44:29.993,0.09
18:44:30.003,0.88
18:44:30.014,0.07
18:44:30.024,0.08
18:44:30.035,0.85
18:44:30.045,0.06
18:44:30.056,0.08
18:44:30.066,0.33
18:44:30.077,0.05
18:44:30.087,0.11
18:44:30.097,0.63
18:44:30.108,0.08
18:44:30.119,0.11
18:44:30.129,0.31
18:44:30.139,0.11
18:44:30.150,0.08
18:44:30.160,0.32
18:44:30.171,0.07
18:44:30.181,0.07
18:44:30.192,0.50
18:44:30.202,0.11
18:44:30.212,0.06
18:44:30.223,1.04
18:44:30.233,0.08
18:44:30.243,0.12
18:44:30.254,0.63
18:44:30.264,0.09
18:44:30.274,0.08
18:44:30.285,0.44
18:44:30.296,0.10
18:44:30.306,0.11
18:44:30.317,0.39
18:44:30.327,0.07
18:44:30.338,0.08
18:44:30.348,0.06
18:44:30.358,0.06
18:44:30.369,0.09
18:44:30.379,0.06
18:44:30.390,0.08
18:44:30.400,0.06
18:44:30.411,0.07
18:44:30.421,1.03
18:44:30.431,0.09
18:44:30.441,0.09
18:44:30.452,0.08
18:44:30.462,0.12
18:44:30.473,0.23
18:44:30.483,0.06
18:44:30.493,0.08
18:44:30.504,0.43
18:44:30.514,0.24
18:44:30.525,0.10
18:44:30.535,0.49
18:44:30.545,0.06
18:44:30.556,0.07
18:44:30.566,0.13
18:44:30.576,0.08
18:44:30.587,0.08
18:44:30.597,0.30
18:44:30.608,0.06
18:44:30.618,0.10
18:44:30.629,0.62
18:44:30.639,0.10
18:44:30.650,1.26
18:44:30.661,0.88
18:44:30.671,0.09
18:44:30.682,0.07
18:44:30.692,0.10
18:44:30.703,0.09
18:44:30.713,0.05
18:44:30.724,0.10
18:44:30.734,0.09
18:44:30.745,0.05
18:44:30.755,0.08
18:44:30.766,0.10
18:44:30.776,0.08
18:44:30.786,0.07
18:44:30.797,0.13
18:44:30.807,0.07
18:44:30.818,0.06
18:44:30.828,0.11
18:44:30.839,0.09
18:44:30.849,0.05
18:44:30.860,0.13
18:44:30.870,0.05
18:44:30.881,0.05
18:44:30.891,0.08
18:44:30.902,0.10
18:44:30.912,0.07
18:44:30.923,0.10
18:44:30.933,0.07
18:44:30.944,0.07
18:44:30.954,0.11
18:44:30.965,0.10
18:44:30.975,0.05
18:44:30.986,0.06
18:44:30.996,0.07
18:44:31.007,0.48
18:44:31.017,0.06
18:44:31.028,0.08
18:44:31.038,0.08
18:44:31.049,0.04
18:44:31.059,0.09
18:44:31.069,0.12
18:44:31.079,0.05
18:44:31.090,0.07
18:44:31.100,0.13
18:44:31.111,0.10
18:44:31.121,0.07
18:44:31.131,0.09
18:44:31.142,0.08
18:44:31.152,0.08
18:44:31.162,0.06
18:44:31.173,0.45
18:44:31.184,0.05
18:44:31.194,0.06
18:44:31.205,0.86
18:44:31.215,0.13
18:44:31.226,0.09
18:44:31.236,0.68
18:44:31.247,0.06
18:44:31.257,0.07
18:44:31.267,0.14
18:44:31.277,0.08
18:44:31.288,0.08
18:44:31.298,0.11
18:44:31.309,0.06
18:44:31.320,0.05
18:44:31.330,0.09
18:44:31.340,0.07
18:44:31.351,0.06
18:44:31.361,0.08
18:44:31.371,0.07
18:44:31.382,0.07
18:44:31.392,0.06
18:44:31.403,0.06
18:44:31.413,0.09
18:44:31.424,0.08
18:44:31.434,0.08
18:44:31.445,0.07
18:44:31.455,0.06
18:44:31.465,0.06
18:44:31.476,0.08
18:44:31.486,0.13
18:44:31.497,0.09
18:44:31.507,0.08
18:44:31.518,0.07
18:44:31.528,0.08
18:44:31.539,0.05
18:44:31.549,0.32
18:44:31.559,0.07
18:44:31.570,0.07
18:44:31.580,0.15
18:44:31.591,0.07
18:44:31.601,0.08
18:44:31.612,0.09
18:44:31.622,0.08
18:44:31.633,0.07
18:44:31.643,0.60
18:44:31.653,0.07
18:44:31.663,0.09
18:44:31.674,0.34
18:44:31.685,0.07
18:44:31.695,0.09
18:44:31.705,0.48
18:44:31.716,0.08
18:44:31.726,0.05
18:44:31.737,0.22
18:44:31.747,0.09
18:44:31.758,0.10
18:44:31.768,0.46
18:44:31.779,0.06
18:44:31.789,0.08
18:44:31.800,0.14
18:44:31.811,0.05
18:44:31.821,0.04
18:44:31.831,0.06
18:44:31.842,0.04
18:44:31.852,1.48
18:44:31.862,0.96
18:44:31.873,0.04
18:44:31.883,0.07
18:44:31.894,0.27
18:44:31.904,0.09
18:44:31.915,0.08
18:44:31.925,0.17
18:44:31.936,0.11
18:44:31.946,0.09
18:44:31.957,0.18
18:44:31.967,0.19
18:44:31.977,0.07
18:44:31.987,0.07
18:44:31.998,0.14
18:44:32.008,4.44
18:44:32.019,0.04
18:44:32.029,0.09
18:44:32.039,0.05
18:44:32.049,0.06
18:44:32.060,0.17
18:44:32.070,0.06
18:44:32.081,0.06
18:44:32.091,0.10
18:44:32.101,0.11
18:44:32.112,0.09
18:44:32.122,0.11
18:44:32.133,0.07
18:44:32.143,0.19
18:44:32.153,0.07
18:44:32.164,0.06
18:44:32.174,0.35
18:44:32.185,0.08
18:44:32.195,0.08
18:44:32.206,0.08
18:44:32.216,0.14
18:44:32.226,0.10
18:44:32.237,0.06
18:44:32.247,0.07
18:44:32.257,0.10
18:44:32.268,0.46
18:44:32.278,0.07
18:44:32.288,0.04
18:44:32.299,0.84
18:44:32.309,0.04
18:44:32.320,0.07
18:44:32.331,0.31
18:44:32.341,0.08
18:44:32.352,0.06
18:44:32.362,0.33
18:44:32.373,0.08
18:44:32.383,0.10
18:44:32.393,0.56
18:44:32.404,0.08
18:44:32.414,0.08
18:44:32.425,0.42
18:44:32.435,0.08
18:44:32.445,0.07
18:44:32.456,0.24
18:44:32.466,0.09
18:44:32.477,0.09
18:44:32.487,0.40
18:44:32.498,0.05
18:44:32.508,0.07
18:44:32.519,0.50
18:44:32.529,0.11
18:44:32.539,0.09
18:44:32.550,0.06
18:44:32.560,0.08
18:44:32.571,0.09
18:44:32.581,0.06
18:44:32.592,0.07
18:44:32.602,0.10
18:44:32.613,0.07
18:44:32.623,0.09
18:44:32.633,0.07
18:44:32.644,0.09
18:44:32.654,0.13
18:44:32.665,0.07
18:44:32.675,0.13
18:44:32.686,0.08
18:44:32.696,0.15
18:44:32.707,0.09
18:44:32.717,0.07
18:44:32.728,0.08
18:44:32.738,0.06
18:44:32.749,3.68
18:44:32.759,0.07
18:44:32.769,0.08
18:44:32.780,0.09
18:44:32.791,0.11
18:44:32.801,0.06
18:44:32.812,0.03
18:44:32.822,0.06
18:44:32.833,0.08
18:44:32.843,0.12
18:44:32.854,0.07
18:44:32.864,0.07
18:44:32.875,0.50
18:44:32.885,0.14
18:44:32.895,0.08
18:44:32.906,0.15
18:44:32.916,0.05
18:44:32.927,0.05
18:44:32.937,0.24
18:44:32.948,0.08
18:44:32.958,0.08
18:44:32.969,0.74
18:44:32.979,0.09
18:44:32.990,0.07
18:44:33.000,0.55
18:44:33.011,0.05
18:44:33.021,0.09
18:44:33.031,0.94
18:44:33.042,0.09
18:44:33.052,0.07
18:44:33.063,0.30
18:44:33.073,0.06
18:44:33.084,0.09
18:44:33.094,0.63
18:44:33.105,0.08
18:44:33.115,0.07
18:44:33.126,0.55
18:44:33.136,0.07
18:44:33.147,0.06
18:44:33.157,0.29
18:44:33.168,0.09
18:44:33.178,0.10
18:44:33.189,1.31
18:44:33.200,0.09
18:44:33.210,0.10
18:44:33.221,0.20
18:44:33.231,0.08
18:44:33.241,0.11
18:44:33.252,0.42
18:44:33.262,0.07
18:44:33.273,0.06
18:44:33.283,0.49
18:44:33.293,0.07
18:44:33.304,0.05
18:44:33.315,0.48
18:44:33.325,0.09
18:44:33.336,0.09
18:44:33.346,0.06
18:44:33.356,0.08
18:44:33.367,0.10
18:44:33.377,0.07
18:44:33.388,0.10
18:44:33.398,0.12
18:44:33.408,0.07
18:44:33.419,0.10
18:44:33.429,0.08
18:44:33.440,0.10
18:44:33.450,0.06
18:44:33.461,0.11
18:44:33.471,0.06
18:44:33.482,0.11
18:44:33.492,0.08
18:44:33.503,0.08
18:44:33.513,0.08
18:44:33.524,0.09
18:44:33.535,0.06
18:44:33.547,0.51
18:44:33.558,0.08
18:44:33.568,0.08
18:44:33.581,0.10
18:44:33.591,0.11
18:44:33.602,0.10
18:44:33.612,0.08
18:44:33.623,0.05
18:44:33.633,0.10
18:44:33.643,0.08
18:44:33.654,0.07
18:44:33.664,0.11
18:44:33.675,0.07
18:44:33.685,0.06
18:44:33.696,0.10
18:44:33.706,0.08
18:44:33.717,0.05
18:44:33.727,0.09
18:44:33.737,0.06
18:44:33.748,0.06
18:44:33.758,0.06
18:44:33.768,0.11
18:44:33.779,0.06
18:44:33.789,0.09
18:44:33.800,0.08
18:44:33.811,0.09
18:44:33.821,0.10
18:44:33.832,0.09
18:44:33.842,0.09
18:44:33.853,0.08
18:44:33.863,0.07
18:44:33.874,0.04
18:44:33.884,0.07
18:44:33.894,0.05
18:44:33.905,0.06
18:44:33.915,0.07
18:44:33.925,0.06
18:44:33.935,0.04
18:44:33.945,0.06
18:44:33.956,0.09
18:44:33.966,0.08
18:44:33.977,0.07
18:44:33.987,0.06
18:44:33.998,0.11
18:44:34.008,0.09
18:44:34.019,2.69
18:44:34.029,0.08
18:44:34.039,0.09
18:44:34.051,0.09
18:44:34.062,0.08
18:44:34.072,0.05
18:44:34.083,0.06
18:44:34.093,0.08
18:44:34.104,0.07
18:44:34.114,0.07
18:44:34.124,0.52
18:44:34.135,0.08
18:44:34.145,0.05
18:44:34.155,0.19
18:44:34.166,0.06
18:44:34.176,0.04
18:44:34.187,0.39
18:44:34.197,0.17
18:44:34.208,0.09
18:44:34.218,0.12
18:44:34.229,0.10
18:44:34.239,0.08
18:44:34.250,2.34
18:44:34.260,0.08
18:44:34.271,0.07
18:44:34.281,1.13
18:44:34.292,0.11
18:44:34.302,0.10
18:44:34.312,0.38
18:44:34.323,0.08
18:44:34.333,0.05
18:44:34.344,0.40
18:44:34.355,0.16
18:44:34.365,0.08
18:44:34.375,0.55
18:44:34.386,0.13
18:44:34.396,0.11
18:44:34.407,0.53
18:44:34.417,0.16
18:44:34.427,0.12
18:44:34.438,0.52
18:44:34.448,0.08
18:44:34.459,0.07
18:44:34.469,0.39
18:44:34.480,0.10
18:44:34.490,0.07
18:44:34.501,0.51
18:44:34.511,0.08
18:44:34.521,0.19
18:44:34.532,0.10
18:44:34.543,0.11
18:44:34.553,0.09
18:44:34.563,0.09
18:44:34.574,0.08
18:44:34.584,0.07
18:44:34.595,0.09
18:44:34.605,0.44
18:44:34.616,0.11
18:44:34.626,0.07
18:44:34.636,0.08
18:44:34.647,0.11
18:44:34.657,0.07
18:44:34.668,0.14
18:44:34.678,0.08
18:44:34.689,0.05
18:44:34.699,0.07
18:44:34.710,0.05
18:44:34.720,0.05
18:44:34.731,0.07
18:44:34.741,0.08
18:44:34.751,0.10
18:44:34.762,0.09
18:44:34.772,0.09
18:44:34.782,0.07
18:44:34.793,0.07
18:44:34.803,0.07
18:44:34.813,0.06
18:44:34.824,0.10
18:44:34.834,0.08
18:44:34.844,0.55
18:44:34.855,0.08
18:44:34.865,0.12
18:44:34.876,0.06
18:44:34.886,0.10
18:44:34.896,0.06
18:44:34.907,0.07
18:44:34.917,0.07
18:44:34.927,0.08
18:44:34.938,0.08
18:44:34.948,0.07
18:44:34.959,0.11
18:44:34.969,0.08
18:44:34.980,0.13
18:44:34.990,0.09
18:44:35.000,0.07
18:44:35.011,0.05
18:44:35.021,0.10
18:44:35.031,0.08
18:44:35.042,0.13
18:44:35.052,0.12
18:44:35.063,0.59
18:44:35.073,0.04
18:44:35.083,0.11
18:44:35.094,0.09
18:44:35.104,0.10
18:44:35.114,0.04
18:44:35.124,0.12
18:44:35.135,0.05
18:44:35.145,0.08
18:44:35.155,0.08
18:44:35.166,0.09
18:44:35.176,0.07
18:44:35.187,0.05
18:44:35.197,0.12
18:44:35.207,0.06
18:44:35.218,0.08
18:44:35.228,0.14
18:44:35.239,0.12
18:44:35.249,0.17
18:44:35.259,0.07
18:44:35.270,0.08
18:44:35.280,1.56
18:44:35.291,0.08
18:44:35.301,0.04
18:44:35.312,0.35
18:44:35.322,0.08
18:44:35.333,0.10
18:44:35.343,0.08
18:44:35.354,0.11
18:44:35.364,0.09
18:44:35.375,0.76
18:44:35.385,0.05
18:44:35.396,0.09
18:44:35.406,0.17
18:44:35.417,0.07
18:44:35.427,0.08
18:44:35.437,0.51
18:44:35.448,0.12
18:44:35.458,0.10
18:44:35.469,0.20
18:44:35.479,0.10
18:44:35.490,0.09
18:44:35.500,0.36
18:44:35.510,0.10
18:44:35.521,0.11
18:44:35.531,0.27
18:44:35.542,0.12
18:44:35.553,0.08
18:44:35.563,0.19
18:44:35.574,0.07
18:44:35.584,0.07
18:44:35.594,0.88
18:44:35.605,0.06
18:44:35.615,0.07
18:44:35.625,0.08
18:44:35.636,0.08
18:44:35.646,0.07
18:44:35.657,0.08
18:44:35.667,0.09
18:44:35.678,0.07
18:44:35.688,0.16
18:44:35.698,0.08
18:44:35.708,0.06
18:44:35.719,0.11
18:44:35.729,0.11
18:44:35.740,0.10
18:44:35.750,2.70
18:44:35.760,0.06
18:44:35.770,0.08
18:44:35.781,0.11
18:44:35.791,0.08
18:44:35.801,0.05
18:44:35.812,0.06
18:44:35.822,0.09
18:44:35.832,0.09
18:44:35.843,0.04
18:44:35.853,0.10
18:44:35.864,0.07
18:44:35.874,3.04
18:44:35.885,0.12
18:44:35.895,19.17
18:44:35.914,0.08
18:44:35.925,23.09
18:44:35.948,5.24
18:44:35.958,23.92
18:44:35.982,0.07
18:44:35.993,21.88
18:44:36.013,0.06
18:44:36.025,22.67
18:44:36.048,0.42
18:44:36.059,0.08
18:44:36.069,0.08
18:44:36.080,0.11
18:44:36.090,0.08
18:44:36.101,0.06
18:44:36.111,0.06
18:44:36.121,0.15
18:44:36.132,0.08
18:44:36.142,0.05
18:44:36.152,0.04
18:44:36.163,0.08
18:44:36.173,0.73
18:44:36.184,0.08
18:44:36.194,0.08
18:44:36.204,1.01
18:44:36.215,0.19
18:44:36.225,0.08
18:44:36.236,0.21
18:44:36.246,0.07
18:44:36.257,0.08
18:44:36.267,0.42
18:44:36.277,0.04
18:44:36.288,0.06
18:44:36.298,0.34
18:44:36.309,0.05
18:44:36.319,0.06
18:44:36.329,0.55
18:44:36.340,0.06
18:44:36.350,3.47
18:44:36.361,1.14
18:44:36.371,0.14
18:44:36.382,0.10
18:44:36.392,0.76
18:44:36.402,0.08
18:44:36.413,0.10
18:44:36.424,0.56
18:44:36.434,0.11
18:44:36.444,0.08
18:44:36.454,0.58
18:44:36.465,0.08
18:44:36.475,0.07
18:44:36.486,0.77
18:44:36.496,0.13
18:44:36.507,0.09
18:44:36.517,0.07
18:44:36.528,0.07
18:44:36.539,0.07
18:44:36.549,0.08
18:44:36.559,0.08
18:44:36.570,0.17
18:44:36.580,0.55
18:44:36.590,0.10
18:44:36.601,0.09
18:44:36.611,0.06
18:44:36.621,0.37
18:44:36.632,0.13
18:44:36.642,0.07
18:44:36.652,0.64
18:44:36.663,0.10
18:44:36.673,0.05
18:44:36.684,0.09
18:44:36.694,0.13
18:44:36.705,0.10
18:44:36.715,0.08
18:44:36.726,0.08
18:44:36.736,0.06
18:44:36.746,0.05
18:44:36.757,0.09
18:44:36.768,0.09
18:44:36.778,0.05
18:44:36.789,0.07
18:44:36.799,0.06
18:44:36.810,0.06
18:44:36.820,0.12
18:44:36.831,0.08
18:44:36.841,0.14
18:44:36.851,0.07
18:44:36.862,0.12
18:44:36.872,0.12
18:44:36.882,0.06
18:44:36.893,0.09
18:44:36.903,0.07
18:44:36.914,0.14
18:44:36.925,0.06
18:44:36.935,0.04
18:44:36.945,0.07
18:44:36.956,0.05
18:44:36.966,0.10
18:44:36.976,0.09
18:44:36.987,0.08
18:44:36.997,0.08
18:44:37.008,0.09
18:44:37.018,4.24
18:44:37.028,0.08
18:44:37.039,0.12
18:44:37.049,0.10
18:44:37.059,0.07
18:44:37.070,0.07
18:44:37.080,0.07
18:44:37.091,0.05
18:44:37.101,0.07
18:44:37.111,0.05
18:44:37.122,0.05
18:44:37.132,0.10
18:44:37.142,0.16
18:44:37.153,0.10
18:44:37.163,0.06
18:44:37.174,0.05
18:44:37.184,0.04
18:44:37.194,0.07
18:44:37.204,0.05
18:44:37.214,0.05
18:44:37.225,0.11
18:44:37.235,0.06
18:44:37.246,0.05
18:44:37.256,0.07
18:44:37.267,0.08
18:44:37.277,0.09
18:44:37.288,0.09
18:44:37.298,0.11
18:44:37.309,0.13
18:44:37.319,0.06
18:44:37.330,0.09
18:44:37.340,0.04
18:44:37.351,0.04
18:44:37.361,0.11
18:44:37.372,0.16
18:44:37.383,0.06
18:44:37.393,0.09
18:44:37.404,0.69
18:44:37.414,0.06
18:44:37.425,0.07
18:44:37.435,0.62
18:44:37.446,0.07
18:44:37.457,0.08
18:44:37.467,0.79
18:44:37.477,0.07
18:44:37.488,0.10
18:44:37.498,0.30
18:44:37.509,0.05
18:44:37.519,0.04
18:44:37.529,0.45
18:44:37.540,0.04
18:44:37.550,1.35
18:44:37.560,0.15
18:44:37.571,0.06
18:44:37.581,0.09
18:44:37.592,0.13
18:44:37.602,0.09
18:44:37.613,0.09
18:44:37.623,0.51
18:44:37.634,0.06
18:44:37.644,0.09
18:44:37.654,0.09
18:44:37.665,0.10
18:44:37.675,0.07
18:44:37.686,0.05
18:44:37.696,0.06
18:44:37.707,0.09
18:44:37.717,0.07
18:44:37.727,0.09
18:44:37.738,0.04
18:44:37.748,0.05
18:44:37.759,0.06
18:44:37.769,0.08
18:44:37.780,0.03
18:44:37.790,0.07
18:44:37.800,0.07
18:44:37.811,0.11
18:44:37.821,0.08
18:44:37.831,0.07
18:44:37.842,0.06
18:44:37.852,0.04
18:44:37.863,0.08
18:44:37.873,0.07
18:44:37.883,0.10
18:44:37.894,0.09
18:44:37.904,1.32
18:44:37.915,0.07
18:44:37.926,0.07
18:44:37.936,0.29
18:44:37.947,0.07
18:44:37.957,0.09
18:44:37.967,0.08
18:44:37.978,0.04
18:44:37.988,0.06
18:44:37.998,0.13
18:44:38.009,0.08
18:44:38.019,2.10
18:44:38.030,0.12
18:44:38.040,0.08
18:44:38.051,0.05
18:44:38.061,0.95
18:44:38.072,0.13
18:44:38.082,0.07
18:44:38.093,0.40
18:44:38.103,0.09
18:44:38.114,0.07
18:44:38.124,0.05
18:44:38.134,0.07
18:44:38.145,0.31
18:44:38.155,0.07
18:44:38.165,0.09
18:44:38.176,0.05
18:44:38.186,0.07
18:44:38.196,0.06
18:44:38.207,0.10
18:44:38.217,0.08
18:44:38.227,0.07
18:44:38.238,0.10
18:44:38.248,0.08
18:44:38.259,0.07
18:44:38.269,0.06
18:44:38.279,0.05
18:44:38.289,0.07
18:44:38.300,0.06
18:44:38.310,0.05
18:44:38.321,0.11
18:44:38.331,0.08
18:44:38.342,0.09
18:44:38.352,0.09
18:44:38.363,0.07
18:44:38.373,0.12
18:44:38.384,0.04
18:44:38.394,0.06
18:44:38.404,0.05
18:44:38.414,0.05
18:44:38.425,0.05
18:44:38.435,0.05
18:44:38.446,0.10
18:44:38.456,0.05
18:44:38.467,0.04
18:44:38.477,0.08
18:44:38.487,0.07
18:44:38.498,0.08
18:44:38.508,0.07
18:44:38.519,0.37
18:44:38.529,0.08
18:44:38.539,0.07
18:44:38.550,0.08
18:44:38.560,0.07
18:44:38.571,0.09
18:44:38.581,0.04
18:44:38.592,0.05
18:44:38.603,0.08
18:44:38.613,0.09
18:44:38.623,0.06
18:44:38.634,0.06
18:44:38.644,0.09
18:44:38.655,0.06
18:44:38.665,0.11
18:44:38.675,0.06
18:44:38.686,0.05
18:44:38.696,0.09
18:44:38.707,0.06
18:44:38.717,0.10
18:44:38.728,0.07
18:44:38.738,0.06
18:44:38.749,0.05
18:44:38.759,0.07
18:44:38.770,0.05
18:44:38.780,0.13
18:44:38.790,0.09
18:44:38.801,0.05
18:44:38.811,0.12
18:44:38.822,0.08
18:44:38.832,0.06
18:44:38.843,0.07
18:44:38.853,0.06
18:44:38.863,0.08
18:44:38.874,0.06
18:44:38.884,0.13
18:44:38.894,0.09
18:44:38.905,0.04
18:44:38.916,0.04
18:44:38.926,0.04
18:44:38.937,0.04
18:44:38.947,0.12
18:44:38.957,0.09
18:44:38.968,0.06
18:44:38.978,0.12
18:44:38.989,0.07
18:44:39.000,0.06
18:44:39.010,0.59
18:44:39.020,0.08
18:44:39.031,0.08
18:44:39.041,0.07
18:44:39.051,2.95
18:44:39.061,0.10
18:44:39.072,0.08
18:44:39.082,0.08
18:44:39.092,0.09
18:44:39.103,0.09
18:44:39.113,0.07
18:44:39.124,0.09
18:44:39.134,0.11
18:44:39.145,0.10
18:44:39.155,0.08
18:44:39.165,0.09
18:44:39.176,0.08
18:44:39.186,0.18
18:44:39.197,0.10
18:44:39.207,0.09
18:44:39.217,0.45
18:44:39.227,0.08
18:44:39.238,0.07
18:44:39.248,0.08
18:44:39.259,0.08
18:44:39.269,0.10
18:44:39.280,0.06
18:44:39.290,0.08
18:44:39.301,0.07
18:44:39.311,0.09
18:44:39.322,0.08
18:44:39.332,0.09
18:44:39.343,0.06
18:44:39.353,0.07
18:44:39.364,0.10
18:44:39.374,0.04
18:44:39.385,0.09
18:44:39.395,0.06
18:44:39.406,0.08
18:44:39.416,0.17
18:44:39.427,0.11
18:44:39.437,0.08
18:44:39.447,0.09
18:44:39.458,0.09
18:44:39.468,0.10
18:44:39.479,0.06
18:44:39.489,0.08
18:44:39.499,0.10
18:44:39.509,0.08
18:44:39.519,0.07
18:44:39.529,0.06
18:44:39.540,0.08
18:44:39.550,0.06
18:44:39.560,0.07
18:44:39.570,0.09
18:44:39.581,0.08
18:44:39.591,0.11
18:44:39.602,0.08
18:44:39.612,0.06
18:44:39.623,0.11
18:44:39.633,0.07
18:44:39.644,0.07
18:44:39.654,0.07
18:44:39.664,0.11
18:44:39.675,0.07
18:44:39.685,0.07
18:44:39.696,0.09
18:44:39.706,0.08
18:44:39.717,0.07
18:44:39.727,0.05
18:44:39.738,0.07
18:44:39.748,0.07
18:44:39.759,0.10
18:44:39.769,0.07
18:44:39.779,0.06
18:44:39.789,0.09
18:44:39.800,0.08
18:44:39.810,0.09
18:44:39.821,0.09
18:44:39.831,0.10
18:44:39.842,0.13
18:44:39.852,0.79
18:44:39.863,0.07
18:44:39.873,0.05
18:44:39.884,0.23
18:44:39.894,0.08
18:44:39.905,0.11
18:44:39.915,0.61
18:44:39.925,0.09
18:44:39.935,0.12
18:44:39.945,0.08
18:44:39.956,0.12
18:44:39.966,0.10
18:44:39.976,0.08
18:44:39.987,0.14
18:44:39.997,0.07
18:44:40.008,0.09
18:44:40.018,6.33
18:44:40.029,0.12
18:44:40.039,0.06
18:44:40.050,0.10
18:44:40.060,0.14
18:44:40.071,0.46
18:44:40.081,0.08
18:44:40.091,0.11
18:44:40.102,1.03
18:44:40.112,0.07
18:44:40.123,0.08
18:44:40.133,0.56
18:44:40.144,0.09
18:44:40.154,0.06
18:44:40.165,0.06
18:44:40.175,0.07
18:44:40.186,0.05
18:44:40.196,0.08
18:44:40.207,0.08
18:44:40.218,0.10
18:44:40.228,0.07
18:44:40.238,0.05
18:44:40.249,3.47
18:44:40.259,0.06
18:44:40.270,0.08
18:44:40.280,0.10
18:44:40.291,0.08
18:44:40.301,0.11
18:44:40.312,0.07
18:44:40.322,0.28
18:44:40.333,0.06
18:44:40.343,0.13
18:44:40.353,0.07
18:44:40.363,0.11
18:44:40.374,0.11
18:44:40.384,0.06
18:44:40.395,0.08
18:44:40.405,0.05
18:44:40.416,0.05
18:44:40.426,0.07
18:44:40.436,0.08
18:44:40.447,0.08
18:44:40.457,0.14
18:44:40.468,0.08
18:44:40.478,0.08
18:44:40.489,0.09
18:44:40.499,0.08
18:44:40.510,0.09
18:44:40.520,0.08
18:44:40.531,0.09
18:44:40.541,0.07
18:44:40.551,1.48
18:44:40.562,0.08
18:44:40.572,0.06
18:44:40.583,0.06
18:44:40.593,0.05
18:44:40.604,0.04
18:44:40.614,0.04
18:44:40.625,0.11
18:44:40.636,0.06
18:44:40.646,0.07
18:44:40.656,0.11
18:44:40.667,0.10
18:44:40.678,0.10
18:44:40.688,0.07
18:44:40.699,0.08
18:44:40.709,0.07
18:44:40.719,0.12
18:44:40.730,0.07
18:44:40.740,0.08
18:44:40.750,0.04
18:44:40.761,0.33
18:44:40.772,0.05
18:44:40.782,0.08
18:44:40.792,0.07
18:44:40.803,0.08
18:44:40.813,0.09
18:44:40.824,0.08
18:44:40.835,0.07
18:44:40.845,0.84
18:44:40.856,0.08
18:44:40.866,0.07
18:44:40.877,0.08
18:44:40.887,0.05
18:44:40.897,0.10
18:44:40.908,0.07
18:44:40.918,0.11
18:44:40.929,0.09
18:44:40.939,0.16
18:44:40.950,0.11
18:44:40.960,0.14
18:44:40.971,0.12
18:44:40.981,0.11
18:44:40.992,0.07
18:44:41.002,0.10
18:44:41.013,5.28
18:44:41.023,6.34
18:44:41.034,0.09
18:44:41.044,0.08
18:44:41.055,0.28
18:44:41.065,0.09
18:44:41.075,0.06
18:44:41.085,0.07
18:44:41.095,0.09
18:44:41.108,0.09
18:44:41.118,0.06
18:44:41.129,0.11
18:44:41.140,0.09
18:44:41.150,3.49
18:44:41.160,0.07
18:44:41.171,0.07
18:44:41.181,0.11
18:44:41.192,0.10
18:44:41.202,0.08
18:44:41.213,0.10
18:44:41.223,0.13
18:44:41.234,0.09
18:44:41.244,0.10
18:44:41.255,0.05
18:44:41.265,0.09
18:44:41.275,0.09
18:44:41.286,0.09
18:44:41.296,0.08
18:44:41.307,0.07
18:44:41.317,0.06
18:44:41.328,0.12
18:44:41.338,0.56
18:44:41.349,0.07
18:44:41.359,0.09
18:44:41.370,0.17
18:44:41.380,0.06
18:44:41.391,0.09
18:44:41.401,0.43
18:44:41.411,0.06
18:44:41.422,0.07
18:44:41.432,0.37
18:44:41.443,0.06
18:44:41.453,0.04
18:44:41.464,0.09
18:44:41.474,0.04
18:44:41.484,0.07
18:44:41.495,0.12
18:44:41.505,0.08
18:44:41.516,0.11
18:44:41.527,0.06
18:44:41.537,0.04
18:44:41.547,0.06
18:44:41.558,0.07
18:44:41.568,0.07
18:44:41.579,0.07
18:44:41.589,0.06
18:44:41.600,0.05
18:44:41.610,0.05
18:44:41.621,0.09
18:44:41.631,0.07
18:44:41.642,0.07
18:44:41.652,0.08
18:44:41.663,0.08
18:44:41.673,0.05
18:44:41.684,0.09
18:44:41.694,0.07
18:44:41.704,0.07
18:44:41.715,0.06
18:44:41.725,0.10
18:44:41.736,0.08
18:44:41.746,0.04
18:44:41.757,0.07
18:44:41.768,0.07
18:44:41.778,0.06
18:44:41.789,0.09
18:44:41.799,0.08
18:44:41.809,0.06
18:44:41.820,0.10
18:44:41.830,0.10
18:44:41.840,0.09
18:44:41.850,0.07
18:44:41.861,0.10
18:44:41.871,0.10
18:44:41.882,0.05
18:44:41.892,0.06
18:44:41.903,0.07
18:44:41.913,0.66
18:44:41.924,0.11
18:44:41.934,0.08
18:44:41.944,0.17
18:44:41.955,0.06
18:44:41.965,0.07
18:44:41.976,0.07
18:44:41.986,0.09
18:44:41.996,0.08
18:44:42.007,0.09
18:44:42.017,1.88
18:44:42.027,0.06
18:44:42.038,0.06
18:44:42.048,3.49
18:44:42.058,0.10
18:44:42.069,0.06
18:44:42.079,0.10
18:44:42.089,0.12
18:44:42.100,0.11
18:44:42.111,0.16
18:44:42.121,0.12
18:44:42.132,0.06
18:44:42.142,0.07
18:44:42.153,0.07
18:44:42.163,0.09
18:44:42.174,0.11
18:44:42.184,0.05
18:44:42.195,0.10
18:44:42.205,0.09
18:44:42.216,0.06
18:44:42.226,0.08
18:44:42.237,0.08
18:44:42.247,0.10
18:44:42.258,0.06
18:44:42.268,0.05
18:44:42.279,0.07
18:44:42.289,0.08
18:44:42.299,0.08
18:44:42.310,0.06
18:44:42.320,0.05
18:44:42.330,0.09
18:44:42.341,0.12
18:44:42.351,0.09
18:44:42.362,0.08
18:44:42.372,0.09
18:44:42.383,0.07
18:44:42.393,0.12
18:44:42.404,0.10
18:44:42.414,0.05
18:44:42.425,0.09
18:44:42.435,0.08
18:44:42.446,0.09
18:44:42.456,0.06
18:44:42.467,0.06
18:44:42.478,0.14
18:44:42.489,0.08
18:44:42.499,0.05
18:44:42.509,0.36
18:44:42.520,0.08
18:44:42.530,0.09
18:44:42.541,0.52
18:44:42.551,0.07
18:44:42.562,0.13
18:44:42.572,0.40
18:44:42.582,0.09
18:44:42.593,0.08
18:44:42.603,0.09
18:44:42.614,0.06
18:44:42.624,0.06
18:44:42.635,0.18
18:44:42.645,0.31
18:44:42.655,0.10
18:44:42.666,0.44
18:44:42.676,0.06
18:44:42.687,0.07
18:44:42.698,0.41
18:44:42.708,0.08
18:44:42.719,0.07
18:44:42.729,0.10
18:44:42.740,0.16
18:44:42.750,0.07
18:44:42.761,0.43
18:44:42.771,0.09
18:44:42.781,0.08
18:44:42.792,0.33
18:44:42.803,0.09
18:44:42.813,0.05
18:44:42.823,0.57
18:44:42.833,0.06
18:44:42.844,0.06
18:44:42.855,0.90
18:44:42.866,0.07
18:44:42.876,0.09
18:44:42.886,0.84
18:44:42.897,0.07
18:44:42.907,0.07
18:44:42.918,0.46
18:44:42.928,0.06
18:44:42.939,0.08
18:44:42.949,3.47
18:44:42.959,0.07
18:44:42.970,0.04
18:44:42.980,0.67
18:44:42.990,0.08
18:44:43.001,0.11
18:44:43.011,0.66
18:44:43.022,0.05
18:44:43.032,0.11
18:44:43.043,0.55
18:44:43.053,0.08
18:44:43.064,0.15
18:44:43.074,0.57
18:44:43.085,0.05
18:44:43.095,0.10
18:44:43.105,0.60
18:44:43.116,0.08
18:44:43.127,0.13
18:44:43.137,0.07
18:44:43.148,0.08
18:44:43.158,0.13
18:44:43.169,1.80
18:44:43.179,0.11
18:44:43.189,0.07
18:44:43.200,0.65
18:44:43.210,0.11
18:44:43.221,0.10
18:44:43.231,0.46
18:44:43.242,0.08
18:44:43.252,0.68
18:44:43.263,0.45
18:44:43.274,0.06
18:44:43.284,0.10
18:44:43.294,0.33
18:44:43.305,0.06
18:44:43.315,0.05
18:44:43.326,0.12
18:44:43.336,0.05
18:44:43.347,0.08
18:44:43.357,0.41
18:44:43.368,0.10
18:44:43.378,0.07
18:44:43.389,0.07
18:44:43.399,0.18
18:44:43.410,0.09
18:44:43.420,0.30
18:44:43.431,0.09
18:44:43.441,0.11
18:44:43.451,0.04
18:44:43.461,0.05
18:44:43.472,0.08
18:44:43.482,0.06
18:44:43.493,0.06
18:44:43.503,0.11
18:44:43.514,0.09
18:44:43.524,0.07
18:44:43.535,0.11
18:44:43.545,0.40
18:44:43.555,0.10
18:44:43.565,0.13
18:44:43.576,0.09
18:44:43.587,0.07
18:44:43.597,0.10
18:44:43.608,0.09
18:44:43.618,0.03
18:44:43.628,0.10
18:44:43.639,0.08
18:44:43.649,0.23
18:44:43.660,0.08
18:44:43.670,0.06
18:44:43.681,0.27
18:44:43.691,0.07
18:44:43.702,0.10
18:44:43.712,1.66
18:44:43.723,0.06
18:44:43.733,0.05
18:44:43.744,0.10
18:44:43.754,0.06
18:44:43.765,0.09
18:44:43.775,0.70
18:44:43.785,0.06
18:44:43.796,0.07
18:44:43.806,0.37
18:44:43.817,0.09
18:44:43.827,0.08
18:44:43.837,0.26
18:44:43.848,0.07
18:44:43.858,0.07
18:44:43.869,0.51
18:44:43.879,0.05
18:44:43.889,0.07
18:44:43.899,0.40
18:44:43.910,0.15
18:44:43.921,0.12
18:44:43.931,0.43
18:44:43.941,0.15
18:44:43.953,0.14
18:44:43.964,0.07
18:44:43.974,0.12
18:44:43.984,0.08
18:44:43.994,0.18
18:44:44.005,0.07
18:44:44.015,1.54
18:44:44.026,0.86
18:44:44.036,0.08
18:44:44.047,0.08
18:44:44.057,0.43
18:44:44.068,0.07
18:44:44.078,0.05
18:44:44.088,0.58
18:44:44.099,0.06
18:44:44.109,0.06
18:44:44.119,0.36
18:44:44.130,0.09
18:44:44.140,0.11
18:44:44.151,2.14
18:44:44.161,0.15
18:44:44.171,0.09
18:44:44.182,0.06
18:44:44.192,0.09
18:44:44.202,0.16
18:44:44.213,0.10
18:44:44.224,0.06
18:44:44.234,0.12
18:44:44.244,0.06
18:44:44.255,0.10
18:44:44.265,0.12
18:44:44.275,0.12
18:44:44.286,0.08
18:44:44.296,0.08
18:44:44.307,0.06
18:44:44.317,0.10
18:44:44.327,0.07
18:44:44.338,1.29
18:44:44.348,0.04
18:44:44.359,0.08
18:44:44.369,0.56
18:44:44.380,0.07
18:44:44.390,0.06
18:44:44.401,0.84
18:44:44.412,0.08
18:44:44.422,0.06
18:44:44.432,0.50
18:44:44.443,0.08
18:44:44.453,0.07
18:44:44.464,0.39
18:44:44.474,0.06
18:44:44.485,0.10
18:44:44.495,0.41
18:44:44.506,0.07
18:44:44.516,0.10
18:44:44.527,0.27
18:44:44.537,0.10
18:44:44.548,0.07
18:44:44.558,0.10
18:44:44.569,0.06
18:44:44.579,0.08
18:44:44.590,0.38
18:44:44.600,0.09
18:44:44.611,0.08
18:44:44.621,0.31
18:44:44.632,0.17
18:44:44.642,0.08
18:44:44.652,0.48
18:44:44.663,0.10
18:44:44.673,0.10
18:44:44.684,0.16
18:44:44.695,0.06
18:44:44.705,0.08
18:44:44.716,0.19
18:44:44.726,0.09
18:44:44.737,0.07
18:44:44.747,0.08
18:44:44.757,0.07
18:44:44.767,0.07
18:44:44.778,0.08
18:44:44.788,0.12
18:44:44.798,0.07
18:44:44.809,0.04
18:44:44.819,0.10
18:44:44.830,0.16
18:44:44.840,0.08
18:44:44.851,0.08
18:44:44.861,0.34
18:44:44.871,0.07
18:44:44.882,0.05
18:44:44.892,0.41
18:44:44.902,0.06
18:44:44.913,0.08
18:44:44.923,0.17
18:44:44.934,0.09
18:44:44.944,0.11
18:44:44.955,0.07
18:44:44.965,0.14
18:44:44.976,0.07
18:44:44.986,0.11
18:44:44.997,0.08
18:44:45.007,1.87
18:44:45.018,1.07
18:44:45.028,0.07
18:44:45.038,0.08
18:44:45.049,2.43
18:44:45.059,0.11
18:44:45.070,0.12
18:44:45.080,0.16
18:44:45.091,0.10
18:44:45.101,0.06
18:44:45.111,0.09
18:44:45.122,0.09
18:44:45.132,0.25
18:44:45.143,0.05
18:44:45.153,0.10
18:44:45.164,0.07
18:44:45.174,0.07
18:44:45.184,0.08
18:44:45.195,0.08
18:44:45.205,0.08
18:44:45.216,0.14
18:44:45.226,0.08
18:44:45.237,0.09
18:44:45.247,0.07
18:44:45.257,0.07
18:44:45.268,0.07
18:44:45.278,0.15
18:44:45.289,0.07
18:44:45.299,0.09
18:44:45.310,0.06
18:44:45.320,0.10
18:44:45.331,0.05
18:44:45.341,0.08
18:44:45.351,1.40
18:44:45.362,0.09
18:44:45.373,0.08
18:44:45.383,0.08
18:44:45.394,0.09
18:44:45.404,0.09
18:44:45.415,0.06
18:44:45.425,0.08
18:44:45.436,0.11
18:44:45.446,0.04
18:44:45.456,0.06
18:44:45.467,0.10
18:44:45.477,0.06
18:44:45.488,0.07
18:44:45.498,0.11
18:44:45.508,0.07
18:44:45.519,0.04
18:44:45.529,0.09
18:44:45.539,0.04
18:44:45.550,0.07
18:44:45.560,0.10
18:44:45.570,0.08
18:44:45.581,0.06
18:44:45.591,0.07
18:44:45.602,0.04
18:44:45.612,0.10
18:44:45.623,0.08
18:44:45.633,0.07
18:44:45.643,0.05
18:44:45.654,0.09
18:44:45.664,0.07
18:44:45.674,0.07
18:44:45.685,0.09
18:44:45.695,0.06
18:44:45.706,0.05
18:44:45.716,0.07
18:44:45.726,0.09
18:44:45.737,0.10
18:44:45.747,0.08
18:44:45.758,0.07
18:44:45.768,0.06
18:44:45.778,0.06
18:44:45.789,0.07
18:44:45.799,0.08
18:44:45.809,0.08
18:44:45.820,0.09
18:44:45.830,0.12
18:44:45.841,0.12
18:44:45.851,0.09
18:44:45.861,0.12
18:44:45.872,0.12
18:44:45.882,0.08
18:44:45.892,0.11
18:44:45.903,0.07
18:44:45.913,0.10
18:44:45.924,0.08
18:44:45.934,0.10
18:44:45.945,0.06
18:44:45.955,0.68
18:44:45.966,0.10
18:44:45.976,0.07
18:44:45.987,0.15
18:44:45.997,0.10
18:44:46.008,3.35
18:44:46.018,0.06
18:44:46.028,0.09
18:44:46.039,0.71
18:44:46.049,0.52
18:44:46.060,0.11
18:44:46.070,0.08
18:44:46.080,0.27
18:44:46.091,0.09
18:44:46.101,0.06
18:44:46.112,0.91
18:44:46.122,0.08
18:44:46.133,0.11
18:44:46.144,0.05
18:44:46.154,0.10
18:44:46.165,0.08
18:44:46.175,0.10
18:44:46.186,0.09
18:44:46.196,0.11
18:44:46.207,0.08
18:44:46.217,0.11
18:44:46.228,0.08
18:44:46.238,0.10
18:44:46.248,3.27
18:44:46.259,0.10
18:44:46.269,0.09
18:44:46.280,0.07
18:44:46.291,0.14
18:44:46.301,0.09
18:44:46.311,0.08
18:44:46.322,0.09
18:44:46.332,0.11
18:44:46.343,0.07
18:44:46.353,0.13
18:44:46.364,0.17
18:44:46.374,0.07
18:44:46.385,0.08
18:44:46.395,0.14
18:44:46.406,0.12
18:44:46.416,0.06
18:44:46.426,0.09
18:44:46.437,0.13
18:44:46.447,0.10
18:44:46.458,0.07
18:44:46.468,0.07
18:44:46.479,0.08
18:44:46.489,0.11
18:44:46.499,0.28
18:44:46.510,0.13
18:44:46.520,0.04
18:44:46.530,0.65
18:44:46.540,0.05
18:44:46.551,2.38
18:44:46.561,0.10
18:44:46.572,0.07
18:44:46.582,0.09
18:44:46.593,1.12
18:44:46.603,0.10
18:44:46.614,0.09
18:44:46.624,0.57
18:44:46.635,0.07
18:44:46.645,0.04
18:44:46.656,0.09
18:44:46.666,0.11
18:44:46.677,0.10
18:44:46.687,0.08
18:44:46.698,0.13
18:44:46.708,0.06
18:44:46.718,0.24
18:44:46.728,0.10
18:44:46.739,0.07
18:44:46.750,0.08
18:44:46.760,0.11
18:44:46.770,0.07
18:44:46.781,0.08
18:44:46.791,0.11
18:44:46.802,0.15
18:44:46.813,0.06
18:44:46.823,0.08
18:44:46.834,0.14
18:44:46.844,0.28
18:44:46.855,0.11
18:44:46.866,0.10
18:44:46.876,0.08
18:44:46.886,0.12
18:44:46.897,0.09
18:44:46.907,0.10
18:44:46.917,0.10
18:44:46.928,0.10
18:44:46.939,0.09
18:44:46.949,0.13
18:44:46.959,0.09
18:44:46.969,0.06
18:44:46.980,0.07
18:44:46.990,0.11
18:44:47.001,0.10
18:44:47.011,0.11
18:44:47.022,1.04
18:44:47.032,0.08
18:44:47.043,0.12
18:44:47.053,0.07
18:44:47.064,0.08
18:44:47.074,0.07
18:44:47.085,0.11
18:44:47.096,0.08
18:44:47.106,0.13
18:44:47.116,0.08
18:44:47.127,0.08
18:44:47.137,0.04
18:44:47.148,0.04
18:44:47.158,0.10
18:44:47.168,0.04
18:44:47.178,0.06
18:44:47.189,0.07
18:44:47.199,0.06
18:44:47.210,0.07
18:44:47.220,0.16
18:44:47.231,0.24
18:44:47.242,0.08
18:44:47.252,0.08
18:44:47.263,0.42
18:44:47.273,0.07
18:44:47.284,0.06
18:44:47.294,0.36
18:44:47.305,0.05
18:44:47.316,0.06
18:44:47.326,0.05
18:44:47.337,0.04
18:44:47.347,0.08
18:44:47.357,0.13
18:44:47.368,0.07
18:44:47.378,0.05
18:44:47.389,0.08
18:44:47.400,0.08
18:44:47.410,0.09
18:44:47.421,0.06
18:44:47.431,0.08
18:44:47.442,0.07
18:44:47.452,0.38
18:44:47.462,0.07
18:44:47.473,0.06
18:44:47.483,0.08
18:44:47.494,0.08
18:44:47.504,0.15
18:44:47.515,0.07
18:44:47.525,0.07
18:44:47.536,0.07
18:44:47.546,0.10
18:44:47.556,0.06
18:44:47.567,0.11
18:44:47.577,0.05
18:44:47.588,0.06
18:44:47.598,0.08
18:44:47.609,0.07
18:44:47.619,0.09
18:44:47.630,0.10
18:44:47.640,0.06
18:44:47.650,0.15
18:44:47.661,0.09
18:44:47.671,0.07
18:44:47.682,0.07
18:44:47.692,0.10
18:44:47.702,0.06
18:44:47.713,0.09
18:44:47.723,0.13
18:44:47.733,0.51
18:44:47.744,0.27
18:44:47.754,0.07
18:44:47.765,0.90
18:44:47.775,0.09
18:44:47.786,0.05
18:44:47.796,0.09
18:44:47.807,0.38
18:44:47.817,0.06
18:44:47.828,0.11
18:44:47.838,0.06
18:44:47.849,0.09
18:44:47.859,0.06
18:44:47.870,0.06
18:44:47.880,0.09
18:44:47.890,0.06
18:44:47.901,0.06
18:44:47.911,0.06
18:44:47.921,0.07
18:44:47.932,0.07
18:44:47.942,0.07
18:44:47.952,0.07
18:44:47.963,0.12
18:44:47.973,0.09
18:44:47.984,0.07
18:44:47.994,0.07
18:44:48.005,0.11
18:44:48.015,0.06
18:44:48.026,0.10
18:44:48.036,2.59
18:44:48.047,1.77
18:44:48.057,0.06
18:44:48.068,0.12
18:44:48.078,0.06
18:44:48.088,0.14
18:44:48.099,0.14
18:44:48.109,0.06
18:44:48.120,0.08
18:44:48.130,0.10
18:44:48.141,0.07
18:44:48.151,0.09
18:44:48.162,0.08
18:44:48.172,0.06
18:44:48.183,0.07
18:44:48.193,0.08
18:44:48.204,0.10
18:44:48.214,0.11
18:44:48.224,0.11
18:44:48.235,0.08
18:44:48.245,0.07
18:44:48.256,0.09
18:44:48.266,0.34
18:44:48.277,0.10
18:44:48.287,0.13
18:44:48.298,0.07
18:44:48.308,0.10
18:44:48.319,0.06
18:44:48.329,0.09
18:44:48.339,0.07
18:44:48.350,3.74
18:44:48.360,0.09
18:44:48.371,0.07
18:44:48.381,0.09
18:44:48.392,0.11
18:44:48.402,0.09
18:44:48.413,0.10
18:44:48.423,0.07
18:44:48.434,0.42
18:44:48.444,0.07
18:44:48.455,0.10
18:44:48.465,0.08
18:44:48.475,0.08
18:44:48.485,0.08
18:44:48.496,0.09
18:44:48.507,0.07
18:44:48.517,0.07
18:44:48.527,0.87
18:44:48.538,0.05
18:44:48.548,0.08
18:44:48.559,0.48
18:44:48.570,0.10
18:44:48.580,0.10
18:44:48.591,1.06
18:44:48.601,0.09
18:44:48.611,0.08
18:44:48.622,0.11
18:44:48.632,0.10
18:44:48.643,0.11
18:44:48.653,0.18
18:44:48.664,0.10
18:44:48.674,0.08
18:44:48.685,0.35
18:44:48.695,0.09
18:44:48.705,0.09
18:44:48.716,0.21
18:44:48.726,0.14
18:44:48.737,0.08
18:44:48.747,0.06
18:44:48.757,0.11
18:44:48.767,0.05
18:44:48.778,0.05
18:44:48.788,0.06
18:44:48.799,0.10
18:44:48.809,0.07
18:44:48.820,0.04
18:44:48.830,0.07
18:44:48.841,0.06
18:44:48.851,0.10
18:44:48.861,0.09
18:44:48.872,0.06
18:44:48.883,0.05
18:44:48.893,0.07
18:44:48.904,0.07
18:44:48.914,0.08
18:44:48.924,0.13
18:44:48.935,0.05
18:44:48.945,0.05
18:44:48.956,0.08
18:44:48.966,0.05
18:44:48.977,0.09
18:44:48.987,0.08
18:44:48.998,0.08
18:44:49.008,0.06
18:44:49.019,0.05
18:44:49.029,4.52
18:44:49.040,0.16
18:44:49.050,0.11
18:44:49.060,0.10
18:44:49.071,0.04
18:44:49.081,0.05
18:44:49.091,0.08
18:44:49.102,0.08
18:44:49.112,0.08
18:44:49.123,0.08
18:44:49.133,0.06
18:44:49.143,0.13
18:44:49.154,0.08
18:44:49.164,0.07
18:44:49.175,0.08
18:44:49.185,0.09
18:44:49.196,0.10
18:44:49.206,0.07
18:44:49.216,0.07
18:44:49.227,0.12
18:44:49.237,0.07
18:44:49.248,0.07
18:44:49.258,0.06
18:44:49.268,0.08
18:44:49.279,0.09
18:44:49.289,0.05
18:44:49.300,0.11
18:44:49.310,0.08
18:44:49.322,0.09
18:44:49.333,0.06
18:44:49.343,0.07
18:44:49.353,0.10
18:44:49.364,0.07
18:44:49.374,0.09
18:44:49.384,0.04
18:44:49.395,0.09
18:44:49.405,0.06
18:44:49.416,0.08
18:44:49.426,0.07
18:44:49.437,0.06
18:44:49.447,0.09
18:44:49.458,0.09
18:44:49.468,0.06
18:44:49.478,0.06
18:44:49.488,0.23
18:44:49.499,0.07
18:44:49.509,0.05
18:44:49.519,0.10
18:44:49.530,0.06
18:44:49.540,0.13
18:44:49.550,0.86
18:44:49.561,0.07
18:44:49.571,0.09
18:44:49.581,0.09
18:44:49.592,0.06
18:44:49.602,0.14
18:44:49.613,0.05
18:44:49.623,0.08
18:44:49.634,0.05
18:44:49.644,0.06
18:44:49.655,0.07
18:44:49.665,0.11
18:44:49.676,0.09
18:44:49.686,0.07
18:44:49.696,0.11
18:44:49.707,0.06
18:44:49.717,0.08
18:44:49.727,0.06
18:44:49.738,0.08
18:44:49.748,0.04
18:44:49.759,0.06
18:44:49.769,0.08
18:44:49.779,0.06
18:44:49.789,0.05
18:44:49.800,0.07
18:44:49.810,0.10
18:44:49.821,0.10
18:44:49.831,0.10
18:44:49.841,0.08
18:44:49.852,0.34
18:44:49.862,0.09
18:44:49.873,0.07
18:44:49.883,0.08
18:44:49.894,0.08
18:44:49.904,0.11
18:44:49.915,0.05
18:44:49.925,0.09
18:44:49.936,0.08
18:44:49.946,0.06
18:44:49.957,0.10
18:44:49.967,0.08
18:44:49.978,0.10
18:44:49.988,0.08
18:44:49.999,0.07
18:44:50.009,0.10
18:44:50.020,0.08
18:44:50.031,0.07
18:44:50.041,0.19
18:44:50.051,0.75
18:44:50.061,0.08
18:44:50.072,0.05
18:44:50.082,0.06
18:44:50.093,0.08
18:44:50.106,0.39
18:44:50.116,0.09
18:44:50.126,0.09
18:44:50.137,0.10
18:44:50.147,0.06
18:44:50.158,0.09
18:44:50.168,0.06
18:44:50.181,0.28
18:44:50.191,0.07
18:44:50.202,0.08
18:44:50.212,0.25
18:44:50.222,0.12
18:44:50.233,0.09
18:44:50.243,0.10
18:44:50.253,0.09
18:44:50.264,0.69
18:44:50.274,1.85
18:44:50.285,0.08
18:44:50.297,0.08
18:44:50.308,0.09
18:44:50.318,0.11
18:44:50.331,0.06
18:44:50.341,0.06
18:44:50.351,0.06
18:44:50.362,0.06
18:44:50.372,0.10
18:44:50.382,0.06
18:44:50.392,0.08
18:44:50.403,0.06
18:44:50.414,0.07
18:44:50.424,0.15
18:44:50.435,0.11
18:44:50.445,0.08
18:44:50.456,0.07
18:44:50.466,0.08
18:44:50.477,0.10
18:44:50.487,0.07
18:44:50.498,0.06
18:44:50.508,0.05
18:44:50.518,0.06
18:44:50.529,0.07
18:44:50.539,0.06
18:44:50.549,0.06
18:44:50.560,0.11
18:44:50.570,0.04
18:44:50.580,0.08
18:44:50.590,0.07
18:44:50.601,0.05
18:44:50.611,0.06
18:44:50.622,0.07
18:44:50.632,0.07
18:44:50.643,0.08
18:44:50.653,0.05
18:44:50.664,0.06
18:44:50.674,0.07
18:44:50.685,0.09
18:44:50.695,0.05
18:44:50.705,0.05
18:44:50.715,0.06
18:44:50.726,0.06
18:44:50.736,0.08
18:44:50.747,0.09
18:44:50.757,0.06
18:44:50.768,0.09
18:44:50.778,0.06
18:44:50.789,0.07
18:44:50.799,0.06
18:44:50.810,0.08
18:44:50.820,0.05
18:44:50.831,0.06
18:44:50.841,0.06
18:44:50.852,0.45
18:44:50.862,0.11
18:44:50.872,0.13
18:44:50.883,0.44
18:44:50.894,0.08
18:44:50.904,0.07
18:44:50.914,0.44
18:44:50.925,0.09
18:44:50.935,0.08
18:44:50.946,0.22
18:44:50.956,0.05
18:44:50.967,0.08
18:44:50.977,0.42
18:44:50.988,0.06
18:44:50.999,0.06
18:44:51.009,0.37
18:44:51.020,6.60
18:44:51.030,0.07
18:44:51.040,0.10
18:44:51.051,2.07
18:44:51.061,0.09
18:44:51.072,0.47
18:44:51.084,0.07
18:44:51.095,0.08
18:44:51.105,0.07
18:44:51.115,0.06
18:44:51.125,0.09
18:44:51.136,0.05
18:44:51.146,0.07
18:44:51.157,0.05
18:44:51.167,0.14
18:44:51.178,0.06
18:44:51.188,0.08
18:44:51.199,0.08
18:44:51.209,0.08
18:44:51.220,0.16
18:44:51.230,0.11
18:44:51.241,0.10
18:44:51.251,0.11
18:44:51.262,0.08
18:44:51.272,0.09
18:44:51.282,0.10
18:44:51.293,0.07
18:44:51.305,0.37
18:44:51.316,0.08
18:44:51.326,0.09
18:44:51.337,0.07
18:44:51.347,0.05
18:44:51.357,0.09
18:44:51.368,0.56
18:44:51.378,0.06
18:44:51.388,0.09
18:44:51.399,0.42
18:44:51.409,0.05
18:44:51.420,0.05
18:44:51.430,0.31
18:44:51.440,0.05
18:44:51.451,0.05
18:44:51.461,0.15
18:44:51.472,0.09
18:44:51.482,0.08
18:44:51.493,0.18
18:44:51.503,0.06
18:44:51.514,0.09
18:44:51.524,0.24
18:44:51.534,0.05
18:44:51.546,0.07
18:44:51.557,0.06
18:44:51.568,0.06
18:44:51.578,0.05
18:44:51.588,0.05
18:44:51.601,0.06
18:44:51.611,0.05
18:44:51.622,0.13
18:44:51.634,0.37
18:44:51.645,0.05
18:44:51.655,0.05
18:44:51.668,0.07
18:44:51.678,0.06
18:44:51.689,0.06
18:44:51.699,0.07
18:44:51.709,0.05
18:44:51.720,0.04
18:44:51.730,0.05
18:44:51.740,0.08
18:44:51.751,0.11
18:44:51.761,0.06
18:44:51.771,0.08
18:44:51.782,0.07
18:44:51.792,0.06
18:44:51.803,0.08
18:44:51.813,0.09
18:44:51.824,0.08
18:44:51.834,0.06
18:44:51.846,0.05
18:44:51.857,0.07
18:44:51.868,0.06
18:44:51.878,0.07
18:44:51.888,0.09
18:44:51.899,0.06
18:44:51.909,0.09
18:44:51.920,0.09
18:44:51.930,0.38
18:44:51.940,0.04
18:44:51.951,0.47
18:44:51.962,0.37
18:44:51.972,0.12
18:44:51.982,0.05
18:44:51.993,0.30
18:44:52.003,0.06
18:44:52.014,2.08
18:44:52.024,1.59
18:44:52.034,0.09
18:44:52.045,0.07
18:44:52.056,0.63
18:44:52.066,0.08
18:44:52.077,0.09
18:44:52.087,0.10
18:44:52.097,0.09
18:44:52.108,0.10
18:44:52.118,0.34
18:44:52.129,0.09
18:44:52.139,0.09
18:44:52.150,0.69
18:44:52.160,0.10
18:44:52.171,0.11
18:44:52.181,0.05
18:44:52.191,0.07
18:44:52.201,0.07
18:44:52.212,0.05
18:44:52.223,0.07
18:44:52.233,0.07
18:44:52.244,0.15
18:44:52.254,0.68
18:44:52.264,0.11
18:44:52.276,0.38
18:44:52.286,0.07
18:44:52.297,0.09
18:44:52.307,0.08
18:44:52.318,0.07
18:44:52.328,0.12
18:44:52.339,0.07
18:44:52.349,0.06
18:44:52.359,0.08
18:44:52.370,0.06
18:44:52.380,0.07
18:44:52.391,0.09
18:44:52.401,0.09
18:44:52.411,0.05
18:44:52.422,0.06
18:44:52.432,0.06
18:44:52.443,0.06
18:44:52.453,0.06
18:44:52.464,0.07
18:44:52.474,0.07
18:44:52.484,0.08
18:44:52.495,0.09
18:44:52.506,0.17
18:44:52.516,0.08
18:44:52.526,0.06
18:44:52.536,0.46
18:44:52.547,0.08
18:44:52.557,0.07
18:44:52.568,0.89
18:44:52.578,0.06
18:44:52.589,0.06
18:44:52.599,0.05
18:44:52.609,0.04
18:44:52.620,0.05
18:44:52.630,0.08
18:44:52.640,0.06
18:44:52.651,0.07
18:44:52.661,0.33
18:44:52.672,0.06
18:44:52.682,0.09
18:44:52.692,0.22
18:44:52.703,0.11
18:44:52.713,0.13
18:44:52.724,0.41
18:44:52.734,0.07
18:44:52.744,0.06
18:44:52.755,0.15
18:44:52.765,0.08
18:44:52.776,0.07
18:44:52.786,0.76
18:44:52.796,0.06
18:44:52.807,0.05
18:44:52.817,0.22
18:44:52.828,0.07
18:44:52.839,0.06
18:44:52.849,2.25
18:44:52.859,0.07
18:44:52.870,0.06
18:44:52.880,0.06
18:44:52.891,0.09
18:44:52.901,0.10
18:44:52.911,0.06
18:44:52.921,0.07
18:44:52.932,0.10
18:44:52.942,0.10
18:44:52.952,0.09
18:44:52.963,0.06
18:44:52.973,0.07
18:44:52.984,0.09
18:44:52.994,0.10
18:44:53.005,0.08
18:44:53.015,0.05
18:44:53.026,0.07
18:44:53.038,0.12
18:44:53.048,0.07
18:44:53.059,0.10
18:44:53.069,0.54
18:44:53.080,0.13
18:44:53.092,0.12
18:44:53.103,0.12
18:44:53.113,0.12
18:44:53.124,0.09
18:44:53.134,0.06
18:44:53.145,0.03
18:44:53.155,0.06
18:44:53.166,0.05
18:44:53.176,0.30
18:44:53.187,0.05
18:44:53.197,0.07
18:44:53.207,0.07
18:44:53.217,0.09
18:44:53.228,0.07
18:44:53.238,0.04
18:44:53.249,0.06
18:44:53.259,0.06
18:44:53.269,0.09
18:44:53.280,0.08
18:44:53.290,0.08
18:44:53.301,0.10
18:44:53.311,0.11
18:44:53.321,0.05
18:44:53.331,0.05
18:44:53.342,0.10
18:44:53.353,0.06
18:44:53.363,0.07
18:44:53.373,0.09
18:44:53.384,0.09
18:44:53.394,0.12
18:44:53.405,0.07
18:44:53.416,0.05
18:44:53.426,0.10
18:44:53.436,0.05
18:44:53.447,0.07
18:44:53.457,0.05
18:44:53.468,0.08
18:44:53.478,0.05
18:44:53.489,0.07
18:44:53.499,0.12
18:44:53.510,0.08
18:44:53.520,0.06
18:44:53.530,0.11
18:44:53.541,0.07
18:44:53.551,0.08
18:44:53.562,0.08
18:44:53.572,0.09
18:44:53.583,0.48
18:44:53.593,0.11
18:44:53.603,0.09
18:44:53.614,0.18
18:44:53.624,0.10
18:44:53.634,0.08
18:44:53.645,0.26
18:44:53.655,0.08
18:44:53.665,0.07
18:44:53.676,0.41
18:44:53.686,0.08
18:44:53.697,0.10
18:44:53.707,0.79
18:44:53.718,0.07
18:44:53.728,0.07
18:44:53.739,0.26
18:44:53.749,0.07
18:44:53.760,0.09
18:44:53.770,0.50
18:44:53.780,0.07
18:44:53.791,0.08
18:44:53.801,0.51
18:44:53.812,0.08
18:44:53.822,0.06
18:44:53.832,0.06
18:44:53.843,0.05
18:44:53.853,0.09
18:44:53.864,0.06
18:44:53.875,0.09
18:44:53.885,0.09
18:44:53.895,0.08
18:44:53.905,0.07
18:44:53.916,0.07
18:44:53.926,0.07
18:44:53.937,0.06
18:44:53.947,0.10
18:44:53.958,0.08
18:44:53.968,0.08
18:44:53.979,0.05
18:44:53.989,0.07
18:44:53.999,0.09
18:44:54.010,1.04
18:44:54.020,0.08
18:44:54.031,0.08
18:44:54.041,0.09
18:44:54.051,0.05
18:44:54.062,0.09
18:44:54.072,0.10
18:44:54.083,0.15
18:44:54.093,0.11
18:44:54.104,0.10
18:44:54.114,0.08
18:44:54.125,0.13
18:44:54.135,0.16
18:44:54.146,0.12
18:44:54.156,0.10
18:44:54.167,0.10
18:44:54.177,0.08
18:44:54.187,0.11
18:44:54.197,0.08
18:44:54.208,0.12
18:44:54.219,0.07
18:44:54.229,0.09
18:44:54.239,0.09
18:44:54.250,0.09
18:44:54.260,0.11
18:44:54.271,0.08
18:44:54.282,0.17
18:44:54.292,0.90
18:44:54.302,0.07
18:44:54.313,0.09
18:44:54.323,0.09
18:44:54.334,0.07
18:44:54.344,0.06
18:44:54.354,0.13
18:44:54.365,0.11
18:44:54.376,0.32
18:44:54.386,0.11
18:44:54.397,0.11
18:44:54.407,0.56
18:44:54.418,0.12
18:44:54.428,0.08
18:44:54.438,0.08
18:44:54.448,0.08
18:44:54.459,0.06
18:44:54.469,0.12
18:44:54.480,0.09
18:44:54.490,0.11
18:44:54.500,0.18
18:44:54.511,0.07
18:44:54.521,0.09
18:44:54.532,0.09
18:44:54.542,0.07
18:44:54.552,0.07
18:44:54.562,0.07
18:44:54.574,0.07
18:44:54.586,0.16
18:44:54.596,0.07
18:44:54.607,0.09
18:44:54.618,0.07
18:44:54.628,0.07
18:44:54.639,0.10
18:44:54.650,3.55
18:44:54.661,0.09
18:44:54.671,0.04
18:44:54.682,0.08
18:44:54.692,0.09
18:44:54.702,0.07
18:44:54.713,0.09
18:44:54.723,0.09
18:44:54.734,0.13
18:44:54.744,0.09
18:44:54.755,0.08
18:44:54.766,0.30
18:44:54.776,0.33
18:44:54.786,0.60
18:44:54.797,0.38
18:44:54.809,0.09
18:44:54.819,0.08
18:44:54.829,0.06
18:44:54.840,0.05
18:44:54.850,0.07
18:44:54.861,0.11
18:44:54.871,0.07
18:44:54.882,0.06
18:44:54.892,0.08
18:44:54.903,0.09
18:44:54.913,0.10
18:44:54.924,0.06
18:44:54.934,0.04
18:44:54.945,0.07
18:44:54.955,0.06
18:44:54.966,0.09
18:44:54.977,0.13
18:44:54.987,0.11
18:44:54.998,0.07
18:44:55.008,0.33
18:44:55.019,0.05
18:44:55.029,0.09
18:44:55.040,0.08
18:44:55.050,0.10
18:44:55.061,0.09
18:44:55.072,0.14
18:44:55.082,0.06
18:44:55.092,0.09
18:44:55.103,0.08
18:44:55.113,0.08
18:44:55.124,0.09
18:44:55.134,0.06
18:44:55.145,0.06
18:44:55.155,0.07
18:44:55.166,0.07
18:44:55.176,0.09
18:44:55.187,0.13
18:44:55.197,0.10
18:44:55.208,0.14
18:44:55.218,0.09
18:44:55.229,0.09
18:44:55.239,0.05
18:44:55.249,0.10
18:44:55.260,0.05
18:44:55.270,0.09
18:44:55.280,0.12
18:44:55.290,0.11
18:44:55.301,0.06
18:44:55.311,0.05
18:44:55.322,0.09
18:44:55.332,0.09
18:44:55.343,0.17
18:44:55.353,0.07
18:44:55.363,0.10
18:44:55.374,0.11
18:44:55.384,0.05
18:44:55.394,0.08
18:44:55.404,0.06
18:44:55.415,0.12
18:44:55.426,0.08
18:44:55.436,0.06
18:44:55.447,0.05
18:44:55.457,0.09
18:44:55.468,0.08
